2025-07-09 11:25:36,408 - INFO - 无需备份，文件不存在: zysj_herbal_data.json
2025-07-09 11:25:36,409 - INFO - 数据已保存到 zysj_herbal_data.json，当前共 0 条记录
2025-07-09 11:25:36,409 - INFO - 正在解析索引页面: https://www.zysj.com.cn/lilunshuji/zhongyaoxue/index.html
2025-07-09 11:25:39,287 - INFO - 使用 ul-li 结构解析药材分类和详情
2025-07-09 11:25:39,287 - INFO - 找到分类: 解表药
2025-07-09 11:25:39,287 - INFO - 找到子分类: 发散风寒药
2025-07-09 11:25:39,288 - INFO - 找到药材: 麻黄, 分类: 发散风寒药, URL: https://www.zysj.com.cn/lilunshuji/zhongyaoxue/1366.html
2025-07-09 11:25:39,288 - INFO - 找到药材: 桂枝, 分类: 发散风寒药, URL: https://www.zysj.com.cn/lilunshuji/zhongyaoxue/1367.html
2025-07-09 11:25:39,288 - INFO - 找到药材: 紫苏, 分类: 发散风寒药, URL: https://www.zysj.com.cn/lilunshuji/zhongyaoxue/1368.html
2025-07-09 11:25:39,288 - INFO - 找到药材: 荆芥, 分类: 发散风寒药, URL: https://www.zysj.com.cn/lilunshuji/zhongyaoxue/1369.html
2025-07-09 11:25:39,288 - INFO - 找到药材: 防风, 分类: 发散风寒药, URL: https://www.zysj.com.cn/lilunshuji/zhongyaoxue/1370.html
2025-07-09 11:25:39,289 - INFO - 找到药材: 羌活, 分类: 发散风寒药, URL: https://www.zysj.com.cn/lilunshuji/zhongyaoxue/1371.html
2025-07-09 11:25:39,289 - INFO - 找到药材: 细辛, 分类: 发散风寒药, URL: https://www.zysj.com.cn/lilunshuji/zhongyaoxue/1372.html
2025-07-09 11:25:39,289 - INFO - 找到药材: 白芷, 分类: 发散风寒药, URL: https://www.zysj.com.cn/lilunshuji/zhongyaoxue/1373.html
2025-07-09 11:25:39,289 - INFO - 找到药材: 藁本, 分类: 发散风寒药, URL: https://www.zysj.com.cn/lilunshuji/zhongyaoxue/1374.html
2025-07-09 11:25:39,289 - INFO - 找到药材: 香薷, 分类: 发散风寒药, URL: https://www.zysj.com.cn/lilunshuji/zhongyaoxue/1375.html
2025-07-09 11:25:39,289 - INFO - 找到药材: 生姜, 分类: 发散风寒药, URL: https://www.zysj.com.cn/lilunshuji/zhongyaoxue/1376.html
2025-07-09 11:25:39,289 - INFO - 找到药材: 葱白, 分类: 发散风寒药, URL: https://www.zysj.com.cn/lilunshuji/zhongyaoxue/1377.html
2025-07-09 11:25:39,289 - INFO - 找到药材: 辛夷, 分类: 发散风寒药, URL: https://www.zysj.com.cn/lilunshuji/zhongyaoxue/1378.html
2025-07-09 11:25:39,289 - INFO - 找到药材: 芫荽, 分类: 发散风寒药, URL: https://www.zysj.com.cn/lilunshuji/zhongyaoxue/1379.html
2025-07-09 11:25:39,289 - INFO - 找到药材: 麻黄, 分类: 发散风寒药, URL: https://www.zysj.com.cn/lilunshuji/zhongyaoxue/1366.html
2025-07-09 11:25:39,290 - INFO - 找到药材: 桂枝, 分类: 发散风寒药, URL: https://www.zysj.com.cn/lilunshuji/zhongyaoxue/1367.html
2025-07-09 11:25:39,290 - INFO - 找到药材: 紫苏, 分类: 发散风寒药, URL: https://www.zysj.com.cn/lilunshuji/zhongyaoxue/1368.html
2025-07-09 11:25:39,290 - INFO - 找到药材: 荆芥, 分类: 发散风寒药, URL: https://www.zysj.com.cn/lilunshuji/zhongyaoxue/1369.html
2025-07-09 11:25:39,290 - INFO - 找到药材: 防风, 分类: 发散风寒药, URL: https://www.zysj.com.cn/lilunshuji/zhongyaoxue/1370.html
2025-07-09 11:25:39,290 - INFO - 找到药材: 羌活, 分类: 发散风寒药, URL: https://www.zysj.com.cn/lilunshuji/zhongyaoxue/1371.html
2025-07-09 11:25:39,290 - INFO - 找到药材: 细辛, 分类: 发散风寒药, URL: https://www.zysj.com.cn/lilunshuji/zhongyaoxue/1372.html
2025-07-09 11:25:39,290 - INFO - 找到药材: 白芷, 分类: 发散风寒药, URL: https://www.zysj.com.cn/lilunshuji/zhongyaoxue/1373.html
2025-07-09 11:25:39,290 - INFO - 找到药材: 藁本, 分类: 发散风寒药, URL: https://www.zysj.com.cn/lilunshuji/zhongyaoxue/1374.html
2025-07-09 11:25:39,290 - INFO - 找到药材: 香薷, 分类: 发散风寒药, URL: https://www.zysj.com.cn/lilunshuji/zhongyaoxue/1375.html
2025-07-09 11:25:39,290 - INFO - 找到药材: 生姜, 分类: 发散风寒药, URL: https://www.zysj.com.cn/lilunshuji/zhongyaoxue/1376.html
2025-07-09 11:25:39,291 - INFO - 找到药材: 葱白, 分类: 发散风寒药, URL: https://www.zysj.com.cn/lilunshuji/zhongyaoxue/1377.html
2025-07-09 11:25:39,291 - INFO - 找到药材: 辛夷, 分类: 发散风寒药, URL: https://www.zysj.com.cn/lilunshuji/zhongyaoxue/1378.html
2025-07-09 11:25:39,291 - INFO - 找到药材: 芫荽, 分类: 发散风寒药, URL: https://www.zysj.com.cn/lilunshuji/zhongyaoxue/1379.html
2025-07-09 11:25:39,291 - INFO - 找到子分类: 发散风热药
2025-07-09 11:25:39,292 - INFO - 找到药材: 薄荷, 分类: 发散风热药, URL: https://www.zysj.com.cn/lilunshuji/zhongyaoxue/1381.html
2025-07-09 11:25:39,292 - INFO - 找到药材: 牛蒡子, 分类: 发散风热药, URL: https://www.zysj.com.cn/lilunshuji/zhongyaoxue/1382.html
2025-07-09 11:25:39,292 - INFO - 找到药材: 桑叶, 分类: 发散风热药, URL: https://www.zysj.com.cn/lilunshuji/zhongyaoxue/1383.html
2025-07-09 11:25:39,292 - INFO - 找到药材: 菊花, 分类: 发散风热药, URL: https://www.zysj.com.cn/lilunshuji/zhongyaoxue/1384.html
2025-07-09 11:25:39,292 - INFO - 找到药材: 葛根, 分类: 发散风热药, URL: https://www.zysj.com.cn/lilunshuji/zhongyaoxue/1385.html
2025-07-09 11:25:39,292 - INFO - 找到药材: 升麻, 分类: 发散风热药, URL: https://www.zysj.com.cn/lilunshuji/zhongyaoxue/1386.html
2025-07-09 11:25:39,292 - INFO - 找到药材: 柴胡, 分类: 发散风热药, URL: https://www.zysj.com.cn/lilunshuji/zhongyaoxue/1387.html
2025-07-09 11:25:39,292 - INFO - 找到药材: 豆鼓, 分类: 发散风热药, URL: https://www.zysj.com.cn/lilunshuji/zhongyaoxue/1388.html
2025-07-09 11:25:39,292 - INFO - 找到药材: 豆卷, 分类: 发散风热药, URL: https://www.zysj.com.cn/lilunshuji/zhongyaoxue/1389.html
2025-07-09 11:25:39,292 - INFO - 找到药材: 蝉蜕, 分类: 发散风热药, URL: https://www.zysj.com.cn/lilunshuji/zhongyaoxue/1390.html
2025-07-09 11:25:39,292 - INFO - 找到药材: 浮萍, 分类: 发散风热药, URL: https://www.zysj.com.cn/lilunshuji/zhongyaoxue/1391.html
2025-07-09 11:25:39,292 - INFO - 找到药材: 西河柳, 分类: 发散风热药, URL: https://www.zysj.com.cn/lilunshuji/zhongyaoxue/1392.html
2025-07-09 11:25:39,293 - INFO - 找到药材: 水蜈蚣, 分类: 发散风热药, URL: https://www.zysj.com.cn/lilunshuji/zhongyaoxue/1393.html
2025-07-09 11:25:39,293 - INFO - 找到药材: 天胡荽, 分类: 发散风热药, URL: https://www.zysj.com.cn/lilunshuji/zhongyaoxue/1394.html
2025-07-09 11:25:39,293 - INFO - 找到药材: 蔓荆子, 分类: 发散风热药, URL: https://www.zysj.com.cn/lilunshuji/zhongyaoxue/1395.html
2025-07-09 11:25:39,293 - INFO - 找到药材: 木贼草, 分类: 发散风热药, URL: https://www.zysj.com.cn/lilunshuji/zhongyaoxue/1396.html
2025-07-09 11:25:39,293 - INFO - 找到药材: 薄荷, 分类: 发散风热药, URL: https://www.zysj.com.cn/lilunshuji/zhongyaoxue/1381.html
2025-07-09 11:25:39,293 - INFO - 找到药材: 牛蒡子, 分类: 发散风热药, URL: https://www.zysj.com.cn/lilunshuji/zhongyaoxue/1382.html
2025-07-09 11:25:39,293 - INFO - 找到药材: 桑叶, 分类: 发散风热药, URL: https://www.zysj.com.cn/lilunshuji/zhongyaoxue/1383.html
2025-07-09 11:25:39,293 - INFO - 找到药材: 菊花, 分类: 发散风热药, URL: https://www.zysj.com.cn/lilunshuji/zhongyaoxue/1384.html
2025-07-09 11:25:39,293 - INFO - 找到药材: 葛根, 分类: 发散风热药, URL: https://www.zysj.com.cn/lilunshuji/zhongyaoxue/1385.html
2025-07-09 11:25:39,293 - INFO - 找到药材: 升麻, 分类: 发散风热药, URL: https://www.zysj.com.cn/lilunshuji/zhongyaoxue/1386.html
2025-07-09 11:25:39,293 - INFO - 找到药材: 柴胡, 分类: 发散风热药, URL: https://www.zysj.com.cn/lilunshuji/zhongyaoxue/1387.html
2025-07-09 11:25:39,293 - INFO - 找到药材: 豆鼓, 分类: 发散风热药, URL: https://www.zysj.com.cn/lilunshuji/zhongyaoxue/1388.html
2025-07-09 11:25:39,293 - INFO - 找到药材: 豆卷, 分类: 发散风热药, URL: https://www.zysj.com.cn/lilunshuji/zhongyaoxue/1389.html
2025-07-09 11:25:39,293 - INFO - 找到药材: 蝉蜕, 分类: 发散风热药, URL: https://www.zysj.com.cn/lilunshuji/zhongyaoxue/1390.html
2025-07-09 11:25:39,293 - INFO - 找到药材: 浮萍, 分类: 发散风热药, URL: https://www.zysj.com.cn/lilunshuji/zhongyaoxue/1391.html
2025-07-09 11:25:39,293 - INFO - 找到药材: 西河柳, 分类: 发散风热药, URL: https://www.zysj.com.cn/lilunshuji/zhongyaoxue/1392.html
2025-07-09 11:25:39,294 - INFO - 找到药材: 水蜈蚣, 分类: 发散风热药, URL: https://www.zysj.com.cn/lilunshuji/zhongyaoxue/1393.html
2025-07-09 11:25:39,294 - INFO - 找到药材: 天胡荽, 分类: 发散风热药, URL: https://www.zysj.com.cn/lilunshuji/zhongyaoxue/1394.html
2025-07-09 11:25:39,294 - INFO - 找到药材: 蔓荆子, 分类: 发散风热药, URL: https://www.zysj.com.cn/lilunshuji/zhongyaoxue/1395.html
2025-07-09 11:25:39,294 - INFO - 找到药材: 木贼草, 分类: 发散风热药, URL: https://www.zysj.com.cn/lilunshuji/zhongyaoxue/1396.html
2025-07-09 11:25:39,294 - INFO - 找到分类: 清热药
2025-07-09 11:25:39,294 - INFO - 找到子分类: 清热泻火药
2025-07-09 11:25:39,294 - INFO - 找到药材: 石膏, 分类: 清热泻火药, URL: https://www.zysj.com.cn/lilunshuji/zhongyaoxue/1401.html
2025-07-09 11:25:39,294 - INFO - 找到药材: 寒水石, 分类: 清热泻火药, URL: https://www.zysj.com.cn/lilunshuji/zhongyaoxue/1402.html
2025-07-09 11:25:39,295 - INFO - 找到药材: 知母, 分类: 清热泻火药, URL: https://www.zysj.com.cn/lilunshuji/zhongyaoxue/1403.html
2025-07-09 11:25:39,295 - INFO - 找到药材: 栀子, 分类: 清热泻火药, URL: https://www.zysj.com.cn/lilunshuji/zhongyaoxue/1404.html
2025-07-09 11:25:39,295 - INFO - 找到药材: 芦根, 分类: 清热泻火药, URL: https://www.zysj.com.cn/lilunshuji/zhongyaoxue/1405.html
2025-07-09 11:25:39,295 - INFO - 找到药材: 天花粉, 分类: 清热泻火药, URL: https://www.zysj.com.cn/lilunshuji/zhongyaoxue/1406.html
2025-07-09 11:25:39,295 - INFO - 找到药材: 鲜竹叶, 分类: 清热泻火药, URL: https://www.zysj.com.cn/lilunshuji/zhongyaoxue/1407.html
2025-07-09 11:25:39,295 - INFO - 找到药材: 淡竹叶, 分类: 清热泻火药, URL: https://www.zysj.com.cn/lilunshuji/zhongyaoxue/1408.html
2025-07-09 11:25:39,295 - INFO - 找到药材: 夏枯草, 分类: 清热泻火药, URL: https://www.zysj.com.cn/lilunshuji/zhongyaoxue/1409.html
2025-07-09 11:25:39,295 - INFO - 找到药材: 鸭跖草, 分类: 清热泻火药, URL: https://www.zysj.com.cn/lilunshuji/zhongyaoxue/1410.html
2025-07-09 11:25:39,295 - INFO - 找到药材: 西瓜皮, 分类: 清热泻火药, URL: https://www.zysj.com.cn/lilunshuji/zhongyaoxue/1411.html
2025-07-09 11:25:39,295 - INFO - 找到药材: 荷叶, 分类: 清热泻火药, URL: https://www.zysj.com.cn/lilunshuji/zhongyaoxue/1412.html
2025-07-09 11:25:39,295 - INFO - 找到药材: 莲子心, 分类: 清热泻火药, URL: https://www.zysj.com.cn/lilunshuji/zhongyaoxue/1413.html
2025-07-09 11:25:39,295 - INFO - 找到药材: 石膏, 分类: 清热泻火药, URL: https://www.zysj.com.cn/lilunshuji/zhongyaoxue/1401.html
2025-07-09 11:25:39,296 - INFO - 找到药材: 寒水石, 分类: 清热泻火药, URL: https://www.zysj.com.cn/lilunshuji/zhongyaoxue/1402.html
2025-07-09 11:25:39,296 - INFO - 找到药材: 知母, 分类: 清热泻火药, URL: https://www.zysj.com.cn/lilunshuji/zhongyaoxue/1403.html
2025-07-09 11:25:39,296 - INFO - 找到药材: 栀子, 分类: 清热泻火药, URL: https://www.zysj.com.cn/lilunshuji/zhongyaoxue/1404.html
2025-07-09 11:25:39,296 - INFO - 找到药材: 芦根, 分类: 清热泻火药, URL: https://www.zysj.com.cn/lilunshuji/zhongyaoxue/1405.html
2025-07-09 11:25:39,296 - INFO - 找到药材: 天花粉, 分类: 清热泻火药, URL: https://www.zysj.com.cn/lilunshuji/zhongyaoxue/1406.html
2025-07-09 11:25:39,296 - INFO - 找到药材: 鲜竹叶, 分类: 清热泻火药, URL: https://www.zysj.com.cn/lilunshuji/zhongyaoxue/1407.html
2025-07-09 11:25:39,296 - INFO - 找到药材: 淡竹叶, 分类: 清热泻火药, URL: https://www.zysj.com.cn/lilunshuji/zhongyaoxue/1408.html
2025-07-09 11:25:39,296 - INFO - 找到药材: 夏枯草, 分类: 清热泻火药, URL: https://www.zysj.com.cn/lilunshuji/zhongyaoxue/1409.html
2025-07-09 11:25:39,296 - INFO - 找到药材: 鸭跖草, 分类: 清热泻火药, URL: https://www.zysj.com.cn/lilunshuji/zhongyaoxue/1410.html
2025-07-09 11:25:39,296 - INFO - 找到药材: 西瓜皮, 分类: 清热泻火药, URL: https://www.zysj.com.cn/lilunshuji/zhongyaoxue/1411.html
2025-07-09 11:25:39,296 - INFO - 找到药材: 荷叶, 分类: 清热泻火药, URL: https://www.zysj.com.cn/lilunshuji/zhongyaoxue/1412.html
2025-07-09 11:25:39,296 - INFO - 找到药材: 莲子心, 分类: 清热泻火药, URL: https://www.zysj.com.cn/lilunshuji/zhongyaoxue/1413.html
2025-07-09 11:25:39,296 - INFO - 找到子分类: 清肝明目药
2025-07-09 11:25:39,296 - INFO - 找到药材: 青葙子, 分类: 清肝明目药, URL: https://www.zysj.com.cn/lilunshuji/zhongyaoxue/1415.html
2025-07-09 11:25:39,296 - INFO - 找到药材: 决明子, 分类: 清肝明目药, URL: https://www.zysj.com.cn/lilunshuji/zhongyaoxue/1416.html
2025-07-09 11:25:39,297 - INFO - 找到药材: 谷精草, 分类: 清肝明目药, URL: https://www.zysj.com.cn/lilunshuji/zhongyaoxue/1417.html
2025-07-09 11:25:39,297 - INFO - 找到药材: 密蒙花, 分类: 清肝明目药, URL: https://www.zysj.com.cn/lilunshuji/zhongyaoxue/1418.html
2025-07-09 11:25:39,297 - INFO - 找到药材: 夜明砂, 分类: 清肝明目药, URL: https://www.zysj.com.cn/lilunshuji/zhongyaoxue/1419.html
2025-07-09 11:25:39,297 - INFO - 找到药材: 千里光, 分类: 清肝明目药, URL: https://www.zysj.com.cn/lilunshuji/zhongyaoxue/1420.html
2025-07-09 11:25:39,297 - INFO - 找到药材: 青葙子, 分类: 清肝明目药, URL: https://www.zysj.com.cn/lilunshuji/zhongyaoxue/1415.html
2025-07-09 11:25:39,297 - INFO - 找到药材: 决明子, 分类: 清肝明目药, URL: https://www.zysj.com.cn/lilunshuji/zhongyaoxue/1416.html
2025-07-09 11:25:39,297 - INFO - 找到药材: 谷精草, 分类: 清肝明目药, URL: https://www.zysj.com.cn/lilunshuji/zhongyaoxue/1417.html
2025-07-09 11:25:39,297 - INFO - 找到药材: 密蒙花, 分类: 清肝明目药, URL: https://www.zysj.com.cn/lilunshuji/zhongyaoxue/1418.html
2025-07-09 11:25:39,297 - INFO - 找到药材: 夜明砂, 分类: 清肝明目药, URL: https://www.zysj.com.cn/lilunshuji/zhongyaoxue/1419.html
2025-07-09 11:25:39,297 - INFO - 找到药材: 千里光, 分类: 清肝明目药, URL: https://www.zysj.com.cn/lilunshuji/zhongyaoxue/1420.html
2025-07-09 11:25:39,297 - INFO - 找到子分类: 清热凉血药
2025-07-09 11:25:39,297 - INFO - 找到药材: 鲜生地（附：生地）, 分类: 清热凉血药, URL: https://www.zysj.com.cn/lilunshuji/zhongyaoxue/1422.html
2025-07-09 11:25:39,297 - INFO - 找到药材: 紫草, 分类: 清热凉血药, URL: https://www.zysj.com.cn/lilunshuji/zhongyaoxue/1423.html
2025-07-09 11:25:39,298 - INFO - 找到药材: 犀角, 分类: 清热凉血药, URL: https://www.zysj.com.cn/lilunshuji/zhongyaoxue/1424.html
2025-07-09 11:25:39,298 - INFO - 找到药材: 牛黄, 分类: 清热凉血药, URL: https://www.zysj.com.cn/lilunshuji/zhongyaoxue/1425.html
2025-07-09 11:25:39,298 - INFO - 找到药材: 牡丹皮, 分类: 清热凉血药, URL: https://www.zysj.com.cn/lilunshuji/zhongyaoxue/1426.html
2025-07-09 11:25:39,298 - INFO - 找到药材: 赤芍药, 分类: 清热凉血药, URL: https://www.zysj.com.cn/lilunshuji/zhongyaoxue/1427.html
2025-07-09 11:25:39,298 - INFO - 找到药材: 玄参, 分类: 清热凉血药, URL: https://www.zysj.com.cn/lilunshuji/zhongyaoxue/1429.html
2025-07-09 11:25:39,298 - INFO - 找到药材: 茅根（附：茅针花）, 分类: 清热凉血药, URL: https://www.zysj.com.cn/lilunshuji/zhongyaoxue/1430.html
2025-07-09 11:25:39,298 - INFO - 找到药材: 鲜生地（附：生地）, 分类: 清热凉血药, URL: https://www.zysj.com.cn/lilunshuji/zhongyaoxue/1422.html
2025-07-09 11:25:39,298 - INFO - 找到药材: 紫草, 分类: 清热凉血药, URL: https://www.zysj.com.cn/lilunshuji/zhongyaoxue/1423.html
2025-07-09 11:25:39,298 - INFO - 找到药材: 犀角, 分类: 清热凉血药, URL: https://www.zysj.com.cn/lilunshuji/zhongyaoxue/1424.html
2025-07-09 11:25:39,298 - INFO - 找到药材: 牛黄, 分类: 清热凉血药, URL: https://www.zysj.com.cn/lilunshuji/zhongyaoxue/1425.html
2025-07-09 11:25:39,298 - INFO - 找到药材: 牡丹皮, 分类: 清热凉血药, URL: https://www.zysj.com.cn/lilunshuji/zhongyaoxue/1426.html
2025-07-09 11:25:39,298 - INFO - 找到药材: 赤芍药, 分类: 清热凉血药, URL: https://www.zysj.com.cn/lilunshuji/zhongyaoxue/1427.html
2025-07-09 11:25:39,298 - INFO - 找到药材: 玄参, 分类: 清热凉血药, URL: https://www.zysj.com.cn/lilunshuji/zhongyaoxue/1429.html
2025-07-09 11:25:39,298 - INFO - 找到药材: 茅根（附：茅针花）, 分类: 清热凉血药, URL: https://www.zysj.com.cn/lilunshuji/zhongyaoxue/1430.html
2025-07-09 11:25:39,298 - INFO - 找到子分类: 清热解毒药
2025-07-09 11:25:39,299 - INFO - 找到药材: 连翘, 分类: 清热解毒药, URL: https://www.zysj.com.cn/lilunshuji/zhongyaoxue/1433.html
2025-07-09 11:25:39,299 - INFO - 找到药材: 蒲公英, 分类: 清热解毒药, URL: https://www.zysj.com.cn/lilunshuji/zhongyaoxue/1434.html
2025-07-09 11:25:39,299 - INFO - 找到药材: 山慈菇, 分类: 清热解毒药, URL: https://www.zysj.com.cn/lilunshuji/zhongyaoxue/1436.html
2025-07-09 11:25:39,299 - INFO - 找到药材: 漏芦, 分类: 清热解毒药, URL: https://www.zysj.com.cn/lilunshuji/zhongyaoxue/1437.html
2025-07-09 11:25:39,299 - INFO - 找到药材: 四季青, 分类: 清热解毒药, URL: https://www.zysj.com.cn/lilunshuji/zhongyaoxue/1438.html
2025-07-09 11:25:39,300 - INFO - 找到药材: 乌蔹莓, 分类: 清热解毒药, URL: https://www.zysj.com.cn/lilunshuji/zhongyaoxue/1439.html
2025-07-09 11:25:39,300 - INFO - 找到药材: 芙蓉花（附：芙蓉叶）, 分类: 清热解毒药, URL: https://www.zysj.com.cn/lilunshuji/zhongyaoxue/1440.html
2025-07-09 11:25:39,300 - INFO - 找到药材: 白蔹, 分类: 清热解毒药, URL: https://www.zysj.com.cn/lilunshuji/zhongyaoxue/1441.html
2025-07-09 11:25:39,300 - INFO - 找到药材: 鱼腥草, 分类: 清热解毒药, URL: https://www.zysj.com.cn/lilunshuji/zhongyaoxue/1442.html
2025-07-09 11:25:39,300 - INFO - 找到药材: 野荞麦根, 分类: 清热解毒药, URL: https://www.zysj.com.cn/lilunshuji/zhongyaoxue/1443.html
2025-07-09 11:25:39,300 - INFO - 找到药材: 虎耳草, 分类: 清热解毒药, URL: https://www.zysj.com.cn/lilunshuji/zhongyaoxue/1444.html
2025-07-09 11:25:39,300 - INFO - 找到药材: 红藤, 分类: 清热解毒药, URL: https://www.zysj.com.cn/lilunshuji/zhongyaoxue/1445.html
2025-07-09 11:25:39,300 - INFO - 找到药材: 败酱草, 分类: 清热解毒药, URL: https://www.zysj.com.cn/lilunshuji/zhongyaoxue/1446.html
2025-07-09 11:25:39,300 - INFO - 找到药材: 鬼针草, 分类: 清热解毒药, URL: https://www.zysj.com.cn/lilunshuji/zhongyaoxue/1447.html
2025-07-09 11:25:39,300 - INFO - 找到药材: 地耳草, 分类: 清热解毒药, URL: https://www.zysj.com.cn/lilunshuji/zhongyaoxue/1448.html
2025-07-09 11:25:39,300 - INFO - 找到药材: 垂盆草, 分类: 清热解毒药, URL: https://www.zysj.com.cn/lilunshuji/zhongyaoxue/1449.html
2025-07-09 11:25:39,300 - INFO - 找到药材: 土茯苓, 分类: 清热解毒药, URL: https://www.zysj.com.cn/lilunshuji/zhongyaoxue/1450.html
2025-07-09 11:25:39,300 - INFO - 找到药材: 马兰根, 分类: 清热解毒药, URL: https://www.zysj.com.cn/lilunshuji/zhongyaoxue/1451.html
2025-07-09 11:25:39,300 - INFO - 找到药材: 射干, 分类: 清热解毒药, URL: https://www.zysj.com.cn/lilunshuji/zhongyaoxue/1452.html
2025-07-09 11:25:39,301 - INFO - 找到药材: 山豆根, 分类: 清热解毒药, URL: https://www.zysj.com.cn/lilunshuji/zhongyaoxue/1453.html
2025-07-09 11:25:39,301 - INFO - 找到药材: 马勃, 分类: 清热解毒药, URL: https://www.zysj.com.cn/lilunshuji/zhongyaoxue/1454.html
2025-07-09 11:25:39,301 - INFO - 找到药材: 橄榄（附：金果榄）, 分类: 清热解毒药, URL: https://www.zysj.com.cn/lilunshuji/zhongyaoxue/1455.html
2025-07-09 11:25:39,301 - INFO - 找到药材: 白毛夏枯草, 分类: 清热解毒药, URL: https://www.zysj.com.cn/lilunshuji/zhongyaoxue/1456.html
2025-07-09 11:25:39,301 - INFO - 找到药材: 点地梅, 分类: 清热解毒药, URL: https://www.zysj.com.cn/lilunshuji/zhongyaoxue/1457.html
2025-07-09 11:25:39,301 - INFO - 找到药材: 一枝黄花, 分类: 清热解毒药, URL: https://www.zysj.com.cn/lilunshuji/zhongyaoxue/1458.html
2025-07-09 11:25:39,301 - INFO - 找到药材: 爵床, 分类: 清热解毒药, URL: https://www.zysj.com.cn/lilunshuji/zhongyaoxue/1459.html
2025-07-09 11:25:39,301 - INFO - 找到药材: 人中黄, 分类: 清热解毒药, URL: https://www.zysj.com.cn/lilunshuji/zhongyaoxue/1460.html
2025-07-09 11:25:39,301 - INFO - 找到药材: 白头翁, 分类: 清热解毒药, URL: https://www.zysj.com.cn/lilunshuji/zhongyaoxue/1462.html
2025-07-09 11:25:39,301 - INFO - 找到药材: 马齿苋, 分类: 清热解毒药, URL: https://www.zysj.com.cn/lilunshuji/zhongyaoxue/1463.html
2025-07-09 11:25:39,301 - INFO - 找到药材: 鸭胆子, 分类: 清热解毒药, URL: https://www.zysj.com.cn/lilunshuji/zhongyaoxue/1464.html
2025-07-09 11:25:39,301 - INFO - 找到药材: 橄核莲, 分类: 清热解毒药, URL: https://www.zysj.com.cn/lilunshuji/zhongyaoxue/1465.html
2025-07-09 11:25:39,301 - INFO - 找到药材: 小飞蓬, 分类: 清热解毒药, URL: https://www.zysj.com.cn/lilunshuji/zhongyaoxue/1466.html
2025-07-09 11:25:39,301 - INFO - 找到药材: 鸡眼草, 分类: 清热解毒药, URL: https://www.zysj.com.cn/lilunshuji/zhongyaoxue/1467.html
2025-07-09 11:25:39,301 - INFO - 找到药材: 叶下珠, 分类: 清热解毒药, URL: https://www.zysj.com.cn/lilunshuji/zhongyaoxue/1468.html
2025-07-09 11:25:39,302 - INFO - 找到药材: 绿豆（附：绿豆衣）, 分类: 清热解毒药, URL: https://www.zysj.com.cn/lilunshuji/zhongyaoxue/1469.html
2025-07-09 11:25:39,302 - INFO - 找到药材: 七叶一枝花, 分类: 清热解毒药, URL: https://www.zysj.com.cn/lilunshuji/zhongyaoxue/1470.html
2025-07-09 11:25:39,302 - INFO - 找到药材: 半枝莲, 分类: 清热解毒药, URL: https://www.zysj.com.cn/lilunshuji/zhongyaoxue/1471.html
2025-07-09 11:25:39,302 - INFO - 找到药材: 白英, 分类: 清热解毒药, URL: https://www.zysj.com.cn/lilunshuji/zhongyaoxue/1472.html
2025-07-09 11:25:39,302 - INFO - 找到药材: 龙葵, 分类: 清热解毒药, URL: https://www.zysj.com.cn/lilunshuji/zhongyaoxue/1473.html
2025-07-09 11:25:39,302 - INFO - 找到药材: 蛇莓, 分类: 清热解毒药, URL: https://www.zysj.com.cn/lilunshuji/zhongyaoxue/1474.html
2025-07-09 11:25:39,302 - INFO - 找到药材: 白花蛇舌草, 分类: 清热解毒药, URL: https://www.zysj.com.cn/lilunshuji/zhongyaoxue/1475.html
2025-07-09 11:25:39,302 - INFO - 找到药材: 凤尾草, 分类: 清热解毒药, URL: https://www.zysj.com.cn/lilunshuji/zhongyaoxue/1476.html
2025-07-09 11:25:39,302 - INFO - 找到药材: 猪殃殃, 分类: 清热解毒药, URL: https://www.zysj.com.cn/lilunshuji/zhongyaoxue/1477.html
2025-07-09 11:25:39,302 - INFO - 找到药材: 天葵子, 分类: 清热解毒药, URL: https://www.zysj.com.cn/lilunshuji/zhongyaoxue/1478.html
2025-07-09 11:25:39,302 - INFO - 找到药材: 藤梨根, 分类: 清热解毒药, URL: https://www.zysj.com.cn/lilunshuji/zhongyaoxue/1479.html
2025-07-09 11:25:39,302 - INFO - 找到药材: 猪胆汁, 分类: 清热解毒药, URL: https://www.zysj.com.cn/lilunshuji/zhongyaoxue/1480.html
2025-07-09 11:25:39,302 - INFO - 找到药材: 连翘, 分类: 清热解毒药, URL: https://www.zysj.com.cn/lilunshuji/zhongyaoxue/1433.html
2025-07-09 11:25:39,303 - INFO - 找到药材: 蒲公英, 分类: 清热解毒药, URL: https://www.zysj.com.cn/lilunshuji/zhongyaoxue/1434.html
2025-07-09 11:25:39,303 - INFO - 找到药材: 山慈菇, 分类: 清热解毒药, URL: https://www.zysj.com.cn/lilunshuji/zhongyaoxue/1436.html
2025-07-09 11:25:39,303 - INFO - 找到药材: 漏芦, 分类: 清热解毒药, URL: https://www.zysj.com.cn/lilunshuji/zhongyaoxue/1437.html
2025-07-09 11:25:39,303 - INFO - 找到药材: 四季青, 分类: 清热解毒药, URL: https://www.zysj.com.cn/lilunshuji/zhongyaoxue/1438.html
2025-07-09 11:25:39,303 - INFO - 找到药材: 乌蔹莓, 分类: 清热解毒药, URL: https://www.zysj.com.cn/lilunshuji/zhongyaoxue/1439.html
2025-07-09 11:25:39,303 - INFO - 找到药材: 芙蓉花（附：芙蓉叶）, 分类: 清热解毒药, URL: https://www.zysj.com.cn/lilunshuji/zhongyaoxue/1440.html
2025-07-09 11:25:39,303 - INFO - 找到药材: 白蔹, 分类: 清热解毒药, URL: https://www.zysj.com.cn/lilunshuji/zhongyaoxue/1441.html
2025-07-09 11:25:39,303 - INFO - 找到药材: 鱼腥草, 分类: 清热解毒药, URL: https://www.zysj.com.cn/lilunshuji/zhongyaoxue/1442.html
2025-07-09 11:25:39,303 - INFO - 找到药材: 野荞麦根, 分类: 清热解毒药, URL: https://www.zysj.com.cn/lilunshuji/zhongyaoxue/1443.html
2025-07-09 11:25:39,303 - INFO - 找到药材: 虎耳草, 分类: 清热解毒药, URL: https://www.zysj.com.cn/lilunshuji/zhongyaoxue/1444.html
2025-07-09 11:25:39,303 - INFO - 找到药材: 红藤, 分类: 清热解毒药, URL: https://www.zysj.com.cn/lilunshuji/zhongyaoxue/1445.html
2025-07-09 11:25:39,303 - INFO - 找到药材: 败酱草, 分类: 清热解毒药, URL: https://www.zysj.com.cn/lilunshuji/zhongyaoxue/1446.html
2025-07-09 11:25:39,303 - INFO - 找到药材: 鬼针草, 分类: 清热解毒药, URL: https://www.zysj.com.cn/lilunshuji/zhongyaoxue/1447.html
2025-07-09 11:25:39,303 - INFO - 找到药材: 地耳草, 分类: 清热解毒药, URL: https://www.zysj.com.cn/lilunshuji/zhongyaoxue/1448.html
2025-07-09 11:25:39,304 - INFO - 找到药材: 垂盆草, 分类: 清热解毒药, URL: https://www.zysj.com.cn/lilunshuji/zhongyaoxue/1449.html
2025-07-09 11:25:39,304 - INFO - 找到药材: 土茯苓, 分类: 清热解毒药, URL: https://www.zysj.com.cn/lilunshuji/zhongyaoxue/1450.html
2025-07-09 11:25:39,304 - INFO - 找到药材: 马兰根, 分类: 清热解毒药, URL: https://www.zysj.com.cn/lilunshuji/zhongyaoxue/1451.html
2025-07-09 11:25:39,304 - INFO - 找到药材: 射干, 分类: 清热解毒药, URL: https://www.zysj.com.cn/lilunshuji/zhongyaoxue/1452.html
2025-07-09 11:25:39,304 - INFO - 找到药材: 山豆根, 分类: 清热解毒药, URL: https://www.zysj.com.cn/lilunshuji/zhongyaoxue/1453.html
2025-07-09 11:25:39,304 - INFO - 找到药材: 马勃, 分类: 清热解毒药, URL: https://www.zysj.com.cn/lilunshuji/zhongyaoxue/1454.html
2025-07-09 11:25:39,304 - INFO - 找到药材: 橄榄（附：金果榄）, 分类: 清热解毒药, URL: https://www.zysj.com.cn/lilunshuji/zhongyaoxue/1455.html
2025-07-09 11:25:39,304 - INFO - 找到药材: 白毛夏枯草, 分类: 清热解毒药, URL: https://www.zysj.com.cn/lilunshuji/zhongyaoxue/1456.html
2025-07-09 11:25:39,304 - INFO - 找到药材: 点地梅, 分类: 清热解毒药, URL: https://www.zysj.com.cn/lilunshuji/zhongyaoxue/1457.html
2025-07-09 11:25:39,304 - INFO - 找到药材: 一枝黄花, 分类: 清热解毒药, URL: https://www.zysj.com.cn/lilunshuji/zhongyaoxue/1458.html
2025-07-09 11:25:39,304 - INFO - 找到药材: 爵床, 分类: 清热解毒药, URL: https://www.zysj.com.cn/lilunshuji/zhongyaoxue/1459.html
2025-07-09 11:25:39,304 - INFO - 找到药材: 人中黄, 分类: 清热解毒药, URL: https://www.zysj.com.cn/lilunshuji/zhongyaoxue/1460.html
2025-07-09 11:25:39,304 - INFO - 找到药材: 白头翁, 分类: 清热解毒药, URL: https://www.zysj.com.cn/lilunshuji/zhongyaoxue/1462.html
2025-07-09 11:25:39,304 - INFO - 找到药材: 马齿苋, 分类: 清热解毒药, URL: https://www.zysj.com.cn/lilunshuji/zhongyaoxue/1463.html
2025-07-09 11:25:39,304 - INFO - 找到药材: 鸭胆子, 分类: 清热解毒药, URL: https://www.zysj.com.cn/lilunshuji/zhongyaoxue/1464.html
2025-07-09 11:25:39,305 - INFO - 找到药材: 橄核莲, 分类: 清热解毒药, URL: https://www.zysj.com.cn/lilunshuji/zhongyaoxue/1465.html
2025-07-09 11:25:39,305 - INFO - 找到药材: 小飞蓬, 分类: 清热解毒药, URL: https://www.zysj.com.cn/lilunshuji/zhongyaoxue/1466.html
2025-07-09 11:25:39,305 - INFO - 找到药材: 鸡眼草, 分类: 清热解毒药, URL: https://www.zysj.com.cn/lilunshuji/zhongyaoxue/1467.html
2025-07-09 11:25:39,305 - INFO - 找到药材: 叶下珠, 分类: 清热解毒药, URL: https://www.zysj.com.cn/lilunshuji/zhongyaoxue/1468.html
2025-07-09 11:25:39,305 - INFO - 找到药材: 绿豆（附：绿豆衣）, 分类: 清热解毒药, URL: https://www.zysj.com.cn/lilunshuji/zhongyaoxue/1469.html
2025-07-09 11:25:39,305 - INFO - 找到药材: 七叶一枝花, 分类: 清热解毒药, URL: https://www.zysj.com.cn/lilunshuji/zhongyaoxue/1470.html
2025-07-09 11:25:39,305 - INFO - 找到药材: 半枝莲, 分类: 清热解毒药, URL: https://www.zysj.com.cn/lilunshuji/zhongyaoxue/1471.html
2025-07-09 11:25:39,305 - INFO - 找到药材: 白英, 分类: 清热解毒药, URL: https://www.zysj.com.cn/lilunshuji/zhongyaoxue/1472.html
2025-07-09 11:25:39,305 - INFO - 找到药材: 龙葵, 分类: 清热解毒药, URL: https://www.zysj.com.cn/lilunshuji/zhongyaoxue/1473.html
2025-07-09 11:25:39,305 - INFO - 找到药材: 蛇莓, 分类: 清热解毒药, URL: https://www.zysj.com.cn/lilunshuji/zhongyaoxue/1474.html
2025-07-09 11:25:39,305 - INFO - 找到药材: 白花蛇舌草, 分类: 清热解毒药, URL: https://www.zysj.com.cn/lilunshuji/zhongyaoxue/1475.html
2025-07-09 11:25:39,305 - INFO - 找到药材: 凤尾草, 分类: 清热解毒药, URL: https://www.zysj.com.cn/lilunshuji/zhongyaoxue/1476.html
2025-07-09 11:25:39,305 - INFO - 找到药材: 猪殃殃, 分类: 清热解毒药, URL: https://www.zysj.com.cn/lilunshuji/zhongyaoxue/1477.html
2025-07-09 11:25:39,306 - INFO - 找到药材: 天葵子, 分类: 清热解毒药, URL: https://www.zysj.com.cn/lilunshuji/zhongyaoxue/1478.html
2025-07-09 11:25:39,306 - INFO - 找到药材: 藤梨根, 分类: 清热解毒药, URL: https://www.zysj.com.cn/lilunshuji/zhongyaoxue/1479.html
2025-07-09 11:25:39,306 - INFO - 找到药材: 猪胆汁, 分类: 清热解毒药, URL: https://www.zysj.com.cn/lilunshuji/zhongyaoxue/1480.html
2025-07-09 11:25:39,306 - INFO - 找到子分类: 清热燥湿药
2025-07-09 11:25:39,306 - INFO - 找到药材: 黄连, 分类: 清热燥湿药, URL: https://www.zysj.com.cn/lilunshuji/zhongyaoxue/1482.html
2025-07-09 11:25:39,306 - INFO - 找到药材: 黄芩, 分类: 清热燥湿药, URL: https://www.zysj.com.cn/lilunshuji/zhongyaoxue/1483.html
2025-07-09 11:25:39,306 - INFO - 找到药材: 黄柏, 分类: 清热燥湿药, URL: https://www.zysj.com.cn/lilunshuji/zhongyaoxue/1484.html
2025-07-09 11:25:39,306 - INFO - 找到药材: 胡黄连, 分类: 清热燥湿药, URL: https://www.zysj.com.cn/lilunshuji/zhongyaoxue/1485.html
2025-07-09 11:25:39,306 - INFO - 找到药材: 龙胆草, 分类: 清热燥湿药, URL: https://www.zysj.com.cn/lilunshuji/zhongyaoxue/1486.html
2025-07-09 11:25:39,306 - INFO - 找到药材: 秦皮, 分类: 清热燥湿药, URL: https://www.zysj.com.cn/lilunshuji/zhongyaoxue/1487.html
2025-07-09 11:25:39,306 - INFO - 找到药材: 苦参, 分类: 清热燥湿药, URL: https://www.zysj.com.cn/lilunshuji/zhongyaoxue/1488.html
2025-07-09 11:25:39,306 - INFO - 找到药材: 白藓皮, 分类: 清热燥湿药, URL: https://www.zysj.com.cn/lilunshuji/zhongyaoxue/1489.html
2025-07-09 11:25:39,307 - INFO - 找到药材: 黄连, 分类: 清热燥湿药, URL: https://www.zysj.com.cn/lilunshuji/zhongyaoxue/1482.html
2025-07-09 11:25:39,307 - INFO - 找到药材: 黄芩, 分类: 清热燥湿药, URL: https://www.zysj.com.cn/lilunshuji/zhongyaoxue/1483.html
2025-07-09 11:25:39,307 - INFO - 找到药材: 黄柏, 分类: 清热燥湿药, URL: https://www.zysj.com.cn/lilunshuji/zhongyaoxue/1484.html
2025-07-09 11:25:39,307 - INFO - 找到药材: 胡黄连, 分类: 清热燥湿药, URL: https://www.zysj.com.cn/lilunshuji/zhongyaoxue/1485.html
2025-07-09 11:25:39,307 - INFO - 找到药材: 龙胆草, 分类: 清热燥湿药, URL: https://www.zysj.com.cn/lilunshuji/zhongyaoxue/1486.html
2025-07-09 11:25:39,307 - INFO - 找到药材: 秦皮, 分类: 清热燥湿药, URL: https://www.zysj.com.cn/lilunshuji/zhongyaoxue/1487.html
2025-07-09 11:25:39,307 - INFO - 找到药材: 苦参, 分类: 清热燥湿药, URL: https://www.zysj.com.cn/lilunshuji/zhongyaoxue/1488.html
2025-07-09 11:25:39,307 - INFO - 找到药材: 白藓皮, 分类: 清热燥湿药, URL: https://www.zysj.com.cn/lilunshuji/zhongyaoxue/1489.html
2025-07-09 11:25:39,307 - INFO - 找到子分类: 清虚热药
2025-07-09 11:25:39,307 - INFO - 找到药材: 银柴胡, 分类: 清虚热药, URL: https://www.zysj.com.cn/lilunshuji/zhongyaoxue/1491.html
2025-07-09 11:25:39,307 - INFO - 找到药材: 地骨皮, 分类: 清虚热药, URL: https://www.zysj.com.cn/lilunshuji/zhongyaoxue/1492.html
2025-07-09 11:25:39,307 - INFO - 找到药材: 青蒿, 分类: 清虚热药, URL: https://www.zysj.com.cn/lilunshuji/zhongyaoxue/1493.html
2025-07-09 11:25:39,307 - INFO - 找到药材: 白薇, 分类: 清虚热药, URL: https://www.zysj.com.cn/lilunshuji/zhongyaoxue/1494.html
2025-07-09 11:25:39,307 - INFO - 找到药材: 葎草, 分类: 清虚热药, URL: https://www.zysj.com.cn/lilunshuji/zhongyaoxue/1495.html
2025-07-09 11:25:39,308 - INFO - 找到药材: 银柴胡, 分类: 清虚热药, URL: https://www.zysj.com.cn/lilunshuji/zhongyaoxue/1491.html
2025-07-09 11:25:39,308 - INFO - 找到药材: 地骨皮, 分类: 清虚热药, URL: https://www.zysj.com.cn/lilunshuji/zhongyaoxue/1492.html
2025-07-09 11:25:39,308 - INFO - 找到药材: 青蒿, 分类: 清虚热药, URL: https://www.zysj.com.cn/lilunshuji/zhongyaoxue/1493.html
2025-07-09 11:25:39,308 - INFO - 找到药材: 白薇, 分类: 清虚热药, URL: https://www.zysj.com.cn/lilunshuji/zhongyaoxue/1494.html
2025-07-09 11:25:39,308 - INFO - 找到药材: 葎草, 分类: 清虚热药, URL: https://www.zysj.com.cn/lilunshuji/zhongyaoxue/1495.html
2025-07-09 11:25:39,308 - INFO - 找到分类: 泻下药
2025-07-09 11:25:39,308 - INFO - 找到子分类: 攻下药
2025-07-09 11:25:39,308 - INFO - 找到药材: 大黄, 分类: 攻下药, URL: https://www.zysj.com.cn/lilunshuji/zhongyaoxue/1500.html
2025-07-09 11:25:39,309 - INFO - 找到药材: 芒硝（附：西瓜霜）, 分类: 攻下药, URL: https://www.zysj.com.cn/lilunshuji/zhongyaoxue/1501.html
2025-07-09 11:25:39,309 - INFO - 找到药材: 铁扁担, 分类: 攻下药, URL: https://www.zysj.com.cn/lilunshuji/zhongyaoxue/1502.html
2025-07-09 11:25:39,309 - INFO - 找到药材: 番泻叶, 分类: 攻下药, URL: https://www.zysj.com.cn/lilunshuji/zhongyaoxue/1503.html
2025-07-09 11:25:39,309 - INFO - 找到药材: 芦荟, 分类: 攻下药, URL: https://www.zysj.com.cn/lilunshuji/zhongyaoxue/1504.html
2025-07-09 11:25:39,309 - INFO - 找到药材: 大黄, 分类: 攻下药, URL: https://www.zysj.com.cn/lilunshuji/zhongyaoxue/1500.html
2025-07-09 11:25:39,309 - INFO - 找到药材: 芒硝（附：西瓜霜）, 分类: 攻下药, URL: https://www.zysj.com.cn/lilunshuji/zhongyaoxue/1501.html
2025-07-09 11:25:39,309 - INFO - 找到药材: 铁扁担, 分类: 攻下药, URL: https://www.zysj.com.cn/lilunshuji/zhongyaoxue/1502.html
2025-07-09 11:25:39,309 - INFO - 找到药材: 番泻叶, 分类: 攻下药, URL: https://www.zysj.com.cn/lilunshuji/zhongyaoxue/1503.html
2025-07-09 11:25:39,309 - INFO - 找到药材: 芦荟, 分类: 攻下药, URL: https://www.zysj.com.cn/lilunshuji/zhongyaoxue/1504.html
2025-07-09 11:25:39,309 - INFO - 找到子分类: 润下药
2025-07-09 11:25:39,309 - INFO - 找到药材: 火麻仁, 分类: 润下药, URL: https://www.zysj.com.cn/lilunshuji/zhongyaoxue/1506.html
2025-07-09 11:25:39,309 - INFO - 找到药材: 郁李仁, 分类: 润下药, URL: https://www.zysj.com.cn/lilunshuji/zhongyaoxue/1507.html
2025-07-09 11:25:39,309 - INFO - 找到药材: 胡麻仁, 分类: 润下药, URL: https://www.zysj.com.cn/lilunshuji/zhongyaoxue/1508.html
2025-07-09 11:25:39,309 - INFO - 找到药材: 蜂蜜, 分类: 润下药, URL: https://www.zysj.com.cn/lilunshuji/zhongyaoxue/1509.html
2025-07-09 11:25:39,309 - INFO - 找到药材: 火麻仁, 分类: 润下药, URL: https://www.zysj.com.cn/lilunshuji/zhongyaoxue/1506.html
2025-07-09 11:25:39,310 - INFO - 找到药材: 郁李仁, 分类: 润下药, URL: https://www.zysj.com.cn/lilunshuji/zhongyaoxue/1507.html
2025-07-09 11:25:39,310 - INFO - 找到药材: 胡麻仁, 分类: 润下药, URL: https://www.zysj.com.cn/lilunshuji/zhongyaoxue/1508.html
2025-07-09 11:25:39,310 - INFO - 找到药材: 蜂蜜, 分类: 润下药, URL: https://www.zysj.com.cn/lilunshuji/zhongyaoxue/1509.html
2025-07-09 11:25:39,310 - INFO - 找到子分类: 峻下逐水药
2025-07-09 11:25:39,310 - INFO - 找到药材: 牵牛子, 分类: 峻下逐水药, URL: https://www.zysj.com.cn/lilunshuji/zhongyaoxue/1511.html
2025-07-09 11:25:39,310 - INFO - 找到药材: 甘遂, 分类: 峻下逐水药, URL: https://www.zysj.com.cn/lilunshuji/zhongyaoxue/1512.html
2025-07-09 11:25:39,310 - INFO - 找到药材: 大戟, 分类: 峻下逐水药, URL: https://www.zysj.com.cn/lilunshuji/zhongyaoxue/1513.html
2025-07-09 11:25:39,310 - INFO - 找到药材: 芫花, 分类: 峻下逐水药, URL: https://www.zysj.com.cn/lilunshuji/zhongyaoxue/1514.html
2025-07-09 11:25:39,310 - INFO - 找到药材: 续随子, 分类: 峻下逐水药, URL: https://www.zysj.com.cn/lilunshuji/zhongyaoxue/1515.html
2025-07-09 11:25:39,310 - INFO - 找到药材: 商陆, 分类: 峻下逐水药, URL: https://www.zysj.com.cn/lilunshuji/zhongyaoxue/1516.html
2025-07-09 11:25:39,310 - INFO - 找到药材: 乌臼根皮, 分类: 峻下逐水药, URL: https://www.zysj.com.cn/lilunshuji/zhongyaoxue/1517.html
2025-07-09 11:25:39,310 - INFO - 找到药材: 巴豆, 分类: 峻下逐水药, URL: https://www.zysj.com.cn/lilunshuji/zhongyaoxue/1518.html
2025-07-09 11:25:39,310 - INFO - 找到药材: 牵牛子, 分类: 峻下逐水药, URL: https://www.zysj.com.cn/lilunshuji/zhongyaoxue/1511.html
2025-07-09 11:25:39,310 - INFO - 找到药材: 甘遂, 分类: 峻下逐水药, URL: https://www.zysj.com.cn/lilunshuji/zhongyaoxue/1512.html
2025-07-09 11:25:39,311 - INFO - 找到药材: 大戟, 分类: 峻下逐水药, URL: https://www.zysj.com.cn/lilunshuji/zhongyaoxue/1513.html
2025-07-09 11:25:39,311 - INFO - 找到药材: 芫花, 分类: 峻下逐水药, URL: https://www.zysj.com.cn/lilunshuji/zhongyaoxue/1514.html
2025-07-09 11:25:39,311 - INFO - 找到药材: 续随子, 分类: 峻下逐水药, URL: https://www.zysj.com.cn/lilunshuji/zhongyaoxue/1515.html
2025-07-09 11:25:39,311 - INFO - 找到药材: 商陆, 分类: 峻下逐水药, URL: https://www.zysj.com.cn/lilunshuji/zhongyaoxue/1516.html
2025-07-09 11:25:39,311 - INFO - 找到药材: 乌臼根皮, 分类: 峻下逐水药, URL: https://www.zysj.com.cn/lilunshuji/zhongyaoxue/1517.html
2025-07-09 11:25:39,311 - INFO - 找到药材: 巴豆, 分类: 峻下逐水药, URL: https://www.zysj.com.cn/lilunshuji/zhongyaoxue/1518.html
2025-07-09 11:25:39,311 - INFO - 找到分类: 利水渗湿药
2025-07-09 11:25:39,311 - INFO - 找到药材: 茯苓, 分类: 利水渗湿药, URL: https://www.zysj.com.cn/lilunshuji/zhongyaoxue/1522.html
2025-07-09 11:25:39,312 - INFO - 找到药材: 猪苓, 分类: 利水渗湿药, URL: https://www.zysj.com.cn/lilunshuji/zhongyaoxue/1523.html
2025-07-09 11:25:39,312 - INFO - 找到药材: 泽泻, 分类: 利水渗湿药, URL: https://www.zysj.com.cn/lilunshuji/zhongyaoxue/1524.html
2025-07-09 11:25:39,312 - INFO - 找到药材: 薏苡仁, 分类: 利水渗湿药, URL: https://www.zysj.com.cn/lilunshuji/zhongyaoxue/1525.html
2025-07-09 11:25:39,312 - INFO - 找到药材: 灯心草, 分类: 利水渗湿药, URL: https://www.zysj.com.cn/lilunshuji/zhongyaoxue/1526.html
2025-07-09 11:25:39,312 - INFO - 找到药材: 通草（附：梗通草）, 分类: 利水渗湿药, URL: https://www.zysj.com.cn/lilunshuji/zhongyaoxue/1527.html
2025-07-09 11:25:39,312 - INFO - 找到药材: 冬葵子, 分类: 利水渗湿药, URL: https://www.zysj.com.cn/lilunshuji/zhongyaoxue/1528.html
2025-07-09 11:25:39,312 - INFO - 找到药材: 车前子（附：车前草）, 分类: 利水渗湿药, URL: https://www.zysj.com.cn/lilunshuji/zhongyaoxue/1529.html
2025-07-09 11:25:39,312 - INFO - 找到药材: 木通, 分类: 利水渗湿药, URL: https://www.zysj.com.cn/lilunshuji/zhongyaoxue/1530.html
2025-07-09 11:25:39,312 - INFO - 找到药材: 滑石, 分类: 利水渗湿药, URL: https://www.zysj.com.cn/lilunshuji/zhongyaoxue/1531.html
2025-07-09 11:25:39,312 - INFO - 找到药材: 金钱草（附：连钱草）, 分类: 利水渗湿药, URL: https://www.zysj.com.cn/lilunshuji/zhongyaoxue/1532.html
2025-07-09 11:25:39,313 - INFO - 找到药材: 海金沙, 分类: 利水渗湿药, URL: https://www.zysj.com.cn/lilunshuji/zhongyaoxue/1533.html
2025-07-09 11:25:39,313 - INFO - 找到药材: 石苇, 分类: 利水渗湿药, URL: https://www.zysj.com.cn/lilunshuji/zhongyaoxue/1534.html
2025-07-09 11:25:39,313 - INFO - 找到药材: 萹蓄, 分类: 利水渗湿药, URL: https://www.zysj.com.cn/lilunshuji/zhongyaoxue/1535.html
2025-07-09 11:25:39,313 - INFO - 找到药材: 瞿麦, 分类: 利水渗湿药, URL: https://www.zysj.com.cn/lilunshuji/zhongyaoxue/1536.html
2025-07-09 11:25:39,313 - INFO - 找到药材: 萆薢, 分类: 利水渗湿药, URL: https://www.zysj.com.cn/lilunshuji/zhongyaoxue/1537.html
2025-07-09 11:25:39,313 - INFO - 找到药材: 赤小豆, 分类: 利水渗湿药, URL: https://www.zysj.com.cn/lilunshuji/zhongyaoxue/1538.html
2025-07-09 11:25:39,313 - INFO - 找到药材: 玉米须, 分类: 利水渗湿药, URL: https://www.zysj.com.cn/lilunshuji/zhongyaoxue/1539.html
2025-07-09 11:25:39,313 - INFO - 找到药材: 葫芦壳, 分类: 利水渗湿药, URL: https://www.zysj.com.cn/lilunshuji/zhongyaoxue/1540.html
2025-07-09 11:25:39,313 - INFO - 找到药材: 冬瓜皮（附：冬瓜子）, 分类: 利水渗湿药, URL: https://www.zysj.com.cn/lilunshuji/zhongyaoxue/1541.html
2025-07-09 11:25:39,313 - INFO - 找到药材: 泽漆, 分类: 利水渗湿药, URL: https://www.zysj.com.cn/lilunshuji/zhongyaoxue/1542.html
2025-07-09 11:25:39,314 - INFO - 找到药材: 蝼蛄, 分类: 利水渗湿药, URL: https://www.zysj.com.cn/lilunshuji/zhongyaoxue/1543.html
2025-07-09 11:25:39,314 - INFO - 找到药材: 茵陈蒿（附：铃茵陈）, 分类: 利水渗湿药, URL: https://www.zysj.com.cn/lilunshuji/zhongyaoxue/1544.html
2025-07-09 11:25:39,314 - INFO - 找到药材: 地耳草, 分类: 利水渗湿药, URL: https://www.zysj.com.cn/lilunshuji/zhongyaoxue/1545.html
2025-07-09 11:25:39,314 - INFO - 找到药材: 垂盆草, 分类: 利水渗湿药, URL: https://www.zysj.com.cn/lilunshuji/zhongyaoxue/1546.html
2025-07-09 11:25:39,314 - INFO - 找到分类: 化湿药
2025-07-09 11:25:39,314 - INFO - 找到药材: 藿香, 分类: 化湿药, URL: https://www.zysj.com.cn/lilunshuji/zhongyaoxue/1550.html
2025-07-09 11:25:39,315 - INFO - 找到药材: 佩兰, 分类: 化湿药, URL: https://www.zysj.com.cn/lilunshuji/zhongyaoxue/1551.html
2025-07-09 11:25:39,315 - INFO - 找到药材: 苍朮, 分类: 化湿药, URL: https://www.zysj.com.cn/lilunshuji/zhongyaoxue/1554.html
2025-07-09 11:25:39,315 - INFO - 找到药材: 厚朴（附：厚朴花）, 分类: 化湿药, URL: https://www.zysj.com.cn/lilunshuji/zhongyaoxue/1555.html
2025-07-09 11:25:39,315 - INFO - 找到药材: 草豆蔻, 分类: 化湿药, URL: https://www.zysj.com.cn/lilunshuji/zhongyaoxue/1556.html
2025-07-09 11:25:39,316 - INFO - 找到药材: 草果, 分类: 化湿药, URL: https://www.zysj.com.cn/lilunshuji/zhongyaoxue/1557.html
2025-07-09 11:25:39,316 - INFO - 找到分类: 祛风湿药
2025-07-09 11:25:39,316 - INFO - 找到药材: 独活, 分类: 祛风湿药, URL: https://www.zysj.com.cn/lilunshuji/zhongyaoxue/1561.html
2025-07-09 11:25:39,316 - INFO - 找到药材: 威灵仙, 分类: 祛风湿药, URL: https://www.zysj.com.cn/lilunshuji/zhongyaoxue/1562.html
2025-07-09 11:25:39,316 - INFO - 找到药材: 秦艽, 分类: 祛风湿药, URL: https://www.zysj.com.cn/lilunshuji/zhongyaoxue/1563.html
2025-07-09 11:25:39,317 - INFO - 找到药材: 防己, 分类: 祛风湿药, URL: https://www.zysj.com.cn/lilunshuji/zhongyaoxue/1564.html
2025-07-09 11:25:39,317 - INFO - 找到药材: 臭梧桐, 分类: 祛风湿药, URL: https://www.zysj.com.cn/lilunshuji/zhongyaoxue/1565.html
2025-07-09 11:25:39,317 - INFO - 找到药材: 老鹤草, 分类: 祛风湿药, URL: https://www.zysj.com.cn/lilunshuji/zhongyaoxue/1566.html
2025-07-09 11:25:39,317 - INFO - 找到药材: 虎杖, 分类: 祛风湿药, URL: https://www.zysj.com.cn/lilunshuji/zhongyaoxue/1567.html
2025-07-09 11:25:39,319 - INFO - 找到药材: 透骨草（附：急性子）, 分类: 祛风湿药, URL: https://www.zysj.com.cn/lilunshuji/zhongyaoxue/1568.html
2025-07-09 11:25:39,320 - INFO - 找到药材: 桑寄生, 分类: 祛风湿药, URL: https://www.zysj.com.cn/lilunshuji/zhongyaoxue/1569.html
2025-07-09 11:25:39,320 - INFO - 找到药材: 五加皮, 分类: 祛风湿药, URL: https://www.zysj.com.cn/lilunshuji/zhongyaoxue/1570.html
2025-07-09 11:25:39,320 - INFO - 找到药材: 鹿啼草, 分类: 祛风湿药, URL: https://www.zysj.com.cn/lilunshuji/zhongyaoxue/1571.html
2025-07-09 11:25:39,320 - INFO - 找到药材: 豨签草, 分类: 祛风湿药, URL: https://www.zysj.com.cn/lilunshuji/zhongyaoxue/1572.html
2025-07-09 11:25:39,321 - INFO - 找到药材: 千年健, 分类: 祛风湿药, URL: https://www.zysj.com.cn/lilunshuji/zhongyaoxue/1573.html
2025-07-09 11:25:39,324 - INFO - 找到药材: 虎骨, 分类: 祛风湿药, URL: https://www.zysj.com.cn/lilunshuji/zhongyaoxue/1574.html
2025-07-09 11:25:39,324 - INFO - 找到药材: 白花蛇（附：乌梢蛇）, 分类: 祛风湿药, URL: https://www.zysj.com.cn/lilunshuji/zhongyaoxue/1575.html
2025-07-09 11:25:39,325 - INFO - 找到药材: 徐长卿, 分类: 祛风湿药, URL: https://www.zysj.com.cn/lilunshuji/zhongyaoxue/1576.html
2025-07-09 11:25:39,325 - INFO - 找到药材: 桑枝, 分类: 祛风湿药, URL: https://www.zysj.com.cn/lilunshuji/zhongyaoxue/1577.html
2025-07-09 11:25:39,325 - INFO - 找到药材: 络石藤（附：海风藤）, 分类: 祛风湿药, URL: https://www.zysj.com.cn/lilunshuji/zhongyaoxue/1578.html
2025-07-09 11:25:39,325 - INFO - 找到药材: 寻骨风（附：丝瓜络）, 分类: 祛风湿药, URL: https://www.zysj.com.cn/lilunshuji/zhongyaoxue/1579.html
2025-07-09 11:25:39,325 - INFO - 找到药材: 接骨木, 分类: 祛风湿药, URL: https://www.zysj.com.cn/lilunshuji/zhongyaoxue/1580.html
2025-07-09 11:25:39,325 - INFO - 找到药材: 木瓜, 分类: 祛风湿药, URL: https://www.zysj.com.cn/lilunshuji/zhongyaoxue/1581.html
2025-07-09 11:25:39,326 - INFO - 找到药材: 蜇砂, 分类: 祛风湿药, URL: https://www.zysj.com.cn/lilunshuji/zhongyaoxue/1582.html
2025-07-09 11:25:39,326 - INFO - 找到药材: 海桐皮, 分类: 祛风湿药, URL: https://www.zysj.com.cn/lilunshuji/zhongyaoxue/1584.html
2025-07-09 11:25:39,326 - INFO - 找到分类: 理气药
2025-07-09 11:25:39,326 - INFO - 找到药材: 理气药应注意事项, 分类: 理气药, URL: https://www.zysj.com.cn/lilunshuji/zhongyaoxue/1614.html
2025-07-09 11:25:39,326 - INFO - 找到药材: 枳实, 分类: 理气药, URL: https://www.zysj.com.cn/lilunshuji/zhongyaoxue/1588.html
2025-07-09 11:25:39,327 - INFO - 找到药材: 瓜蒌皮（附：全栝蒌）, 分类: 理气药, URL: https://www.zysj.com.cn/lilunshuji/zhongyaoxue/1589.html
2025-07-09 11:25:39,327 - INFO - 找到药材: 木香, 分类: 理气药, URL: https://www.zysj.com.cn/lilunshuji/zhongyaoxue/1590.html
2025-07-09 11:25:39,327 - INFO - 找到药材: 乌药, 分类: 理气药, URL: https://www.zysj.com.cn/lilunshuji/zhongyaoxue/1591.html
2025-07-09 11:25:39,327 - INFO - 找到药材: 檀香, 分类: 理气药, URL: https://www.zysj.com.cn/lilunshuji/zhongyaoxue/1592.html
2025-07-09 11:25:39,328 - INFO - 找到药材: 甘松, 分类: 理气药, URL: https://www.zysj.com.cn/lilunshuji/zhongyaoxue/1593.html
2025-07-09 11:25:39,328 - INFO - 找到药材: 九香虫, 分类: 理气药, URL: https://www.zysj.com.cn/lilunshuji/zhongyaoxue/1594.html
2025-07-09 11:25:39,328 - INFO - 找到药材: 路路通（附：白胶香）, 分类: 理气药, URL: https://www.zysj.com.cn/lilunshuji/zhongyaoxue/1595.html
2025-07-09 11:25:39,329 - INFO - 找到药材: 大腹皮, 分类: 理气药, URL: https://www.zysj.com.cn/lilunshuji/zhongyaoxue/1596.html
2025-07-09 11:25:39,329 - INFO - 找到药材: 枸橘, 分类: 理气药, URL: https://www.zysj.com.cn/lilunshuji/zhongyaoxue/1598.html
2025-07-09 11:25:39,329 - INFO - 找到药材: 川楝子, 分类: 理气药, URL: https://www.zysj.com.cn/lilunshuji/zhongyaoxue/1599.html
2025-07-09 11:25:39,329 - INFO - 找到药材: 香附, 分类: 理气药, URL: https://www.zysj.com.cn/lilunshuji/zhongyaoxue/1600.html
2025-07-09 11:25:39,330 - INFO - 找到药材: 佛手（附：佛手花）, 分类: 理气药, URL: https://www.zysj.com.cn/lilunshuji/zhongyaoxue/1601.html
2025-07-09 11:25:39,330 - INFO - 找到药材: 香橼, 分类: 理气药, URL: https://www.zysj.com.cn/lilunshuji/zhongyaoxue/1602.html
2025-07-09 11:25:39,330 - INFO - 找到药材: 八月札, 分类: 理气药, URL: https://www.zysj.com.cn/lilunshuji/zhongyaoxue/1603.html
2025-07-09 11:25:39,330 - INFO - 找到药材: 娑罗子, 分类: 理气药, URL: https://www.zysj.com.cn/lilunshuji/zhongyaoxue/1604.html
2025-07-09 11:25:39,331 - INFO - 找到药材: 玫瑰花（附：代代花）, 分类: 理气药, URL: https://www.zysj.com.cn/lilunshuji/zhongyaoxue/1605.html
2025-07-09 11:25:39,331 - INFO - 找到药材: 绿萼梅（附：白残花）, 分类: 理气药, URL: https://www.zysj.com.cn/lilunshuji/zhongyaoxue/1606.html
2025-07-09 11:25:39,331 - INFO - 找到药材: 荔枝核, 分类: 理气药, URL: https://www.zysj.com.cn/lilunshuji/zhongyaoxue/1607.html
2025-07-09 11:25:39,332 - INFO - 找到药材: 旋覆花（附：旋覆梗）, 分类: 理气药, URL: https://www.zysj.com.cn/lilunshuji/zhongyaoxue/1608.html
2025-07-09 11:25:39,332 - INFO - 找到药材: 代赭石, 分类: 理气药, URL: https://www.zysj.com.cn/lilunshuji/zhongyaoxue/1609.html
2025-07-09 11:25:39,332 - INFO - 找到药材: 沉香, 分类: 理气药, URL: https://www.zysj.com.cn/lilunshuji/zhongyaoxue/1610.html
2025-07-09 11:25:39,333 - INFO - 找到药材: 丁香, 分类: 理气药, URL: https://www.zysj.com.cn/lilunshuji/zhongyaoxue/1611.html
2025-07-09 11:25:39,333 - INFO - 找到药材: 柿蒂（附：柿霜）, 分类: 理气药, URL: https://www.zysj.com.cn/lilunshuji/zhongyaoxue/1612.html
2025-07-09 11:25:39,333 - INFO - 找到分类: 活血祛瘀药
2025-07-09 11:25:39,335 - INFO - 找到药材: 川芎, 分类: 活血祛瘀药, URL: https://www.zysj.com.cn/lilunshuji/zhongyaoxue/1616.html
2025-07-09 11:25:39,336 - INFO - 找到药材: 丹参, 分类: 活血祛瘀药, URL: https://www.zysj.com.cn/lilunshuji/zhongyaoxue/1617.html
2025-07-09 11:25:39,336 - INFO - 找到药材: 桃仁（附：瘪桃干）, 分类: 活血祛瘀药, URL: https://www.zysj.com.cn/lilunshuji/zhongyaoxue/1618.html
2025-07-09 11:25:39,337 - INFO - 找到药材: 红花, 分类: 活血祛瘀药, URL: https://www.zysj.com.cn/lilunshuji/zhongyaoxue/1619.html
2025-07-09 11:25:39,337 - INFO - 找到药材: 泽兰, 分类: 活血祛瘀药, URL: https://www.zysj.com.cn/lilunshuji/zhongyaoxue/1620.html
2025-07-09 11:25:39,337 - INFO - 找到药材: 马鞭草, 分类: 活血祛瘀药, URL: https://www.zysj.com.cn/lilunshuji/zhongyaoxue/1621.html
2025-07-09 11:25:39,337 - INFO - 找到药材: 乳香, 分类: 活血祛瘀药, URL: https://www.zysj.com.cn/lilunshuji/zhongyaoxue/1622.html
2025-07-09 11:25:39,337 - INFO - 找到药材: 没药, 分类: 活血祛瘀药, URL: https://www.zysj.com.cn/lilunshuji/zhongyaoxue/1623.html
2025-07-09 11:25:39,338 - INFO - 找到药材: 五灵脂, 分类: 活血祛瘀药, URL: https://www.zysj.com.cn/lilunshuji/zhongyaoxue/1624.html
2025-07-09 11:25:39,338 - INFO - 找到药材: 郁金, 分类: 活血祛瘀药, URL: https://www.zysj.com.cn/lilunshuji/zhongyaoxue/1625.html
2025-07-09 11:25:39,338 - INFO - 找到药材: 延胡索, 分类: 活血祛瘀药, URL: https://www.zysj.com.cn/lilunshuji/zhongyaoxue/1626.html
2025-07-09 11:25:39,339 - INFO - 找到药材: 姜黄, 分类: 活血祛瘀药, URL: https://www.zysj.com.cn/lilunshuji/zhongyaoxue/1627.html
2025-07-09 11:25:39,339 - INFO - 找到药材: 降香, 分类: 活血祛瘀药, URL: https://www.zysj.com.cn/lilunshuji/zhongyaoxue/1628.html
2025-07-09 11:25:39,339 - INFO - 找到药材: 夏天无, 分类: 活血祛瘀药, URL: https://www.zysj.com.cn/lilunshuji/zhongyaoxue/1629.html
2025-07-09 11:25:39,340 - INFO - 找到药材: 月季花, 分类: 活血祛瘀药, URL: https://www.zysj.com.cn/lilunshuji/zhongyaoxue/1630.html
2025-07-09 11:25:39,340 - INFO - 找到药材: 益母草, 分类: 活血祛瘀药, URL: https://www.zysj.com.cn/lilunshuji/zhongyaoxue/1631.html
2025-07-09 11:25:39,340 - INFO - 找到药材: 鸡血藤, 分类: 活血祛瘀药, URL: https://www.zysj.com.cn/lilunshuji/zhongyaoxue/1632.html
2025-07-09 11:25:39,340 - INFO - 找到药材: 穿山甲, 分类: 活血祛瘀药, URL: https://www.zysj.com.cn/lilunshuji/zhongyaoxue/1633.html
2025-07-09 11:25:39,340 - INFO - 找到药材: 王不留行, 分类: 活血祛瘀药, URL: https://www.zysj.com.cn/lilunshuji/zhongyaoxue/1634.html
2025-07-09 11:25:39,340 - INFO - 找到药材: 牛膝, 分类: 活血祛瘀药, URL: https://www.zysj.com.cn/lilunshuji/zhongyaoxue/1635.html
2025-07-09 11:25:39,341 - INFO - 找到药材: 苏木, 分类: 活血祛瘀药, URL: https://www.zysj.com.cn/lilunshuji/zhongyaoxue/1636.html
2025-07-09 11:25:39,342 - INFO - 找到药材: 刘寄奴, 分类: 活血祛瘀药, URL: https://www.zysj.com.cn/lilunshuji/zhongyaoxue/1637.html
2025-07-09 11:25:39,342 - INFO - 找到药材: 荆三棱, 分类: 活血祛瘀药, URL: https://www.zysj.com.cn/lilunshuji/zhongyaoxue/1638.html
2025-07-09 11:25:39,346 - INFO - 找到药材: 蓬莪朮, 分类: 活血祛瘀药, URL: https://www.zysj.com.cn/lilunshuji/zhongyaoxue/1639.html
2025-07-09 11:25:39,346 - INFO - 找到药材: 蟅虫, 分类: 活血祛瘀药, URL: https://www.zysj.com.cn/lilunshuji/zhongyaoxue/1640.html
2025-07-09 11:25:39,346 - INFO - 找到药材: 水蛭, 分类: 活血祛瘀药, URL: https://www.zysj.com.cn/lilunshuji/zhongyaoxue/1641.html
2025-07-09 11:25:39,346 - INFO - 找到药材: 虻虫, 分类: 活血祛瘀药, URL: https://www.zysj.com.cn/lilunshuji/zhongyaoxue/1642.html
2025-07-09 11:25:39,346 - INFO - 找到药材: 干漆（附：阿魏）, 分类: 活血祛瘀药, URL: https://www.zysj.com.cn/lilunshuji/zhongyaoxue/1643.html
2025-07-09 11:25:39,347 - INFO - 找到药材: 凌霄花, 分类: 活血祛瘀药, URL: https://www.zysj.com.cn/lilunshuji/zhongyaoxue/1644.html
2025-07-09 11:25:39,347 - INFO - 找到药材: 自然铜, 分类: 活血祛瘀药, URL: https://www.zysj.com.cn/lilunshuji/zhongyaoxue/1645.html
2025-07-09 11:25:39,347 - INFO - 找到药材: 水红花子, 分类: 活血祛瘀药, URL: https://www.zysj.com.cn/lilunshuji/zhongyaoxue/1646.html
2025-07-09 11:25:39,347 - INFO - 找到分类: 止血药
2025-07-09 11:25:39,348 - INFO - 找到药材: 仙鹤草, 分类: 止血药, URL: https://www.zysj.com.cn/lilunshuji/zhongyaoxue/1650.html
2025-07-09 11:25:39,348 - INFO - 找到药材: 紫珠, 分类: 止血药, URL: https://www.zysj.com.cn/lilunshuji/zhongyaoxue/1651.html
2025-07-09 11:25:39,349 - INFO - 找到药材: 白芨, 分类: 止血药, URL: https://www.zysj.com.cn/lilunshuji/zhongyaoxue/1652.html
2025-07-09 11:25:39,350 - INFO - 找到药材: 蚕豆花, 分类: 止血药, URL: https://www.zysj.com.cn/lilunshuji/zhongyaoxue/1653.html
2025-07-09 11:25:39,351 - INFO - 找到药材: 荠菜花, 分类: 止血药, URL: https://www.zysj.com.cn/lilunshuji/zhongyaoxue/1654.html
2025-07-09 11:25:39,352 - INFO - 找到药材: 铁苋菜, 分类: 止血药, URL: https://www.zysj.com.cn/lilunshuji/zhongyaoxue/1655.html
2025-07-09 11:25:39,352 - INFO - 找到药材: 地锦草, 分类: 止血药, URL: https://www.zysj.com.cn/lilunshuji/zhongyaoxue/1656.html
2025-07-09 11:25:39,353 - INFO - 找到药材: 艾叶, 分类: 止血药, URL: https://www.zysj.com.cn/lilunshuji/zhongyaoxue/1657.html
2025-07-09 11:25:39,353 - INFO - 找到药材: 灶心土, 分类: 止血药, URL: https://www.zysj.com.cn/lilunshuji/zhongyaoxue/1658.html
2025-07-09 11:25:39,354 - INFO - 找到药材: 大蓟, 分类: 止血药, URL: https://www.zysj.com.cn/lilunshuji/zhongyaoxue/1659.html
2025-07-09 11:25:39,355 - INFO - 找到药材: 侧柏叶, 分类: 止血药, URL: https://www.zysj.com.cn/lilunshuji/zhongyaoxue/1660.html
2025-07-09 11:25:39,355 - INFO - 找到药材: 山茶花, 分类: 止血药, URL: https://www.zysj.com.cn/lilunshuji/zhongyaoxue/1661.html
2025-07-09 11:25:39,355 - INFO - 找到药材: 羊蹄根, 分类: 止血药, URL: https://www.zysj.com.cn/lilunshuji/zhongyaoxue/1662.html
2025-07-09 11:25:39,356 - INFO - 找到药材: 万年青根, 分类: 止血药, URL: https://www.zysj.com.cn/lilunshuji/zhongyaoxue/1663.html
2025-07-09 11:25:39,356 - INFO - 找到药材: 槐花, 分类: 止血药, URL: https://www.zysj.com.cn/lilunshuji/zhongyaoxue/1664.html
2025-07-09 11:25:39,356 - INFO - 找到药材: 地榆, 分类: 止血药, URL: https://www.zysj.com.cn/lilunshuji/zhongyaoxue/1665.html
2025-07-09 11:25:39,356 - INFO - 找到药材: 茜草（附：茜草藤）, 分类: 止血药, URL: https://www.zysj.com.cn/lilunshuji/zhongyaoxue/1666.html
2025-07-09 11:25:39,356 - INFO - 找到药材: 蒲黄, 分类: 止血药, URL: https://www.zysj.com.cn/lilunshuji/zhongyaoxue/1667.html
2025-07-09 11:25:39,357 - INFO - 找到药材: 棕榈炭, 分类: 止血药, URL: https://www.zysj.com.cn/lilunshuji/zhongyaoxue/1668.html
2025-07-09 11:25:39,357 - INFO - 找到药材: 血余炭, 分类: 止血药, URL: https://www.zysj.com.cn/lilunshuji/zhongyaoxue/1669.html
2025-07-09 11:25:39,357 - INFO - 找到药材: 藕节, 分类: 止血药, URL: https://www.zysj.com.cn/lilunshuji/zhongyaoxue/1670.html
2025-07-09 11:25:39,357 - INFO - 找到药材: 百草霜, 分类: 止血药, URL: https://www.zysj.com.cn/lilunshuji/zhongyaoxue/1671.html
2025-07-09 11:25:39,357 - INFO - 找到药材: 牛角"角思", 分类: 止血药, URL: https://www.zysj.com.cn/lilunshuji/zhongyaoxue/1672.html
2025-07-09 11:25:39,358 - INFO - 找到药材: 墓头回, 分类: 止血药, URL: https://www.zysj.com.cn/lilunshuji/zhongyaoxue/1673.html
2025-07-09 11:25:39,358 - INFO - 找到药材: 参三七, 分类: 止血药, URL: https://www.zysj.com.cn/lilunshuji/zhongyaoxue/1674.html
2025-07-09 11:25:39,358 - INFO - 找到药材: 花蕊石, 分类: 止血药, URL: https://www.zysj.com.cn/lilunshuji/zhongyaoxue/1675.html
2025-07-09 11:25:39,358 - INFO - 找到分类: 消食药
2025-07-09 11:25:39,359 - INFO - 找到药材: 山楂, 分类: 消食药, URL: https://www.zysj.com.cn/lilunshuji/zhongyaoxue/1680.html
2025-07-09 11:25:39,360 - INFO - 找到药材: 六曲, 分类: 消食药, URL: https://www.zysj.com.cn/lilunshuji/zhongyaoxue/1681.html
2025-07-09 11:25:39,360 - INFO - 找到药材: 鸡内金, 分类: 消食药, URL: https://www.zysj.com.cn/lilunshuji/zhongyaoxue/1682.html
2025-07-09 11:25:39,360 - INFO - 找到药材: 麦芽, 分类: 消食药, URL: https://www.zysj.com.cn/lilunshuji/zhongyaoxue/1683.html
2025-07-09 11:25:39,362 - INFO - 找到药材: 谷芽, 分类: 消食药, URL: https://www.zysj.com.cn/lilunshuji/zhongyaoxue/1684.html
2025-07-09 11:25:39,363 - INFO - 找到药材: 阿魏, 分类: 消食药, URL: https://www.zysj.com.cn/lilunshuji/zhongyaoxue/1685.html
2025-07-09 11:25:39,364 - INFO - 找到分类: 驱虫药
2025-07-09 11:25:39,364 - INFO - 找到药材: 苦楝根皮, 分类: 驱虫药, URL: https://www.zysj.com.cn/lilunshuji/zhongyaoxue/1689.html
2025-07-09 11:25:39,370 - INFO - 找到药材: 使君子, 分类: 驱虫药, URL: https://www.zysj.com.cn/lilunshuji/zhongyaoxue/1690.html
2025-07-09 11:25:39,372 - INFO - 找到药材: 槟榔, 分类: 驱虫药, URL: https://www.zysj.com.cn/lilunshuji/zhongyaoxue/1691.html
2025-07-09 11:25:39,372 - INFO - 找到药材: 番瓜子, 分类: 驱虫药, URL: https://www.zysj.com.cn/lilunshuji/zhongyaoxue/1692.html
2025-07-09 11:25:39,373 - INFO - 找到药材: 雷丸, 分类: 驱虫药, URL: https://www.zysj.com.cn/lilunshuji/zhongyaoxue/1693.html
2025-07-09 11:25:39,373 - INFO - 找到药材: 鹤虱, 分类: 驱虫药, URL: https://www.zysj.com.cn/lilunshuji/zhongyaoxue/1694.html
2025-07-09 11:25:39,373 - INFO - 找到药材: 芜荑, 分类: 驱虫药, URL: https://www.zysj.com.cn/lilunshuji/zhongyaoxue/1695.html
2025-07-09 11:25:39,373 - INFO - 找到药材: 榧子, 分类: 驱虫药, URL: https://www.zysj.com.cn/lilunshuji/zhongyaoxue/1696.html
2025-07-09 11:25:39,374 - INFO - 找到药材: 贯众, 分类: 驱虫药, URL: https://www.zysj.com.cn/lilunshuji/zhongyaoxue/1697.html
2025-07-09 11:25:39,374 - INFO - 找到药材: 大蒜, 分类: 驱虫药, URL: https://www.zysj.com.cn/lilunshuji/zhongyaoxue/1698.html
2025-07-09 11:25:39,374 - INFO - 找到分类: 化痰止咳平喘药
2025-07-09 11:25:39,374 - INFO - 找到子分类: 温化寒痰药
2025-07-09 11:25:39,375 - INFO - 找到药材: 半夏, 分类: 温化寒痰药, URL: https://www.zysj.com.cn/lilunshuji/zhongyaoxue/1703.html
2025-07-09 11:25:39,375 - INFO - 找到药材: 天南星（附：胆南星）, 分类: 温化寒痰药, URL: https://www.zysj.com.cn/lilunshuji/zhongyaoxue/1704.html
2025-07-09 11:25:39,375 - INFO - 找到药材: 白附子, 分类: 温化寒痰药, URL: https://www.zysj.com.cn/lilunshuji/zhongyaoxue/1705.html
2025-07-09 11:25:39,375 - INFO - 找到药材: 皂荚（附：牙皂）, 分类: 温化寒痰药, URL: https://www.zysj.com.cn/lilunshuji/zhongyaoxue/1706.html
2025-07-09 11:25:39,375 - INFO - 找到药材: 苏子, 分类: 温化寒痰药, URL: https://www.zysj.com.cn/lilunshuji/zhongyaoxue/1707.html
2025-07-09 11:25:39,375 - INFO - 找到药材: 白芥子, 分类: 温化寒痰药, URL: https://www.zysj.com.cn/lilunshuji/zhongyaoxue/1708.html
2025-07-09 11:25:39,375 - INFO - 找到药材: 桔梗, 分类: 温化寒痰药, URL: https://www.zysj.com.cn/lilunshuji/zhongyaoxue/1709.html
2025-07-09 11:25:39,376 - INFO - 找到药材: 旋覆花（附：旋覆梗）, 分类: 温化寒痰药, URL: https://www.zysj.com.cn/lilunshuji/zhongyaoxue/1710.html
2025-07-09 11:25:39,376 - INFO - 找到药材: 白前, 分类: 温化寒痰药, URL: https://www.zysj.com.cn/lilunshuji/zhongyaoxue/1711.html
2025-07-09 11:25:39,376 - INFO - 找到药材: 石胡荽, 分类: 温化寒痰药, URL: https://www.zysj.com.cn/lilunshuji/zhongyaoxue/1713.html
2025-07-09 11:25:39,376 - INFO - 找到药材: 半夏, 分类: 温化寒痰药, URL: https://www.zysj.com.cn/lilunshuji/zhongyaoxue/1703.html
2025-07-09 11:25:39,377 - INFO - 找到药材: 天南星（附：胆南星）, 分类: 温化寒痰药, URL: https://www.zysj.com.cn/lilunshuji/zhongyaoxue/1704.html
2025-07-09 11:25:39,377 - INFO - 找到药材: 白附子, 分类: 温化寒痰药, URL: https://www.zysj.com.cn/lilunshuji/zhongyaoxue/1705.html
2025-07-09 11:25:39,377 - INFO - 找到药材: 皂荚（附：牙皂）, 分类: 温化寒痰药, URL: https://www.zysj.com.cn/lilunshuji/zhongyaoxue/1706.html
2025-07-09 11:25:39,379 - INFO - 找到药材: 苏子, 分类: 温化寒痰药, URL: https://www.zysj.com.cn/lilunshuji/zhongyaoxue/1707.html
2025-07-09 11:25:39,379 - INFO - 找到药材: 白芥子, 分类: 温化寒痰药, URL: https://www.zysj.com.cn/lilunshuji/zhongyaoxue/1708.html
2025-07-09 11:25:39,379 - INFO - 找到药材: 桔梗, 分类: 温化寒痰药, URL: https://www.zysj.com.cn/lilunshuji/zhongyaoxue/1709.html
2025-07-09 11:25:39,379 - INFO - 找到药材: 旋覆花（附：旋覆梗）, 分类: 温化寒痰药, URL: https://www.zysj.com.cn/lilunshuji/zhongyaoxue/1710.html
2025-07-09 11:25:39,379 - INFO - 找到药材: 白前, 分类: 温化寒痰药, URL: https://www.zysj.com.cn/lilunshuji/zhongyaoxue/1711.html
2025-07-09 11:25:39,379 - INFO - 找到药材: 石胡荽, 分类: 温化寒痰药, URL: https://www.zysj.com.cn/lilunshuji/zhongyaoxue/1713.html
2025-07-09 11:25:39,380 - INFO - 找到子分类: 清化热痰药
2025-07-09 11:25:39,380 - INFO - 找到药材: 贝母, 分类: 清化热痰药, URL: https://www.zysj.com.cn/lilunshuji/zhongyaoxue/1715.html
2025-07-09 11:25:39,380 - INFO - 找到药材: 前胡, 分类: 清化热痰药, URL: https://www.zysj.com.cn/lilunshuji/zhongyaoxue/1716.html
2025-07-09 11:25:39,380 - INFO - 找到药材: 瓜蒌, 分类: 清化热痰药, URL: https://www.zysj.com.cn/lilunshuji/zhongyaoxue/1717.html
2025-07-09 11:25:39,381 - INFO - 找到药材: 竹茹（附：竹沥）, 分类: 清化热痰药, URL: https://www.zysj.com.cn/lilunshuji/zhongyaoxue/1718.html
2025-07-09 11:25:39,381 - INFO - 找到药材: 天竺黄, 分类: 清化热痰药, URL: https://www.zysj.com.cn/lilunshuji/zhongyaoxue/1719.html
2025-07-09 11:25:39,381 - INFO - 找到药材: 猴枣, 分类: 清化热痰药, URL: https://www.zysj.com.cn/lilunshuji/zhongyaoxue/1720.html
2025-07-09 11:25:39,383 - INFO - 找到药材: 礞石, 分类: 清化热痰药, URL: https://www.zysj.com.cn/lilunshuji/zhongyaoxue/1721.html
2025-07-09 11:25:39,383 - INFO - 找到药材: 海蛤壳, 分类: 清化热痰药, URL: https://www.zysj.com.cn/lilunshuji/zhongyaoxue/1722.html
2025-07-09 11:25:39,383 - INFO - 找到药材: 海浮石, 分类: 清化热痰药, URL: https://www.zysj.com.cn/lilunshuji/zhongyaoxue/1723.html
2025-07-09 11:25:39,383 - INFO - 找到药材: 葶苈子, 分类: 清化热痰药, URL: https://www.zysj.com.cn/lilunshuji/zhongyaoxue/1724.html
2025-07-09 11:25:39,383 - INFO - 找到药材: 昆布, 分类: 清化热痰药, URL: https://www.zysj.com.cn/lilunshuji/zhongyaoxue/1725.html
2025-07-09 11:25:39,383 - INFO - 找到药材: 海藻, 分类: 清化热痰药, URL: https://www.zysj.com.cn/lilunshuji/zhongyaoxue/1726.html
2025-07-09 11:25:39,384 - INFO - 找到药材: 黄药脂, 分类: 清化热痰药, URL: https://www.zysj.com.cn/lilunshuji/zhongyaoxue/1727.html
2025-07-09 11:25:39,384 - INFO - 找到药材: 荸荠, 分类: 清化热痰药, URL: https://www.zysj.com.cn/lilunshuji/zhongyaoxue/1728.html
2025-07-09 11:25:39,384 - INFO - 找到药材: 胖大海, 分类: 清化热痰药, URL: https://www.zysj.com.cn/lilunshuji/zhongyaoxue/1730.html
2025-07-09 11:25:39,384 - INFO - 找到药材: 木蝴蝶, 分类: 清化热痰药, URL: https://www.zysj.com.cn/lilunshuji/zhongyaoxue/1731.html
2025-07-09 11:25:39,384 - INFO - 找到药材: 贝母, 分类: 清化热痰药, URL: https://www.zysj.com.cn/lilunshuji/zhongyaoxue/1715.html
2025-07-09 11:25:39,384 - INFO - 找到药材: 前胡, 分类: 清化热痰药, URL: https://www.zysj.com.cn/lilunshuji/zhongyaoxue/1716.html
2025-07-09 11:25:39,384 - INFO - 找到药材: 瓜蒌, 分类: 清化热痰药, URL: https://www.zysj.com.cn/lilunshuji/zhongyaoxue/1717.html
2025-07-09 11:25:39,385 - INFO - 找到药材: 竹茹（附：竹沥）, 分类: 清化热痰药, URL: https://www.zysj.com.cn/lilunshuji/zhongyaoxue/1718.html
2025-07-09 11:25:39,385 - INFO - 找到药材: 天竺黄, 分类: 清化热痰药, URL: https://www.zysj.com.cn/lilunshuji/zhongyaoxue/1719.html
2025-07-09 11:25:39,385 - INFO - 找到药材: 猴枣, 分类: 清化热痰药, URL: https://www.zysj.com.cn/lilunshuji/zhongyaoxue/1720.html
2025-07-09 11:25:39,385 - INFO - 找到药材: 礞石, 分类: 清化热痰药, URL: https://www.zysj.com.cn/lilunshuji/zhongyaoxue/1721.html
2025-07-09 11:25:39,385 - INFO - 找到药材: 海蛤壳, 分类: 清化热痰药, URL: https://www.zysj.com.cn/lilunshuji/zhongyaoxue/1722.html
2025-07-09 11:25:39,385 - INFO - 找到药材: 海浮石, 分类: 清化热痰药, URL: https://www.zysj.com.cn/lilunshuji/zhongyaoxue/1723.html
2025-07-09 11:25:39,385 - INFO - 找到药材: 葶苈子, 分类: 清化热痰药, URL: https://www.zysj.com.cn/lilunshuji/zhongyaoxue/1724.html
2025-07-09 11:25:39,385 - INFO - 找到药材: 昆布, 分类: 清化热痰药, URL: https://www.zysj.com.cn/lilunshuji/zhongyaoxue/1725.html
2025-07-09 11:25:39,385 - INFO - 找到药材: 海藻, 分类: 清化热痰药, URL: https://www.zysj.com.cn/lilunshuji/zhongyaoxue/1726.html
2025-07-09 11:25:39,385 - INFO - 找到药材: 黄药脂, 分类: 清化热痰药, URL: https://www.zysj.com.cn/lilunshuji/zhongyaoxue/1727.html
2025-07-09 11:25:39,386 - INFO - 找到药材: 荸荠, 分类: 清化热痰药, URL: https://www.zysj.com.cn/lilunshuji/zhongyaoxue/1728.html
2025-07-09 11:25:39,386 - INFO - 找到药材: 胖大海, 分类: 清化热痰药, URL: https://www.zysj.com.cn/lilunshuji/zhongyaoxue/1730.html
2025-07-09 11:25:39,386 - INFO - 找到药材: 木蝴蝶, 分类: 清化热痰药, URL: https://www.zysj.com.cn/lilunshuji/zhongyaoxue/1731.html
2025-07-09 11:25:39,386 - INFO - 找到子分类: 止咳平喘药
2025-07-09 11:25:39,387 - INFO - 找到药材: 杏仁（附：甜杏仁）, 分类: 止咳平喘药, URL: https://www.zysj.com.cn/lilunshuji/zhongyaoxue/1733.html
2025-07-09 11:25:39,388 - INFO - 找到药材: 枇杷叶, 分类: 止咳平喘药, URL: https://www.zysj.com.cn/lilunshuji/zhongyaoxue/1735.html
2025-07-09 11:25:39,388 - INFO - 找到药材: 鼠曲草, 分类: 止咳平喘药, URL: https://www.zysj.com.cn/lilunshuji/zhongyaoxue/1736.html
2025-07-09 11:25:39,388 - INFO - 找到药材: 蔊菜, 分类: 止咳平喘药, URL: https://www.zysj.com.cn/lilunshuji/zhongyaoxue/1737.html
2025-07-09 11:25:39,388 - INFO - 找到药材: 款冬花, 分类: 止咳平喘药, URL: https://www.zysj.com.cn/lilunshuji/zhongyaoxue/1739.html
2025-07-09 11:25:39,388 - INFO - 找到药材: 紫菀, 分类: 止咳平喘药, URL: https://www.zysj.com.cn/lilunshuji/zhongyaoxue/1740.html
2025-07-09 11:25:39,389 - INFO - 找到药材: 百部, 分类: 止咳平喘药, URL: https://www.zysj.com.cn/lilunshuji/zhongyaoxue/1741.html
2025-07-09 11:25:39,389 - INFO - 找到药材: 桑白皮, 分类: 止咳平喘药, URL: https://www.zysj.com.cn/lilunshuji/zhongyaoxue/1742.html
2025-07-09 11:25:39,389 - INFO - 找到药材: 千日红, 分类: 止咳平喘药, URL: https://www.zysj.com.cn/lilunshuji/zhongyaoxue/1745.html
2025-07-09 11:25:39,389 - INFO - 找到药材: 钟乳石, 分类: 止咳平喘药, URL: https://www.zysj.com.cn/lilunshuji/zhongyaoxue/1746.html
2025-07-09 11:25:39,389 - INFO - 找到药材: 杏仁（附：甜杏仁）, 分类: 止咳平喘药, URL: https://www.zysj.com.cn/lilunshuji/zhongyaoxue/1733.html
2025-07-09 11:25:39,389 - INFO - 找到药材: 枇杷叶, 分类: 止咳平喘药, URL: https://www.zysj.com.cn/lilunshuji/zhongyaoxue/1735.html
2025-07-09 11:25:39,389 - INFO - 找到药材: 鼠曲草, 分类: 止咳平喘药, URL: https://www.zysj.com.cn/lilunshuji/zhongyaoxue/1736.html
2025-07-09 11:25:39,389 - INFO - 找到药材: 蔊菜, 分类: 止咳平喘药, URL: https://www.zysj.com.cn/lilunshuji/zhongyaoxue/1737.html
2025-07-09 11:25:39,389 - INFO - 找到药材: 款冬花, 分类: 止咳平喘药, URL: https://www.zysj.com.cn/lilunshuji/zhongyaoxue/1739.html
2025-07-09 11:25:39,389 - INFO - 找到药材: 紫菀, 分类: 止咳平喘药, URL: https://www.zysj.com.cn/lilunshuji/zhongyaoxue/1740.html
2025-07-09 11:25:39,390 - INFO - 找到药材: 百部, 分类: 止咳平喘药, URL: https://www.zysj.com.cn/lilunshuji/zhongyaoxue/1741.html
2025-07-09 11:25:39,390 - INFO - 找到药材: 桑白皮, 分类: 止咳平喘药, URL: https://www.zysj.com.cn/lilunshuji/zhongyaoxue/1742.html
2025-07-09 11:25:39,390 - INFO - 找到药材: 千日红, 分类: 止咳平喘药, URL: https://www.zysj.com.cn/lilunshuji/zhongyaoxue/1745.html
2025-07-09 11:25:39,390 - INFO - 找到药材: 钟乳石, 分类: 止咳平喘药, URL: https://www.zysj.com.cn/lilunshuji/zhongyaoxue/1746.html
2025-07-09 11:25:39,390 - INFO - 找到分类: 祛寒药
2025-07-09 11:25:39,391 - INFO - 找到药材: 肉桂, 分类: 祛寒药, URL: https://www.zysj.com.cn/lilunshuji/zhongyaoxue/1752.html
2025-07-09 11:25:39,392 - INFO - 找到药材: 干姜, 分类: 祛寒药, URL: https://www.zysj.com.cn/lilunshuji/zhongyaoxue/1753.html
2025-07-09 11:25:39,392 - INFO - 找到药材: 吴茱萸, 分类: 祛寒药, URL: https://www.zysj.com.cn/lilunshuji/zhongyaoxue/1754.html
2025-07-09 11:25:39,392 - INFO - 找到药材: 高良姜（附：红豆寇）, 分类: 祛寒药, URL: https://www.zysj.com.cn/lilunshuji/zhongyaoxue/1755.html
2025-07-09 11:25:39,393 - INFO - 找到药材: 蜀椒（附：椒目）, 分类: 祛寒药, URL: https://www.zysj.com.cn/lilunshuji/zhongyaoxue/1756.html
2025-07-09 11:25:39,393 - INFO - 找到药材: 胡椒, 分类: 祛寒药, URL: https://www.zysj.com.cn/lilunshuji/zhongyaoxue/1757.html
2025-07-09 11:25:39,393 - INFO - 找到药材: 荜菝, 分类: 祛寒药, URL: https://www.zysj.com.cn/lilunshuji/zhongyaoxue/1758.html
2025-07-09 11:25:39,393 - INFO - 找到药材: 毕澄茄, 分类: 祛寒药, URL: https://www.zysj.com.cn/lilunshuji/zhongyaoxue/1759.html
2025-07-09 11:25:39,393 - INFO - 找到药材: 丁香, 分类: 祛寒药, URL: https://www.zysj.com.cn/lilunshuji/zhongyaoxue/1760.html
2025-07-09 11:25:39,394 - INFO - 找到药材: 小茴香, 分类: 祛寒药, URL: https://www.zysj.com.cn/lilunshuji/zhongyaoxue/1761.html
2025-07-09 11:25:39,394 - INFO - 找到分类: 开窍药
2025-07-09 11:25:39,394 - INFO - 找到药材: 麝香, 分类: 开窍药, URL: https://www.zysj.com.cn/lilunshuji/zhongyaoxue/1765.html
2025-07-09 11:25:39,394 - INFO - 找到药材: 冰片, 分类: 开窍药, URL: https://www.zysj.com.cn/lilunshuji/zhongyaoxue/1766.html
2025-07-09 11:25:39,394 - INFO - 找到药材: 苏合香, 分类: 开窍药, URL: https://www.zysj.com.cn/lilunshuji/zhongyaoxue/1767.html
2025-07-09 11:25:39,395 - INFO - 找到药材: 石菖蒲, 分类: 开窍药, URL: https://www.zysj.com.cn/lilunshuji/zhongyaoxue/1768.html
2025-07-09 11:25:39,395 - INFO - 找到分类: 平肝息风药
2025-07-09 11:25:39,395 - INFO - 找到药材: 羚羊角, 分类: 平肝息风药, URL: https://www.zysj.com.cn/lilunshuji/zhongyaoxue/1772.html
2025-07-09 11:25:39,395 - INFO - 找到药材: 山羊角, 分类: 平肝息风药, URL: https://www.zysj.com.cn/lilunshuji/zhongyaoxue/1773.html
2025-07-09 11:25:39,395 - INFO - 找到药材: 石决明, 分类: 平肝息风药, URL: https://www.zysj.com.cn/lilunshuji/zhongyaoxue/1774.html
2025-07-09 11:25:39,396 - INFO - 找到药材: 天麻, 分类: 平肝息风药, URL: https://www.zysj.com.cn/lilunshuji/zhongyaoxue/1775.html
2025-07-09 11:25:39,397 - INFO - 找到药材: 钩藤, 分类: 平肝息风药, URL: https://www.zysj.com.cn/lilunshuji/zhongyaoxue/1776.html
2025-07-09 11:25:39,397 - INFO - 找到药材: 白蒺藜, 分类: 平肝息风药, URL: https://www.zysj.com.cn/lilunshuji/zhongyaoxue/1777.html
2025-07-09 11:25:39,397 - INFO - 找到药材: 橹豆衣, 分类: 平肝息风药, URL: https://www.zysj.com.cn/lilunshuji/zhongyaoxue/1778.html
2025-07-09 11:25:39,398 - INFO - 找到药材: 代赭石, 分类: 平肝息风药, URL: https://www.zysj.com.cn/lilunshuji/zhongyaoxue/1779.html
2025-07-09 11:25:39,398 - INFO - 找到药材: 蚯蚓, 分类: 平肝息风药, URL: https://www.zysj.com.cn/lilunshuji/zhongyaoxue/1780.html
2025-07-09 11:25:39,398 - INFO - 找到药材: 僵蚕（附：僵茧壳）, 分类: 平肝息风药, URL: https://www.zysj.com.cn/lilunshuji/zhongyaoxue/1781.html
2025-07-09 11:25:39,398 - INFO - 找到药材: 贝齿, 分类: 平肝息风药, URL: https://www.zysj.com.cn/lilunshuji/zhongyaoxue/1782.html
2025-07-09 11:25:39,398 - INFO - 找到药材: 玳瑁, 分类: 平肝息风药, URL: https://www.zysj.com.cn/lilunshuji/zhongyaoxue/1783.html
2025-07-09 11:25:39,399 - INFO - 找到药材: 马宝（附：狗宝）, 分类: 平肝息风药, URL: https://www.zysj.com.cn/lilunshuji/zhongyaoxue/1784.html
2025-07-09 11:25:39,399 - INFO - 找到药材: 紫石英（附：白石英）, 分类: 平肝息风药, URL: https://www.zysj.com.cn/lilunshuji/zhongyaoxue/1785.html
2025-07-09 11:25:39,399 - INFO - 找到药材: 全蝎, 分类: 平肝息风药, URL: https://www.zysj.com.cn/lilunshuji/zhongyaoxue/1786.html
2025-07-09 11:25:39,399 - INFO - 找到药材: 蜈蚣, 分类: 平肝息风药, URL: https://www.zysj.com.cn/lilunshuji/zhongyaoxue/1787.html
2025-07-09 11:25:39,400 - INFO - 找到药材: 壁虎, 分类: 平肝息风药, URL: https://www.zysj.com.cn/lilunshuji/zhongyaoxue/1788.html
2025-07-09 11:25:39,400 - INFO - 找到分类: 安神药
2025-07-09 11:25:39,400 - INFO - 找到子分类: 重镇安神药
2025-07-09 11:25:39,400 - INFO - 找到药材: 朱砂, 分类: 重镇安神药, URL: https://www.zysj.com.cn/lilunshuji/zhongyaoxue/1793.html
2025-07-09 11:25:39,400 - INFO - 找到药材: 磁石, 分类: 重镇安神药, URL: https://www.zysj.com.cn/lilunshuji/zhongyaoxue/1794.html
2025-07-09 11:25:39,401 - INFO - 找到药材: 龙骨（附：龙齿）, 分类: 重镇安神药, URL: https://www.zysj.com.cn/lilunshuji/zhongyaoxue/1795.html
2025-07-09 11:25:39,401 - INFO - 找到药材: 牡蛎, 分类: 重镇安神药, URL: https://www.zysj.com.cn/lilunshuji/zhongyaoxue/1796.html
2025-07-09 11:25:39,401 - INFO - 找到药材: 琥珀, 分类: 重镇安神药, URL: https://www.zysj.com.cn/lilunshuji/zhongyaoxue/1797.html
2025-07-09 11:25:39,401 - INFO - 找到药材: 珍珠（附：珍珠母）, 分类: 重镇安神药, URL: https://www.zysj.com.cn/lilunshuji/zhongyaoxue/1798.html
2025-07-09 11:25:39,401 - INFO - 找到药材: 朱砂, 分类: 重镇安神药, URL: https://www.zysj.com.cn/lilunshuji/zhongyaoxue/1793.html
2025-07-09 11:25:39,401 - INFO - 找到药材: 磁石, 分类: 重镇安神药, URL: https://www.zysj.com.cn/lilunshuji/zhongyaoxue/1794.html
2025-07-09 11:25:39,402 - INFO - 找到药材: 龙骨（附：龙齿）, 分类: 重镇安神药, URL: https://www.zysj.com.cn/lilunshuji/zhongyaoxue/1795.html
2025-07-09 11:25:39,402 - INFO - 找到药材: 牡蛎, 分类: 重镇安神药, URL: https://www.zysj.com.cn/lilunshuji/zhongyaoxue/1796.html
2025-07-09 11:25:39,402 - INFO - 找到药材: 琥珀, 分类: 重镇安神药, URL: https://www.zysj.com.cn/lilunshuji/zhongyaoxue/1797.html
2025-07-09 11:25:39,402 - INFO - 找到药材: 珍珠（附：珍珠母）, 分类: 重镇安神药, URL: https://www.zysj.com.cn/lilunshuji/zhongyaoxue/1798.html
2025-07-09 11:25:39,402 - INFO - 找到子分类: 养心安神药
2025-07-09 11:25:39,402 - INFO - 找到药材: 酸枣仁, 分类: 养心安神药, URL: https://www.zysj.com.cn/lilunshuji/zhongyaoxue/1800.html
2025-07-09 11:25:39,402 - INFO - 找到药材: 柏子仁, 分类: 养心安神药, URL: https://www.zysj.com.cn/lilunshuji/zhongyaoxue/1801.html
2025-07-09 11:25:39,403 - INFO - 找到药材: 远志, 分类: 养心安神药, URL: https://www.zysj.com.cn/lilunshuji/zhongyaoxue/1802.html
2025-07-09 11:25:39,403 - INFO - 找到药材: 夜交藤, 分类: 养心安神药, URL: https://www.zysj.com.cn/lilunshuji/zhongyaoxue/1803.html
2025-07-09 11:25:39,403 - INFO - 找到药材: 合欢皮（附：合欢花）, 分类: 养心安神药, URL: https://www.zysj.com.cn/lilunshuji/zhongyaoxue/1804.html
2025-07-09 11:25:39,403 - INFO - 找到药材: 小麦, 分类: 养心安神药, URL: https://www.zysj.com.cn/lilunshuji/zhongyaoxue/1805.html
2025-07-09 11:25:39,403 - INFO - 找到药材: 秫米, 分类: 养心安神药, URL: https://www.zysj.com.cn/lilunshuji/zhongyaoxue/1806.html
2025-07-09 11:25:39,403 - INFO - 找到药材: 酸枣仁, 分类: 养心安神药, URL: https://www.zysj.com.cn/lilunshuji/zhongyaoxue/1800.html
2025-07-09 11:25:39,403 - INFO - 找到药材: 柏子仁, 分类: 养心安神药, URL: https://www.zysj.com.cn/lilunshuji/zhongyaoxue/1801.html
2025-07-09 11:25:39,403 - INFO - 找到药材: 远志, 分类: 养心安神药, URL: https://www.zysj.com.cn/lilunshuji/zhongyaoxue/1802.html
2025-07-09 11:25:39,403 - INFO - 找到药材: 夜交藤, 分类: 养心安神药, URL: https://www.zysj.com.cn/lilunshuji/zhongyaoxue/1803.html
2025-07-09 11:25:39,404 - INFO - 找到药材: 合欢皮（附：合欢花）, 分类: 养心安神药, URL: https://www.zysj.com.cn/lilunshuji/zhongyaoxue/1804.html
2025-07-09 11:25:39,404 - INFO - 找到药材: 小麦, 分类: 养心安神药, URL: https://www.zysj.com.cn/lilunshuji/zhongyaoxue/1805.html
2025-07-09 11:25:39,404 - INFO - 找到药材: 秫米, 分类: 养心安神药, URL: https://www.zysj.com.cn/lilunshuji/zhongyaoxue/1806.html
2025-07-09 11:25:39,404 - INFO - 找到分类: 补虚药
2025-07-09 11:25:39,404 - INFO - 找到子分类: 补气药
2025-07-09 11:25:39,405 - INFO - 找到药材: 党参（附:明党参）, 分类: 补气药, URL: https://www.zysj.com.cn/lilunshuji/zhongyaoxue/1812.html
2025-07-09 11:25:39,405 - INFO - 找到药材: 孩儿参, 分类: 补气药, URL: https://www.zysj.com.cn/lilunshuji/zhongyaoxue/1813.html
2025-07-09 11:25:39,405 - INFO - 找到药材: 黄耆, 分类: 补气药, URL: https://www.zysj.com.cn/lilunshuji/zhongyaoxue/1814.html
2025-07-09 11:25:39,405 - INFO - 找到药材: 白朮, 分类: 补气药, URL: https://www.zysj.com.cn/lilunshuji/zhongyaoxue/1815.html
2025-07-09 11:25:39,405 - INFO - 找到药材: 山药, 分类: 补气药, URL: https://www.zysj.com.cn/lilunshuji/zhongyaoxue/1816.html
2025-07-09 11:25:39,405 - INFO - 找到药材: 大枣, 分类: 补气药, URL: https://www.zysj.com.cn/lilunshuji/zhongyaoxue/1818.html
2025-07-09 11:25:39,406 - INFO - 找到药材: 甘草, 分类: 补气药, URL: https://www.zysj.com.cn/lilunshuji/zhongyaoxue/1819.html
2025-07-09 11:25:39,406 - INFO - 找到药材: 饴糖, 分类: 补气药, URL: https://www.zysj.com.cn/lilunshuji/zhongyaoxue/1820.html
2025-07-09 11:25:39,406 - INFO - 找到药材: 人胞（附：脐带）, 分类: 补气药, URL: https://www.zysj.com.cn/lilunshuji/zhongyaoxue/1821.html
2025-07-09 11:25:39,406 - INFO - 找到药材: 黄精, 分类: 补气药, URL: https://www.zysj.com.cn/lilunshuji/zhongyaoxue/1822.html
2025-07-09 11:25:39,406 - INFO - 找到药材: 狼把草, 分类: 补气药, URL: https://www.zysj.com.cn/lilunshuji/zhongyaoxue/1823.html
2025-07-09 11:25:39,406 - INFO - 找到药材: 金雀根（附：金雀花）, 分类: 补气药, URL: https://www.zysj.com.cn/lilunshuji/zhongyaoxue/1824.html
2025-07-09 11:25:39,406 - INFO - 找到药材: 党参（附:明党参）, 分类: 补气药, URL: https://www.zysj.com.cn/lilunshuji/zhongyaoxue/1812.html
2025-07-09 11:25:39,406 - INFO - 找到药材: 孩儿参, 分类: 补气药, URL: https://www.zysj.com.cn/lilunshuji/zhongyaoxue/1813.html
2025-07-09 11:25:39,406 - INFO - 找到药材: 黄耆, 分类: 补气药, URL: https://www.zysj.com.cn/lilunshuji/zhongyaoxue/1814.html
2025-07-09 11:25:39,407 - INFO - 找到药材: 白朮, 分类: 补气药, URL: https://www.zysj.com.cn/lilunshuji/zhongyaoxue/1815.html
2025-07-09 11:25:39,407 - INFO - 找到药材: 山药, 分类: 补气药, URL: https://www.zysj.com.cn/lilunshuji/zhongyaoxue/1816.html
2025-07-09 11:25:39,407 - INFO - 找到药材: 大枣, 分类: 补气药, URL: https://www.zysj.com.cn/lilunshuji/zhongyaoxue/1818.html
2025-07-09 11:25:39,407 - INFO - 找到药材: 甘草, 分类: 补气药, URL: https://www.zysj.com.cn/lilunshuji/zhongyaoxue/1819.html
2025-07-09 11:25:39,407 - INFO - 找到药材: 饴糖, 分类: 补气药, URL: https://www.zysj.com.cn/lilunshuji/zhongyaoxue/1820.html
2025-07-09 11:25:39,407 - INFO - 找到药材: 人胞（附：脐带）, 分类: 补气药, URL: https://www.zysj.com.cn/lilunshuji/zhongyaoxue/1821.html
2025-07-09 11:25:39,407 - INFO - 找到药材: 黄精, 分类: 补气药, URL: https://www.zysj.com.cn/lilunshuji/zhongyaoxue/1822.html
2025-07-09 11:25:39,407 - INFO - 找到药材: 狼把草, 分类: 补气药, URL: https://www.zysj.com.cn/lilunshuji/zhongyaoxue/1823.html
2025-07-09 11:25:39,408 - INFO - 找到药材: 金雀根（附：金雀花）, 分类: 补气药, URL: https://www.zysj.com.cn/lilunshuji/zhongyaoxue/1824.html
2025-07-09 11:25:39,408 - INFO - 找到子分类: 助阳药
2025-07-09 11:25:39,408 - INFO - 找到药材: 鹿茸, 分类: 助阳药, URL: https://www.zysj.com.cn/lilunshuji/zhongyaoxue/1826.html
2025-07-09 11:25:39,409 - INFO - 找到药材: 淫羊藿, 分类: 助阳药, URL: https://www.zysj.com.cn/lilunshuji/zhongyaoxue/1828.html
2025-07-09 11:25:39,409 - INFO - 找到药材: 仙茅, 分类: 助阳药, URL: https://www.zysj.com.cn/lilunshuji/zhongyaoxue/1829.html
2025-07-09 11:25:39,410 - INFO - 找到药材: 巴戟天, 分类: 助阳药, URL: https://www.zysj.com.cn/lilunshuji/zhongyaoxue/1830.html
2025-07-09 11:25:39,410 - INFO - 找到药材: 补骨脂, 分类: 助阳药, URL: https://www.zysj.com.cn/lilunshuji/zhongyaoxue/1831.html
2025-07-09 11:25:39,410 - INFO - 找到药材: 胡桃肉（附：胡桃夹）, 分类: 助阳药, URL: https://www.zysj.com.cn/lilunshuji/zhongyaoxue/1832.html
2025-07-09 11:25:39,410 - INFO - 找到药材: 肉苁蓉, 分类: 助阳药, URL: https://www.zysj.com.cn/lilunshuji/zhongyaoxue/1833.html
2025-07-09 11:25:39,410 - INFO - 找到药材: 益智仁, 分类: 助阳药, URL: https://www.zysj.com.cn/lilunshuji/zhongyaoxue/1834.html
2025-07-09 11:25:39,410 - INFO - 找到药材: 沙苑蒺藜, 分类: 助阳药, URL: https://www.zysj.com.cn/lilunshuji/zhongyaoxue/1835.html
2025-07-09 11:25:39,410 - INFO - 找到药材: 菟丝子, 分类: 助阳药, URL: https://www.zysj.com.cn/lilunshuji/zhongyaoxue/1836.html
2025-07-09 11:25:39,410 - INFO - 找到药材: 蛤蚧, 分类: 助阳药, URL: https://www.zysj.com.cn/lilunshuji/zhongyaoxue/1837.html
2025-07-09 11:25:39,410 - INFO - 找到药材: 冬虫夏草, 分类: 助阳药, URL: https://www.zysj.com.cn/lilunshuji/zhongyaoxue/1838.html
2025-07-09 11:25:39,411 - INFO - 找到药材: 锁阳, 分类: 助阳药, URL: https://www.zysj.com.cn/lilunshuji/zhongyaoxue/1839.html
2025-07-09 11:25:39,411 - INFO - 找到药材: 葫芦巴, 分类: 助阳药, URL: https://www.zysj.com.cn/lilunshuji/zhongyaoxue/1840.html
2025-07-09 11:25:39,411 - INFO - 找到药材: 蛇床子, 分类: 助阳药, URL: https://www.zysj.com.cn/lilunshuji/zhongyaoxue/1841.html
2025-07-09 11:25:39,411 - INFO - 找到药材: 韭子（附：韭菜根）, 分类: 助阳药, URL: https://www.zysj.com.cn/lilunshuji/zhongyaoxue/1842.html
2025-07-09 11:25:39,411 - INFO - 找到药材: 阳起石, 分类: 助阳药, URL: https://www.zysj.com.cn/lilunshuji/zhongyaoxue/1843.html
2025-07-09 11:25:39,411 - INFO - 找到药材: 骨碎补, 分类: 助阳药, URL: https://www.zysj.com.cn/lilunshuji/zhongyaoxue/1844.html
2025-07-09 11:25:39,411 - INFO - 找到药材: 海狗肾（附：黄狗肾）, 分类: 助阳药, URL: https://www.zysj.com.cn/lilunshuji/zhongyaoxue/1845.html
2025-07-09 11:25:39,411 - INFO - 找到药材: 续断, 分类: 助阳药, URL: https://www.zysj.com.cn/lilunshuji/zhongyaoxue/1846.html
2025-07-09 11:25:39,411 - INFO - 找到药材: 杜仲, 分类: 助阳药, URL: https://www.zysj.com.cn/lilunshuji/zhongyaoxue/1847.html
2025-07-09 11:25:39,418 - INFO - 找到药材: 狗脊, 分类: 助阳药, URL: https://www.zysj.com.cn/lilunshuji/zhongyaoxue/1848.html
2025-07-09 11:25:39,419 - INFO - 找到药材: 棉花子（附：棉锦皮）, 分类: 助阳药, URL: https://www.zysj.com.cn/lilunshuji/zhongyaoxue/1849.html
2025-07-09 11:25:39,419 - INFO - 找到药材: 薛荔果, 分类: 助阳药, URL: https://www.zysj.com.cn/lilunshuji/zhongyaoxue/1850.html
2025-07-09 11:25:39,419 - INFO - 找到药材: 鹿茸, 分类: 助阳药, URL: https://www.zysj.com.cn/lilunshuji/zhongyaoxue/1826.html
2025-07-09 11:25:39,419 - INFO - 找到药材: 淫羊藿, 分类: 助阳药, URL: https://www.zysj.com.cn/lilunshuji/zhongyaoxue/1828.html
2025-07-09 11:25:39,419 - INFO - 找到药材: 仙茅, 分类: 助阳药, URL: https://www.zysj.com.cn/lilunshuji/zhongyaoxue/1829.html
2025-07-09 11:25:39,419 - INFO - 找到药材: 巴戟天, 分类: 助阳药, URL: https://www.zysj.com.cn/lilunshuji/zhongyaoxue/1830.html
2025-07-09 11:25:39,419 - INFO - 找到药材: 补骨脂, 分类: 助阳药, URL: https://www.zysj.com.cn/lilunshuji/zhongyaoxue/1831.html
2025-07-09 11:25:39,420 - INFO - 找到药材: 胡桃肉（附：胡桃夹）, 分类: 助阳药, URL: https://www.zysj.com.cn/lilunshuji/zhongyaoxue/1832.html
2025-07-09 11:25:39,420 - INFO - 找到药材: 肉苁蓉, 分类: 助阳药, URL: https://www.zysj.com.cn/lilunshuji/zhongyaoxue/1833.html
2025-07-09 11:25:39,420 - INFO - 找到药材: 益智仁, 分类: 助阳药, URL: https://www.zysj.com.cn/lilunshuji/zhongyaoxue/1834.html
2025-07-09 11:25:39,420 - INFO - 找到药材: 沙苑蒺藜, 分类: 助阳药, URL: https://www.zysj.com.cn/lilunshuji/zhongyaoxue/1835.html
2025-07-09 11:25:39,420 - INFO - 找到药材: 菟丝子, 分类: 助阳药, URL: https://www.zysj.com.cn/lilunshuji/zhongyaoxue/1836.html
2025-07-09 11:25:39,420 - INFO - 找到药材: 蛤蚧, 分类: 助阳药, URL: https://www.zysj.com.cn/lilunshuji/zhongyaoxue/1837.html
2025-07-09 11:25:39,420 - INFO - 找到药材: 冬虫夏草, 分类: 助阳药, URL: https://www.zysj.com.cn/lilunshuji/zhongyaoxue/1838.html
2025-07-09 11:25:39,421 - INFO - 找到药材: 锁阳, 分类: 助阳药, URL: https://www.zysj.com.cn/lilunshuji/zhongyaoxue/1839.html
2025-07-09 11:25:39,421 - INFO - 找到药材: 葫芦巴, 分类: 助阳药, URL: https://www.zysj.com.cn/lilunshuji/zhongyaoxue/1840.html
2025-07-09 11:25:39,421 - INFO - 找到药材: 蛇床子, 分类: 助阳药, URL: https://www.zysj.com.cn/lilunshuji/zhongyaoxue/1841.html
2025-07-09 11:25:39,421 - INFO - 找到药材: 韭子（附：韭菜根）, 分类: 助阳药, URL: https://www.zysj.com.cn/lilunshuji/zhongyaoxue/1842.html
2025-07-09 11:25:39,421 - INFO - 找到药材: 阳起石, 分类: 助阳药, URL: https://www.zysj.com.cn/lilunshuji/zhongyaoxue/1843.html
2025-07-09 11:25:39,421 - INFO - 找到药材: 骨碎补, 分类: 助阳药, URL: https://www.zysj.com.cn/lilunshuji/zhongyaoxue/1844.html
2025-07-09 11:25:39,421 - INFO - 找到药材: 海狗肾（附：黄狗肾）, 分类: 助阳药, URL: https://www.zysj.com.cn/lilunshuji/zhongyaoxue/1845.html
2025-07-09 11:25:39,422 - INFO - 找到药材: 续断, 分类: 助阳药, URL: https://www.zysj.com.cn/lilunshuji/zhongyaoxue/1846.html
2025-07-09 11:25:39,422 - INFO - 找到药材: 杜仲, 分类: 助阳药, URL: https://www.zysj.com.cn/lilunshuji/zhongyaoxue/1847.html
2025-07-09 11:25:39,422 - INFO - 找到药材: 狗脊, 分类: 助阳药, URL: https://www.zysj.com.cn/lilunshuji/zhongyaoxue/1848.html
2025-07-09 11:25:39,422 - INFO - 找到药材: 棉花子（附：棉锦皮）, 分类: 助阳药, URL: https://www.zysj.com.cn/lilunshuji/zhongyaoxue/1849.html
2025-07-09 11:25:39,422 - INFO - 找到药材: 薛荔果, 分类: 助阳药, URL: https://www.zysj.com.cn/lilunshuji/zhongyaoxue/1850.html
2025-07-09 11:25:39,422 - INFO - 找到子分类: 养血药
2025-07-09 11:25:39,422 - INFO - 找到药材: 熟地黄, 分类: 养血药, URL: https://www.zysj.com.cn/lilunshuji/zhongyaoxue/1852.html
2025-07-09 11:25:39,422 - INFO - 找到药材: 何首乌（附：鲜首乌）, 分类: 养血药, URL: https://www.zysj.com.cn/lilunshuji/zhongyaoxue/1853.html
2025-07-09 11:25:39,423 - INFO - 找到药材: 当归, 分类: 养血药, URL: https://www.zysj.com.cn/lilunshuji/zhongyaoxue/1854.html
2025-07-09 11:25:39,423 - INFO - 找到药材: 白芍, 分类: 养血药, URL: https://www.zysj.com.cn/lilunshuji/zhongyaoxue/1855.html
2025-07-09 11:25:39,423 - INFO - 找到药材: 阿胶, 分类: 养血药, URL: https://www.zysj.com.cn/lilunshuji/zhongyaoxue/1856.html
2025-07-09 11:25:39,423 - INFO - 找到药材: 桑椹子, 分类: 养血药, URL: https://www.zysj.com.cn/lilunshuji/zhongyaoxue/1857.html
2025-07-09 11:25:39,423 - INFO - 找到药材: 桂圆肉, 分类: 养血药, URL: https://www.zysj.com.cn/lilunshuji/zhongyaoxue/1858.html
2025-07-09 11:25:39,424 - INFO - 找到药材: 熟地黄, 分类: 养血药, URL: https://www.zysj.com.cn/lilunshuji/zhongyaoxue/1852.html
2025-07-09 11:25:39,424 - INFO - 找到药材: 何首乌（附：鲜首乌）, 分类: 养血药, URL: https://www.zysj.com.cn/lilunshuji/zhongyaoxue/1853.html
2025-07-09 11:25:39,424 - INFO - 找到药材: 当归, 分类: 养血药, URL: https://www.zysj.com.cn/lilunshuji/zhongyaoxue/1854.html
2025-07-09 11:25:39,424 - INFO - 找到药材: 白芍, 分类: 养血药, URL: https://www.zysj.com.cn/lilunshuji/zhongyaoxue/1855.html
2025-07-09 11:25:39,424 - INFO - 找到药材: 阿胶, 分类: 养血药, URL: https://www.zysj.com.cn/lilunshuji/zhongyaoxue/1856.html
2025-07-09 11:25:39,424 - INFO - 找到药材: 桑椹子, 分类: 养血药, URL: https://www.zysj.com.cn/lilunshuji/zhongyaoxue/1857.html
2025-07-09 11:25:39,424 - INFO - 找到药材: 桂圆肉, 分类: 养血药, URL: https://www.zysj.com.cn/lilunshuji/zhongyaoxue/1858.html
2025-07-09 11:25:39,424 - INFO - 找到子分类: 滋阴药
2025-07-09 11:25:39,425 - INFO - 找到药材: 天门冬, 分类: 滋阴药, URL: https://www.zysj.com.cn/lilunshuji/zhongyaoxue/1861.html
2025-07-09 11:25:39,425 - INFO - 找到药材: 麦门冬, 分类: 滋阴药, URL: https://www.zysj.com.cn/lilunshuji/zhongyaoxue/1862.html
2025-07-09 11:25:39,425 - INFO - 找到药材: 石斛, 分类: 滋阴药, URL: https://www.zysj.com.cn/lilunshuji/zhongyaoxue/1863.html
2025-07-09 11:25:39,425 - INFO - 找到药材: 玉竹, 分类: 滋阴药, URL: https://www.zysj.com.cn/lilunshuji/zhongyaoxue/1864.html
2025-07-09 11:25:39,425 - INFO - 找到药材: 百合, 分类: 滋阴药, URL: https://www.zysj.com.cn/lilunshuji/zhongyaoxue/1865.html
2025-07-09 11:25:39,425 - INFO - 找到药材: 羊乳根, 分类: 滋阴药, URL: https://www.zysj.com.cn/lilunshuji/zhongyaoxue/1866.html
2025-07-09 11:25:39,426 - INFO - 找到药材: 枸骨叶, 分类: 滋阴药, URL: https://www.zysj.com.cn/lilunshuji/zhongyaoxue/1867.html
2025-07-09 11:25:39,426 - INFO - 找到药材: 枸杞子, 分类: 滋阴药, URL: https://www.zysj.com.cn/lilunshuji/zhongyaoxue/1869.html
2025-07-09 11:25:39,426 - INFO - 找到药材: 女贞子（附：女贞叶）, 分类: 滋阴药, URL: https://www.zysj.com.cn/lilunshuji/zhongyaoxue/1870.html
2025-07-09 11:25:39,426 - INFO - 找到药材: 旱莲草, 分类: 滋阴药, URL: https://www.zysj.com.cn/lilunshuji/zhongyaoxue/1871.html
2025-07-09 11:25:39,426 - INFO - 找到药材: 龟板（附：龟板胶）, 分类: 滋阴药, URL: https://www.zysj.com.cn/lilunshuji/zhongyaoxue/1872.html
2025-07-09 11:25:39,426 - INFO - 找到药材: 鳖甲（附：鳖甲胶）, 分类: 滋阴药, URL: https://www.zysj.com.cn/lilunshuji/zhongyaoxue/1873.html
2025-07-09 11:25:39,426 - INFO - 找到药材: 桑寄生, 分类: 滋阴药, URL: https://www.zysj.com.cn/lilunshuji/zhongyaoxue/1874.html
2025-07-09 11:25:39,426 - INFO - 找到药材: 天门冬, 分类: 滋阴药, URL: https://www.zysj.com.cn/lilunshuji/zhongyaoxue/1861.html
2025-07-09 11:25:39,427 - INFO - 找到药材: 麦门冬, 分类: 滋阴药, URL: https://www.zysj.com.cn/lilunshuji/zhongyaoxue/1862.html
2025-07-09 11:25:39,427 - INFO - 找到药材: 石斛, 分类: 滋阴药, URL: https://www.zysj.com.cn/lilunshuji/zhongyaoxue/1863.html
2025-07-09 11:25:39,427 - INFO - 找到药材: 玉竹, 分类: 滋阴药, URL: https://www.zysj.com.cn/lilunshuji/zhongyaoxue/1864.html
2025-07-09 11:25:39,427 - INFO - 找到药材: 百合, 分类: 滋阴药, URL: https://www.zysj.com.cn/lilunshuji/zhongyaoxue/1865.html
2025-07-09 11:25:39,427 - INFO - 找到药材: 羊乳根, 分类: 滋阴药, URL: https://www.zysj.com.cn/lilunshuji/zhongyaoxue/1866.html
2025-07-09 11:25:39,427 - INFO - 找到药材: 枸骨叶, 分类: 滋阴药, URL: https://www.zysj.com.cn/lilunshuji/zhongyaoxue/1867.html
2025-07-09 11:25:39,427 - INFO - 找到药材: 枸杞子, 分类: 滋阴药, URL: https://www.zysj.com.cn/lilunshuji/zhongyaoxue/1869.html
2025-07-09 11:25:39,427 - INFO - 找到药材: 女贞子（附：女贞叶）, 分类: 滋阴药, URL: https://www.zysj.com.cn/lilunshuji/zhongyaoxue/1870.html
2025-07-09 11:25:39,428 - INFO - 找到药材: 旱莲草, 分类: 滋阴药, URL: https://www.zysj.com.cn/lilunshuji/zhongyaoxue/1871.html
2025-07-09 11:25:39,428 - INFO - 找到药材: 龟板（附：龟板胶）, 分类: 滋阴药, URL: https://www.zysj.com.cn/lilunshuji/zhongyaoxue/1872.html
2025-07-09 11:25:39,428 - INFO - 找到药材: 鳖甲（附：鳖甲胶）, 分类: 滋阴药, URL: https://www.zysj.com.cn/lilunshuji/zhongyaoxue/1873.html
2025-07-09 11:25:39,428 - INFO - 找到药材: 桑寄生, 分类: 滋阴药, URL: https://www.zysj.com.cn/lilunshuji/zhongyaoxue/1874.html
2025-07-09 11:25:39,428 - INFO - 找到分类: 收敛药
2025-07-09 11:25:39,428 - INFO - 找到药材: 山茱萸, 分类: 收敛药, URL: https://www.zysj.com.cn/lilunshuji/zhongyaoxue/1878.html
2025-07-09 11:25:39,429 - INFO - 找到药材: 五味子, 分类: 收敛药, URL: https://www.zysj.com.cn/lilunshuji/zhongyaoxue/1879.html
2025-07-09 11:25:39,429 - INFO - 找到药材: 乌梅, 分类: 收敛药, URL: https://www.zysj.com.cn/lilunshuji/zhongyaoxue/1880.html
2025-07-09 11:25:39,429 - INFO - 找到药材: 肉豆蔻, 分类: 收敛药, URL: https://www.zysj.com.cn/lilunshuji/zhongyaoxue/1882.html
2025-07-09 11:25:39,429 - INFO - 找到药材: 诃子（附：藏青果）, 分类: 收敛药, URL: https://www.zysj.com.cn/lilunshuji/zhongyaoxue/1883.html
2025-07-09 11:25:39,429 - INFO - 找到药材: 赤石脂, 分类: 收敛药, URL: https://www.zysj.com.cn/lilunshuji/zhongyaoxue/1884.html
2025-07-09 11:25:39,430 - INFO - 找到药材: 禹余粮, 分类: 收敛药, URL: https://www.zysj.com.cn/lilunshuji/zhongyaoxue/1885.html
2025-07-09 11:25:39,430 - INFO - 找到药材: 五倍子, 分类: 收敛药, URL: https://www.zysj.com.cn/lilunshuji/zhongyaoxue/1886.html
2025-07-09 11:25:39,430 - INFO - 找到药材: 罂粟壳, 分类: 收敛药, URL: https://www.zysj.com.cn/lilunshuji/zhongyaoxue/1887.html
2025-07-09 11:25:39,431 - INFO - 找到药材: 明矾, 分类: 收敛药, URL: https://www.zysj.com.cn/lilunshuji/zhongyaoxue/1889.html
2025-07-09 11:25:39,431 - INFO - 找到药材: 椿根皮（附：凤眼草）, 分类: 收敛药, URL: https://www.zysj.com.cn/lilunshuji/zhongyaoxue/1890.html
2025-07-09 11:25:39,431 - INFO - 找到药材: 芡实, 分类: 收敛药, URL: https://www.zysj.com.cn/lilunshuji/zhongyaoxue/1891.html
2025-07-09 11:25:39,431 - INFO - 找到药材: 桑螵蛸, 分类: 收敛药, URL: https://www.zysj.com.cn/lilunshuji/zhongyaoxue/1892.html
2025-07-09 11:25:39,431 - INFO - 找到药材: 覆盆子, 分类: 收敛药, URL: https://www.zysj.com.cn/lilunshuji/zhongyaoxue/1893.html
2025-07-09 11:25:39,432 - INFO - 找到药材: 金樱子, 分类: 收敛药, URL: https://www.zysj.com.cn/lilunshuji/zhongyaoxue/1894.html
2025-07-09 11:25:39,432 - INFO - 找到药材: 乌贼骨, 分类: 收敛药, URL: https://www.zysj.com.cn/lilunshuji/zhongyaoxue/1895.html
2025-07-09 11:25:39,432 - INFO - 找到药材: 碎米荞, 分类: 收敛药, URL: https://www.zysj.com.cn/lilunshuji/zhongyaoxue/1896.html
2025-07-09 11:25:39,432 - INFO - 找到药材: 鸡冠花, 分类: 收敛药, URL: https://www.zysj.com.cn/lilunshuji/zhongyaoxue/1897.html
2025-07-09 11:25:39,432 - INFO - 找到药材: 浮小麦, 分类: 收敛药, URL: https://www.zysj.com.cn/lilunshuji/zhongyaoxue/1898.html
2025-07-09 11:25:39,432 - INFO - 找到药材: 糯稻根（附：糯稻草）, 分类: 收敛药, URL: https://www.zysj.com.cn/lilunshuji/zhongyaoxue/1899.html
2025-07-09 11:25:39,432 - INFO - 找到药材: 麻黄根, 分类: 收敛药, URL: https://www.zysj.com.cn/lilunshuji/zhongyaoxue/1900.html
2025-07-09 11:25:39,432 - INFO - 找到药材: 白果（附：白果叶）, 分类: 收敛药, URL: https://www.zysj.com.cn/lilunshuji/zhongyaoxue/1901.html
2025-07-09 11:25:39,432 - INFO - 找到药材: 刺猬皮, 分类: 收敛药, URL: https://www.zysj.com.cn/lilunshuji/zhongyaoxue/1902.html
2025-07-09 11:25:39,433 - INFO - 找到分类: 其它药
2025-07-09 11:25:39,433 - INFO - 找到药材: 蟾酥（附：蟾皮）, 分类: 其它药, URL: https://www.zysj.com.cn/lilunshuji/zhongyaoxue/1905.html
2025-07-09 11:25:39,433 - INFO - 找到药材: 雄黄, 分类: 其它药, URL: https://www.zysj.com.cn/lilunshuji/zhongyaoxue/1906.html
2025-07-09 11:25:39,434 - INFO - 找到药材: 硼砂, 分类: 其它药, URL: https://www.zysj.com.cn/lilunshuji/zhongyaoxue/1907.html
2025-07-09 11:25:39,434 - INFO - 找到药材: 磠砂, 分类: 其它药, URL: https://www.zysj.com.cn/lilunshuji/zhongyaoxue/1908.html
2025-07-09 11:25:39,434 - INFO - 找到药材: 砒石, 分类: 其它药, URL: https://www.zysj.com.cn/lilunshuji/zhongyaoxue/1909.html
2025-07-09 11:25:39,434 - INFO - 找到药材: 斑蝥, 分类: 其它药, URL: https://www.zysj.com.cn/lilunshuji/zhongyaoxue/1910.html
2025-07-09 11:25:39,435 - INFO - 找到药材: 石灰, 分类: 其它药, URL: https://www.zysj.com.cn/lilunshuji/zhongyaoxue/1911.html
2025-07-09 11:25:39,435 - INFO - 找到药材: 轻粉, 分类: 其它药, URL: https://www.zysj.com.cn/lilunshuji/zhongyaoxue/1912.html
2025-07-09 11:25:39,435 - INFO - 找到药材: 大风子, 分类: 其它药, URL: https://www.zysj.com.cn/lilunshuji/zhongyaoxue/1913.html
2025-07-09 11:25:39,435 - INFO - 找到药材: 蜂房, 分类: 其它药, URL: https://www.zysj.com.cn/lilunshuji/zhongyaoxue/1914.html
2025-07-09 11:25:39,436 - INFO - 找到药材: 绿矾, 分类: 其它药, URL: https://www.zysj.com.cn/lilunshuji/zhongyaoxue/1916.html
2025-07-09 11:25:39,436 - INFO - 找到药材: 樟脑, 分类: 其它药, URL: https://www.zysj.com.cn/lilunshuji/zhongyaoxue/1917.html
2025-07-09 11:25:39,436 - INFO - 找到药材: 硫黄, 分类: 其它药, URL: https://www.zysj.com.cn/lilunshuji/zhongyaoxue/1918.html
2025-07-09 11:25:39,436 - INFO - 找到药材: 炉甘石, 分类: 其它药, URL: https://www.zysj.com.cn/lilunshuji/zhongyaoxue/1919.html
2025-07-09 11:25:39,436 - INFO - 找到药材: 孩儿茶, 分类: 其它药, URL: https://www.zysj.com.cn/lilunshuji/zhongyaoxue/1920.html
2025-07-09 11:25:39,437 - INFO - 找到药材: 血竭, 分类: 其它药, URL: https://www.zysj.com.cn/lilunshuji/zhongyaoxue/1921.html
2025-07-09 11:25:39,437 - INFO - 找到药材: 象皮（附：象牙屑）, 分类: 其它药, URL: https://www.zysj.com.cn/lilunshuji/zhongyaoxue/1922.html
2025-07-09 11:25:39,437 - INFO - 找到药材: 松香, 分类: 其它药, URL: https://www.zysj.com.cn/lilunshuji/zhongyaoxue/1923.html
2025-07-09 11:25:39,437 - INFO - 找到药材: 铅丹, 分类: 其它药, URL: https://www.zysj.com.cn/lilunshuji/zhongyaoxue/1924.html
2025-07-09 11:25:39,437 - INFO - 找到药材: 毛茛, 分类: 其它药, URL: https://www.zysj.com.cn/lilunshuji/zhongyaoxue/1925.html
2025-07-09 11:25:39,437 - INFO - 找到药材: 马钱子（附：土木鳖）, 分类: 其它药, URL: https://www.zysj.com.cn/lilunshuji/zhongyaoxue/1926.html
2025-07-09 11:25:39,438 - INFO - 找到药材: 蒟蒻, 分类: 其它药, URL: https://www.zysj.com.cn/lilunshuji/zhongyaoxue/1927.html
2025-07-09 11:25:39,438 - INFO - 找到药材: 常山（附：甜茶）, 分类: 其它药, URL: https://www.zysj.com.cn/lilunshuji/zhongyaoxue/1928.html
2025-07-09 11:25:39,438 - INFO - 找到药材: 瓜蒂, 分类: 其它药, URL: https://www.zysj.com.cn/lilunshuji/zhongyaoxue/1929.html
2025-07-09 11:25:39,438 - INFO - 找到药材: 藜芦, 分类: 其它药, URL: https://www.zysj.com.cn/lilunshuji/zhongyaoxue/1930.html
2025-07-09 11:25:39,438 - INFO - 找到药材: 辣蓼, 分类: 其它药, URL: https://www.zysj.com.cn/lilunshuji/zhongyaoxue/1931.html
2025-07-09 11:25:39,439 - INFO - 跳过重复药材: 麻黄
2025-07-09 11:25:39,439 - INFO - 跳过重复药材: 桂枝
2025-07-09 11:25:39,439 - INFO - 跳过重复药材: 紫苏
2025-07-09 11:25:39,439 - INFO - 跳过重复药材: 荆芥
2025-07-09 11:25:39,439 - INFO - 跳过重复药材: 防风
2025-07-09 11:25:39,439 - INFO - 跳过重复药材: 羌活
2025-07-09 11:25:39,439 - INFO - 跳过重复药材: 细辛
2025-07-09 11:25:39,440 - INFO - 跳过重复药材: 白芷
2025-07-09 11:25:39,440 - INFO - 跳过重复药材: 藁本
2025-07-09 11:25:39,440 - INFO - 跳过重复药材: 香薷
2025-07-09 11:25:39,440 - INFO - 跳过重复药材: 生姜
2025-07-09 11:25:39,440 - INFO - 跳过重复药材: 葱白
2025-07-09 11:25:39,440 - INFO - 跳过重复药材: 辛夷
2025-07-09 11:25:39,440 - INFO - 跳过重复药材: 芫荽
2025-07-09 11:25:39,440 - INFO - 跳过重复药材: 薄荷
2025-07-09 11:25:39,440 - INFO - 跳过重复药材: 牛蒡子
2025-07-09 11:25:39,440 - INFO - 跳过重复药材: 桑叶
2025-07-09 11:25:39,440 - INFO - 跳过重复药材: 菊花
2025-07-09 11:25:39,440 - INFO - 跳过重复药材: 葛根
2025-07-09 11:25:39,440 - INFO - 跳过重复药材: 升麻
2025-07-09 11:25:39,440 - INFO - 跳过重复药材: 柴胡
2025-07-09 11:25:39,440 - INFO - 跳过重复药材: 豆鼓
2025-07-09 11:25:39,441 - INFO - 跳过重复药材: 豆卷
2025-07-09 11:25:39,441 - INFO - 跳过重复药材: 蝉蜕
2025-07-09 11:25:39,441 - INFO - 跳过重复药材: 浮萍
2025-07-09 11:25:39,441 - INFO - 跳过重复药材: 西河柳
2025-07-09 11:25:39,441 - INFO - 跳过重复药材: 水蜈蚣
2025-07-09 11:25:39,441 - INFO - 跳过重复药材: 天胡荽
2025-07-09 11:25:39,441 - INFO - 跳过重复药材: 蔓荆子
2025-07-09 11:25:39,441 - INFO - 跳过重复药材: 木贼草
2025-07-09 11:25:39,441 - INFO - 跳过重复药材: 石膏
2025-07-09 11:25:39,441 - INFO - 跳过重复药材: 寒水石
2025-07-09 11:25:39,441 - INFO - 跳过重复药材: 知母
2025-07-09 11:25:39,441 - INFO - 跳过重复药材: 栀子
2025-07-09 11:25:39,441 - INFO - 跳过重复药材: 芦根
2025-07-09 11:25:39,441 - INFO - 跳过重复药材: 天花粉
2025-07-09 11:25:39,441 - INFO - 跳过重复药材: 鲜竹叶
2025-07-09 11:25:39,442 - INFO - 跳过重复药材: 淡竹叶
2025-07-09 11:25:39,442 - INFO - 跳过重复药材: 夏枯草
2025-07-09 11:25:39,442 - INFO - 跳过重复药材: 鸭跖草
2025-07-09 11:25:39,442 - INFO - 跳过重复药材: 西瓜皮
2025-07-09 11:25:39,442 - INFO - 跳过重复药材: 荷叶
2025-07-09 11:25:39,442 - INFO - 跳过重复药材: 莲子心
2025-07-09 11:25:39,442 - INFO - 跳过重复药材: 青葙子
2025-07-09 11:25:39,442 - INFO - 跳过重复药材: 决明子
2025-07-09 11:25:39,442 - INFO - 跳过重复药材: 谷精草
2025-07-09 11:25:39,442 - INFO - 跳过重复药材: 密蒙花
2025-07-09 11:25:39,442 - INFO - 跳过重复药材: 夜明砂
2025-07-09 11:25:39,442 - INFO - 跳过重复药材: 千里光
2025-07-09 11:25:39,443 - INFO - 跳过重复药材: 鲜生地（附：生地）
2025-07-09 11:25:39,443 - INFO - 跳过重复药材: 紫草
2025-07-09 11:25:39,443 - INFO - 跳过重复药材: 犀角
2025-07-09 11:25:39,443 - INFO - 跳过重复药材: 牛黄
2025-07-09 11:25:39,443 - INFO - 跳过重复药材: 牡丹皮
2025-07-09 11:25:39,443 - INFO - 跳过重复药材: 赤芍药
2025-07-09 11:25:39,443 - INFO - 跳过重复药材: 玄参
2025-07-09 11:25:39,443 - INFO - 跳过重复药材: 茅根（附：茅针花）
2025-07-09 11:25:39,444 - INFO - 跳过重复药材: 连翘
2025-07-09 11:25:39,444 - INFO - 跳过重复药材: 蒲公英
2025-07-09 11:25:39,444 - INFO - 跳过重复药材: 山慈菇
2025-07-09 11:25:39,444 - INFO - 跳过重复药材: 漏芦
2025-07-09 11:25:39,444 - INFO - 跳过重复药材: 四季青
2025-07-09 11:25:39,444 - INFO - 跳过重复药材: 乌蔹莓
2025-07-09 11:25:39,444 - INFO - 跳过重复药材: 芙蓉花（附：芙蓉叶）
2025-07-09 11:25:39,444 - INFO - 跳过重复药材: 白蔹
2025-07-09 11:25:39,444 - INFO - 跳过重复药材: 鱼腥草
2025-07-09 11:25:39,444 - INFO - 跳过重复药材: 野荞麦根
2025-07-09 11:25:39,444 - INFO - 跳过重复药材: 虎耳草
2025-07-09 11:25:39,444 - INFO - 跳过重复药材: 红藤
2025-07-09 11:25:39,444 - INFO - 跳过重复药材: 败酱草
2025-07-09 11:25:39,444 - INFO - 跳过重复药材: 鬼针草
2025-07-09 11:25:39,444 - INFO - 跳过重复药材: 地耳草
2025-07-09 11:25:39,444 - INFO - 跳过重复药材: 垂盆草
2025-07-09 11:25:39,444 - INFO - 跳过重复药材: 土茯苓
2025-07-09 11:25:39,445 - INFO - 跳过重复药材: 马兰根
2025-07-09 11:25:39,445 - INFO - 跳过重复药材: 射干
2025-07-09 11:25:39,445 - INFO - 跳过重复药材: 山豆根
2025-07-09 11:25:39,445 - INFO - 跳过重复药材: 马勃
2025-07-09 11:25:39,445 - INFO - 跳过重复药材: 橄榄（附：金果榄）
2025-07-09 11:25:39,445 - INFO - 跳过重复药材: 白毛夏枯草
2025-07-09 11:25:39,445 - INFO - 跳过重复药材: 点地梅
2025-07-09 11:25:39,445 - INFO - 跳过重复药材: 一枝黄花
2025-07-09 11:25:39,445 - INFO - 跳过重复药材: 爵床
2025-07-09 11:25:39,445 - INFO - 跳过重复药材: 人中黄
2025-07-09 11:25:39,445 - INFO - 跳过重复药材: 白头翁
2025-07-09 11:25:39,445 - INFO - 跳过重复药材: 马齿苋
2025-07-09 11:25:39,445 - INFO - 跳过重复药材: 鸭胆子
2025-07-09 11:25:39,445 - INFO - 跳过重复药材: 橄核莲
2025-07-09 11:25:39,446 - INFO - 跳过重复药材: 小飞蓬
2025-07-09 11:25:39,446 - INFO - 跳过重复药材: 鸡眼草
2025-07-09 11:25:39,446 - INFO - 跳过重复药材: 叶下珠
2025-07-09 11:25:39,446 - INFO - 跳过重复药材: 绿豆（附：绿豆衣）
2025-07-09 11:25:39,446 - INFO - 跳过重复药材: 七叶一枝花
2025-07-09 11:25:39,446 - INFO - 跳过重复药材: 半枝莲
2025-07-09 11:25:39,446 - INFO - 跳过重复药材: 白英
2025-07-09 11:25:39,446 - INFO - 跳过重复药材: 龙葵
2025-07-09 11:25:39,447 - INFO - 跳过重复药材: 蛇莓
2025-07-09 11:25:39,447 - INFO - 跳过重复药材: 白花蛇舌草
2025-07-09 11:25:39,447 - INFO - 跳过重复药材: 凤尾草
2025-07-09 11:25:39,447 - INFO - 跳过重复药材: 猪殃殃
2025-07-09 11:25:39,447 - INFO - 跳过重复药材: 天葵子
2025-07-09 11:25:39,447 - INFO - 跳过重复药材: 藤梨根
2025-07-09 11:25:39,447 - INFO - 跳过重复药材: 猪胆汁
2025-07-09 11:25:39,447 - INFO - 跳过重复药材: 黄连
2025-07-09 11:25:39,447 - INFO - 跳过重复药材: 黄芩
2025-07-09 11:25:39,447 - INFO - 跳过重复药材: 黄柏
2025-07-09 11:25:39,447 - INFO - 跳过重复药材: 胡黄连
2025-07-09 11:25:39,447 - INFO - 跳过重复药材: 龙胆草
2025-07-09 11:25:39,447 - INFO - 跳过重复药材: 秦皮
2025-07-09 11:25:39,447 - INFO - 跳过重复药材: 苦参
2025-07-09 11:25:39,447 - INFO - 跳过重复药材: 白藓皮
2025-07-09 11:25:39,448 - INFO - 跳过重复药材: 银柴胡
2025-07-09 11:25:39,448 - INFO - 跳过重复药材: 地骨皮
2025-07-09 11:25:39,448 - INFO - 跳过重复药材: 青蒿
2025-07-09 11:25:39,448 - INFO - 跳过重复药材: 白薇
2025-07-09 11:25:39,448 - INFO - 跳过重复药材: 葎草
2025-07-09 11:25:39,448 - INFO - 跳过重复药材: 大黄
2025-07-09 11:25:39,448 - INFO - 跳过重复药材: 芒硝（附：西瓜霜）
2025-07-09 11:25:39,448 - INFO - 跳过重复药材: 铁扁担
2025-07-09 11:25:39,452 - INFO - 跳过重复药材: 番泻叶
2025-07-09 11:25:39,452 - INFO - 跳过重复药材: 芦荟
2025-07-09 11:25:39,452 - INFO - 跳过重复药材: 火麻仁
2025-07-09 11:25:39,452 - INFO - 跳过重复药材: 郁李仁
2025-07-09 11:25:39,452 - INFO - 跳过重复药材: 胡麻仁
2025-07-09 11:25:39,453 - INFO - 跳过重复药材: 蜂蜜
2025-07-09 11:25:39,453 - INFO - 跳过重复药材: 牵牛子
2025-07-09 11:25:39,453 - INFO - 跳过重复药材: 甘遂
2025-07-09 11:25:39,453 - INFO - 跳过重复药材: 大戟
2025-07-09 11:25:39,453 - INFO - 跳过重复药材: 芫花
2025-07-09 11:25:39,453 - INFO - 跳过重复药材: 续随子
2025-07-09 11:25:39,453 - INFO - 跳过重复药材: 商陆
2025-07-09 11:25:39,453 - INFO - 跳过重复药材: 乌臼根皮
2025-07-09 11:25:39,453 - INFO - 跳过重复药材: 巴豆
2025-07-09 11:25:39,454 - INFO - 跳过重复药材: 地耳草
2025-07-09 11:25:39,455 - INFO - 跳过重复药材: 垂盆草
2025-07-09 11:25:39,456 - INFO - 跳过重复药材: 旋覆花（附：旋覆梗）
2025-07-09 11:25:39,456 - INFO - 跳过重复药材: 半夏
2025-07-09 11:25:39,456 - INFO - 跳过重复药材: 天南星（附：胆南星）
2025-07-09 11:25:39,456 - INFO - 跳过重复药材: 白附子
2025-07-09 11:25:39,456 - INFO - 跳过重复药材: 皂荚（附：牙皂）
2025-07-09 11:25:39,456 - INFO - 跳过重复药材: 苏子
2025-07-09 11:25:39,457 - INFO - 跳过重复药材: 白芥子
2025-07-09 11:25:39,457 - INFO - 跳过重复药材: 桔梗
2025-07-09 11:25:39,457 - INFO - 跳过重复药材: 旋覆花（附：旋覆梗）
2025-07-09 11:25:39,457 - INFO - 跳过重复药材: 白前
2025-07-09 11:25:39,457 - INFO - 跳过重复药材: 石胡荽
2025-07-09 11:25:39,458 - INFO - 跳过重复药材: 贝母
2025-07-09 11:25:39,458 - INFO - 跳过重复药材: 前胡
2025-07-09 11:25:39,458 - INFO - 跳过重复药材: 瓜蒌
2025-07-09 11:25:39,458 - INFO - 跳过重复药材: 竹茹（附：竹沥）
2025-07-09 11:25:39,458 - INFO - 跳过重复药材: 天竺黄
2025-07-09 11:25:39,458 - INFO - 跳过重复药材: 猴枣
2025-07-09 11:25:39,458 - INFO - 跳过重复药材: 礞石
2025-07-09 11:25:39,458 - INFO - 跳过重复药材: 海蛤壳
2025-07-09 11:25:39,458 - INFO - 跳过重复药材: 海浮石
2025-07-09 11:25:39,458 - INFO - 跳过重复药材: 葶苈子
2025-07-09 11:25:39,458 - INFO - 跳过重复药材: 昆布
2025-07-09 11:25:39,458 - INFO - 跳过重复药材: 海藻
2025-07-09 11:25:39,458 - INFO - 跳过重复药材: 黄药脂
2025-07-09 11:25:39,458 - INFO - 跳过重复药材: 荸荠
2025-07-09 11:25:39,458 - INFO - 跳过重复药材: 胖大海
2025-07-09 11:25:39,459 - INFO - 跳过重复药材: 木蝴蝶
2025-07-09 11:25:39,459 - INFO - 跳过重复药材: 杏仁（附：甜杏仁）
2025-07-09 11:25:39,459 - INFO - 跳过重复药材: 枇杷叶
2025-07-09 11:25:39,459 - INFO - 跳过重复药材: 鼠曲草
2025-07-09 11:25:39,459 - INFO - 跳过重复药材: 蔊菜
2025-07-09 11:25:39,459 - INFO - 跳过重复药材: 款冬花
2025-07-09 11:25:39,459 - INFO - 跳过重复药材: 紫菀
2025-07-09 11:25:39,459 - INFO - 跳过重复药材: 百部
2025-07-09 11:25:39,459 - INFO - 跳过重复药材: 桑白皮
2025-07-09 11:25:39,459 - INFO - 跳过重复药材: 千日红
2025-07-09 11:25:39,459 - INFO - 跳过重复药材: 钟乳石
2025-07-09 11:25:39,459 - INFO - 跳过重复药材: 丁香
2025-07-09 11:25:39,459 - INFO - 跳过重复药材: 代赭石
2025-07-09 11:25:39,459 - INFO - 跳过重复药材: 朱砂
2025-07-09 11:25:39,460 - INFO - 跳过重复药材: 磁石
2025-07-09 11:25:39,460 - INFO - 跳过重复药材: 龙骨（附：龙齿）
2025-07-09 11:25:39,460 - INFO - 跳过重复药材: 牡蛎
2025-07-09 11:25:39,460 - INFO - 跳过重复药材: 琥珀
2025-07-09 11:25:39,460 - INFO - 跳过重复药材: 珍珠（附：珍珠母）
2025-07-09 11:25:39,460 - INFO - 跳过重复药材: 酸枣仁
2025-07-09 11:25:39,460 - INFO - 跳过重复药材: 柏子仁
2025-07-09 11:25:39,460 - INFO - 跳过重复药材: 远志
2025-07-09 11:25:39,460 - INFO - 跳过重复药材: 夜交藤
2025-07-09 11:25:39,460 - INFO - 跳过重复药材: 合欢皮（附：合欢花）
2025-07-09 11:25:39,460 - INFO - 跳过重复药材: 小麦
2025-07-09 11:25:39,460 - INFO - 跳过重复药材: 秫米
2025-07-09 11:25:39,460 - INFO - 跳过重复药材: 党参（附:明党参）
2025-07-09 11:25:39,460 - INFO - 跳过重复药材: 孩儿参
2025-07-09 11:25:39,460 - INFO - 跳过重复药材: 黄耆
2025-07-09 11:25:39,461 - INFO - 跳过重复药材: 白朮
2025-07-09 11:25:39,461 - INFO - 跳过重复药材: 山药
2025-07-09 11:25:39,461 - INFO - 跳过重复药材: 大枣
2025-07-09 11:25:39,461 - INFO - 跳过重复药材: 甘草
2025-07-09 11:25:39,461 - INFO - 跳过重复药材: 饴糖
2025-07-09 11:25:39,461 - INFO - 跳过重复药材: 人胞（附：脐带）
2025-07-09 11:25:39,461 - INFO - 跳过重复药材: 黄精
2025-07-09 11:25:39,461 - INFO - 跳过重复药材: 狼把草
2025-07-09 11:25:39,461 - INFO - 跳过重复药材: 金雀根（附：金雀花）
2025-07-09 11:25:39,461 - INFO - 跳过重复药材: 鹿茸
2025-07-09 11:25:39,461 - INFO - 跳过重复药材: 淫羊藿
2025-07-09 11:25:39,461 - INFO - 跳过重复药材: 仙茅
2025-07-09 11:25:39,461 - INFO - 跳过重复药材: 巴戟天
2025-07-09 11:25:39,461 - INFO - 跳过重复药材: 补骨脂
2025-07-09 11:25:39,462 - INFO - 跳过重复药材: 胡桃肉（附：胡桃夹）
2025-07-09 11:25:39,469 - INFO - 跳过重复药材: 肉苁蓉
2025-07-09 11:25:39,469 - INFO - 跳过重复药材: 益智仁
2025-07-09 11:25:39,469 - INFO - 跳过重复药材: 沙苑蒺藜
2025-07-09 11:25:39,469 - INFO - 跳过重复药材: 菟丝子
2025-07-09 11:25:39,469 - INFO - 跳过重复药材: 蛤蚧
2025-07-09 11:25:39,470 - INFO - 跳过重复药材: 冬虫夏草
2025-07-09 11:25:39,470 - INFO - 跳过重复药材: 锁阳
2025-07-09 11:25:39,470 - INFO - 跳过重复药材: 葫芦巴
2025-07-09 11:25:39,470 - INFO - 跳过重复药材: 蛇床子
2025-07-09 11:25:39,470 - INFO - 跳过重复药材: 韭子（附：韭菜根）
2025-07-09 11:25:39,470 - INFO - 跳过重复药材: 阳起石
2025-07-09 11:25:39,470 - INFO - 跳过重复药材: 骨碎补
2025-07-09 11:25:39,470 - INFO - 跳过重复药材: 海狗肾（附：黄狗肾）
2025-07-09 11:25:39,470 - INFO - 跳过重复药材: 续断
2025-07-09 11:25:39,470 - INFO - 跳过重复药材: 杜仲
2025-07-09 11:25:39,470 - INFO - 跳过重复药材: 狗脊
2025-07-09 11:25:39,470 - INFO - 跳过重复药材: 棉花子（附：棉锦皮）
2025-07-09 11:25:39,470 - INFO - 跳过重复药材: 薛荔果
2025-07-09 11:25:39,471 - INFO - 跳过重复药材: 熟地黄
2025-07-09 11:25:39,471 - INFO - 跳过重复药材: 何首乌（附：鲜首乌）
2025-07-09 11:25:39,471 - INFO - 跳过重复药材: 当归
2025-07-09 11:25:39,471 - INFO - 跳过重复药材: 白芍
2025-07-09 11:25:39,471 - INFO - 跳过重复药材: 阿胶
2025-07-09 11:25:39,471 - INFO - 跳过重复药材: 桑椹子
2025-07-09 11:25:39,471 - INFO - 跳过重复药材: 桂圆肉
2025-07-09 11:25:39,471 - INFO - 跳过重复药材: 桑寄生
2025-07-09 11:25:39,471 - INFO - 跳过重复药材: 天门冬
2025-07-09 11:25:39,471 - INFO - 跳过重复药材: 麦门冬
2025-07-09 11:25:39,471 - INFO - 跳过重复药材: 石斛
2025-07-09 11:25:39,471 - INFO - 跳过重复药材: 玉竹
2025-07-09 11:25:39,471 - INFO - 跳过重复药材: 百合
2025-07-09 11:25:39,471 - INFO - 跳过重复药材: 羊乳根
2025-07-09 11:25:39,472 - INFO - 跳过重复药材: 枸骨叶
2025-07-09 11:25:39,472 - INFO - 跳过重复药材: 枸杞子
2025-07-09 11:25:39,472 - INFO - 跳过重复药材: 女贞子（附：女贞叶）
2025-07-09 11:25:39,472 - INFO - 跳过重复药材: 旱莲草
2025-07-09 11:25:39,472 - INFO - 跳过重复药材: 龟板（附：龟板胶）
2025-07-09 11:25:39,472 - INFO - 跳过重复药材: 鳖甲（附：鳖甲胶）
2025-07-09 11:25:39,472 - INFO - 跳过重复药材: 桑寄生
2025-07-09 11:25:39,472 - INFO - 共找到 464 个药材
2025-07-09 11:25:39,472 - INFO - 正在处理 [1/464] 麻黄 (发散风寒药)
2025-07-09 11:25:39,472 - INFO - 正在解析药材详情: 麻黄, URL: https://www.zysj.com.cn/lilunshuji/zhongyaoxue/1366.html
2025-07-09 11:25:41,973 - INFO - 成功解析药材: 麻黄 (发散风寒药)
2025-07-09 11:25:41,974 - INFO -   - 拼音: 
2025-07-09 11:25:41,974 - INFO -   - 药用部位: 本品为麻黄科植物草麻黄及木贼麻黄或其它含麻黄碱的同属植物的草...
2025-07-09 11:25:41,974 - INFO -   - 性味归经: 辛、微苦，温。入肺、膀胱经。
2025-07-09 11:25:41,974 - INFO -   - 药性: 温
2025-07-09 11:25:41,974 - INFO -   - 药味: 辛、微苦
2025-07-09 11:25:41,974 - INFO -   - 归经: 肺经, 膀胱经
2025-07-09 11:25:41,974 - INFO -   - 功效: 发汗解表，宣肺平喘，利水。
2025-07-09 11:25:41,974 - INFO -   - 功效列表: 3 条
2025-07-09 11:25:41,974 - INFO -   - 临床应用: 3 条
2025-07-09 11:25:41,974 - INFO -   - 处方用名: 生麻黄、净麻黄（生用，辛散作用较强）、水炙麻黄（炒时加清水，辛散作用缓和）、蜜炙麻黄（用蜂蜜拌炒，辛散作用减弱，且有润肺之功）
2025-07-09 11:25:41,974 - INFO -   - 用法用量: 五分至三钱，煎服。
2025-07-09 11:25:41,974 - INFO -   - 按语: 3 条
2025-07-09 11:25:41,974 - INFO -   - 方剂举例: 1 条
2025-07-09 11:25:41,974 - INFO -   - 文献摘录: 3 条
2025-07-09 11:25:41,974 - INFO -   - 附药: 0 条
2025-07-09 11:25:41,974 - INFO -   - 图片: 0 张
2025-07-09 11:25:41,974 - INFO - 成功添加药材: 麻黄
2025-07-09 11:25:43,987 - INFO - 正在处理 [2/464] 桂枝 (发散风寒药)
2025-07-09 11:25:43,988 - INFO - 正在解析药材详情: 桂枝, URL: https://www.zysj.com.cn/lilunshuji/zhongyaoxue/1367.html
2025-07-09 11:25:46,367 - INFO - 成功解析药材: 桂枝 (发散风寒药)
2025-07-09 11:25:46,367 - INFO -   - 拼音: 
2025-07-09 11:25:46,367 - INFO -   - 药用部位: 本品为樟科植物菌桂的细枝。
2025-07-09 11:25:46,367 - INFO -   - 性味归经: 辛、甘，温。入心、肺、膀胱经。
2025-07-09 11:25:46,367 - INFO -   - 药性: 温
2025-07-09 11:25:46,367 - INFO -   - 药味: 辛、甘
2025-07-09 11:25:46,367 - INFO -   - 归经: 心经, 肺经, 膀胱经
2025-07-09 11:25:46,367 - INFO -   - 功效: 发汗解表，温通经脉，通阳化气。
2025-07-09 11:25:46,367 - INFO -   - 功效列表: 3 条
2025-07-09 11:25:46,367 - INFO -   - 临床应用: 3 条
2025-07-09 11:25:46,367 - INFO -   - 处方用名: 桂枝、川桂枝（洗净，晒干，切碎用）
2025-07-09 11:25:46,367 - INFO -   - 用法用量: 一钱至三钱，煎服。
2025-07-09 11:25:46,367 - INFO -   - 按语: 2 条
2025-07-09 11:25:46,367 - INFO -   - 方剂举例: 1 条
2025-07-09 11:25:46,367 - INFO -   - 文献摘录: 4 条
2025-07-09 11:25:46,367 - INFO -   - 附药: 0 条
2025-07-09 11:25:46,368 - INFO -   - 图片: 0 张
2025-07-09 11:25:46,368 - INFO - 成功添加药材: 桂枝
2025-07-09 11:25:48,373 - INFO - 正在处理 [3/464] 紫苏 (发散风寒药)
2025-07-09 11:25:48,375 - INFO - 正在解析药材详情: 紫苏, URL: https://www.zysj.com.cn/lilunshuji/zhongyaoxue/1368.html
2025-07-09 11:25:50,746 - INFO - 成功解析药材: 紫苏 (发散风寒药)
2025-07-09 11:25:50,747 - INFO -   - 拼音: 
2025-07-09 11:25:50,747 - INFO -   - 药用部位: 本品为唇形科植物紫苏的茎叶。
2025-07-09 11:25:50,747 - INFO -   - 性味归经: 辛、温。入肺、脾经。
2025-07-09 11:25:50,747 - INFO -   - 药性: 温
2025-07-09 11:25:50,747 - INFO -   - 药味: 辛
2025-07-09 11:25:50,747 - INFO -   - 归经: 肺经, 脾经
2025-07-09 11:25:50,747 - INFO -   - 功效: 发汗解表，行气宽中，解鱼蟹毒。
2025-07-09 11:25:50,747 - INFO -   - 功效列表: 3 条
2025-07-09 11:25:50,747 - INFO -   - 临床应用: 3 条
2025-07-09 11:25:50,747 - INFO -   - 处方用名: 紫苏、紫苏叶（洗净，晒干，切碎用）
2025-07-09 11:25:50,747 - INFO -   - 用法用量: 一钱至三钱，煎服。
2025-07-09 11:25:50,747 - INFO -   - 按语: 1 条
2025-07-09 11:25:50,747 - INFO -   - 方剂举例: 1 条
2025-07-09 11:25:50,747 - INFO -   - 文献摘录: 4 条
2025-07-09 11:25:50,747 - INFO -   - 附药: 0 条
2025-07-09 11:25:50,747 - INFO -   - 图片: 0 张
2025-07-09 11:25:50,747 - INFO - 成功添加药材: 紫苏
2025-07-09 11:25:52,756 - INFO - 正在处理 [4/464] 荆芥 (发散风寒药)
2025-07-09 11:25:52,756 - INFO - 正在解析药材详情: 荆芥, URL: https://www.zysj.com.cn/lilunshuji/zhongyaoxue/1369.html
2025-07-09 11:25:55,162 - INFO - 成功解析药材: 荆芥 (发散风寒药)
2025-07-09 11:25:55,162 - INFO -   - 拼音: 
2025-07-09 11:25:55,162 - INFO -   - 药用部位: 本品为唇形科植物荆芥的茎叶及花穗。
2025-07-09 11:25:55,162 - INFO -   - 性味归经: 辛，温。入肺、肝经。
2025-07-09 11:25:55,162 - INFO -   - 药性: 温
2025-07-09 11:25:55,162 - INFO -   - 药味: 辛
2025-07-09 11:25:55,162 - INFO -   - 归经: 肺经, 肝经
2025-07-09 11:25:55,162 - INFO -   - 功效: 祛风解表，止血。
2025-07-09 11:25:55,162 - INFO -   - 功效列表: 2 条
2025-07-09 11:25:55,162 - INFO -   - 临床应用: 4 条
2025-07-09 11:25:55,162 - INFO -   - 处方用名: 荆芥、荆芥穗（生用，主要用于祛风解表）
炒荆芥（炒至微黄色，发表力缓和）
荆芥炭（炒至黑色为度，用于止血）
2025-07-09 11:25:55,162 - INFO -   - 用法用量: 一钱至三钱，煎服。
2025-07-09 11:25:55,162 - INFO -   - 按语: 2 条
2025-07-09 11:25:55,162 - INFO -   - 方剂举例: 1 条
2025-07-09 11:25:55,162 - INFO -   - 文献摘录: 3 条
2025-07-09 11:25:55,162 - INFO -   - 附药: 0 条
2025-07-09 11:25:55,163 - INFO -   - 图片: 0 张
2025-07-09 11:25:55,163 - INFO - 成功添加药材: 荆芥
2025-07-09 11:25:57,166 - INFO - 正在处理 [5/464] 防风 (发散风寒药)
2025-07-09 11:25:57,167 - INFO - 正在解析药材详情: 防风, URL: https://www.zysj.com.cn/lilunshuji/zhongyaoxue/1370.html
2025-07-09 11:25:59,541 - INFO - 成功解析药材: 防风 (发散风寒药)
2025-07-09 11:25:59,541 - INFO -   - 拼音: 
2025-07-09 11:25:59,541 - INFO -   - 药用部位: 本品为伞形科防风植物的根。
2025-07-09 11:25:59,541 - INFO -   - 性味归经: 辛、甘，微温。入膀胱、肝、脾经。
2025-07-09 11:25:59,541 - INFO -   - 药性: 微温
2025-07-09 11:25:59,541 - INFO -   - 药味: 辛、甘
2025-07-09 11:25:59,541 - INFO -   - 归经: 膀胱经, 肝经, 脾经
2025-07-09 11:25:59,541 - INFO -   - 功效: 祛风解表，胜湿解痉，止泻止血。
2025-07-09 11:25:59,541 - INFO -   - 功效列表: 3 条
2025-07-09 11:25:59,541 - INFO -   - 临床应用: 2 条
2025-07-09 11:25:59,541 - INFO -   - 处方用名: 防风、青防风（生用，主要用于解表、祛风湿、解痉）
炒防风（炒至焦黄色为度，解表力缓和，用于止泻）
防风炭（炒至黑色为度，用于止血）
2025-07-09 11:25:59,541 - INFO -   - 用法用量: 一钱至三钱，煎服。
2025-07-09 11:25:59,541 - INFO -   - 按语: 4 条
2025-07-09 11:25:59,541 - INFO -   - 方剂举例: 1 条
2025-07-09 11:25:59,541 - INFO -   - 文献摘录: 4 条
2025-07-09 11:25:59,541 - INFO -   - 附药: 0 条
2025-07-09 11:25:59,541 - INFO -   - 图片: 0 张
2025-07-09 11:25:59,541 - INFO - 成功添加药材: 防风
2025-07-09 11:25:59,542 - INFO - 数据已保存到 zysj_herbal_data.json，当前共 5 条记录
2025-07-09 11:26:01,545 - INFO - 正在处理 [6/464] 羌活 (发散风寒药)
2025-07-09 11:26:01,546 - INFO - 正在解析药材详情: 羌活, URL: https://www.zysj.com.cn/lilunshuji/zhongyaoxue/1371.html
2025-07-09 11:26:03,937 - INFO - 成功解析药材: 羌活 (发散风寒药)
2025-07-09 11:26:03,938 - INFO -   - 拼音: 
2025-07-09 11:26:03,938 - INFO -   - 药用部位: 本品为伞形科植物福氏羌活的根茎及根
2025-07-09 11:26:03,938 - INFO -   - 性味归经: 辛、苦，温。入膀胱、肾经。
2025-07-09 11:26:03,938 - INFO -   - 药性: 温
2025-07-09 11:26:03,938 - INFO -   - 药味: 辛、苦
2025-07-09 11:26:03,938 - INFO -   - 归经: 膀胱经, 肾经
2025-07-09 11:26:03,938 - INFO -   - 功效: 祛风解表，祛风湿，止痛。
2025-07-09 11:26:03,938 - INFO -   - 功效列表: 3 条
2025-07-09 11:26:03,938 - INFO -   - 临床应用: 2 条
2025-07-09 11:26:03,938 - INFO -   - 处方用名: 羌活、川羌活（洗净，晒干，切片用）
2025-07-09 11:26:03,938 - INFO -   - 用法用量: 一钱至三钱，煎服。
2025-07-09 11:26:03,938 - INFO -   - 按语: 1 条
2025-07-09 11:26:03,938 - INFO -   - 方剂举例: 1 条
2025-07-09 11:26:03,938 - INFO -   - 文献摘录: 2 条
2025-07-09 11:26:03,938 - INFO -   - 附药: 0 条
2025-07-09 11:26:03,938 - INFO -   - 图片: 0 张
2025-07-09 11:26:03,938 - INFO - 成功添加药材: 羌活
2025-07-09 11:26:05,952 - INFO - 正在处理 [7/464] 细辛 (发散风寒药)
2025-07-09 11:26:05,953 - INFO - 正在解析药材详情: 细辛, URL: https://www.zysj.com.cn/lilunshuji/zhongyaoxue/1372.html
2025-07-09 11:26:09,376 - INFO - 成功解析药材: 细辛 (发散风寒药)
2025-07-09 11:26:09,376 - INFO -   - 拼音: 
2025-07-09 11:26:09,376 - INFO -   - 药用部位: 本品为马兜铃科植物东北细辛或细辛的全草。
2025-07-09 11:26:09,376 - INFO -   - 性味归经: 辛，温。入心、肺、肝、肾经。
2025-07-09 11:26:09,376 - INFO -   - 药性: 温
2025-07-09 11:26:09,376 - INFO -   - 药味: 辛
2025-07-09 11:26:09,376 - INFO -   - 归经: 心经, 肺经, 肝经, 肾经
2025-07-09 11:26:09,376 - INFO -   - 功效: 发散风寒，祛风止痛，温肺化饮。
2025-07-09 11:26:09,376 - INFO -   - 功效列表: 3 条
2025-07-09 11:26:09,376 - INFO -   - 临床应用: 3 条
2025-07-09 11:26:09,377 - INFO -   - 处方用名: 北细辛、细辛（喜净，晒干，切碎用）、炙细辛（用蜂蜜拌炙，减少温散之性）
2025-07-09 11:26:09,377 - INFO -   - 用法用量: 一钱至一钱五分，煎服。外用适量。
2025-07-09 11:26:09,377 - INFO -   - 按语: 1 条
2025-07-09 11:26:09,377 - INFO -   - 方剂举例: 1 条
2025-07-09 11:26:09,377 - INFO -   - 文献摘录: 3 条
2025-07-09 11:26:09,377 - INFO -   - 附药: 0 条
2025-07-09 11:26:09,377 - INFO -   - 图片: 0 张
2025-07-09 11:26:09,377 - INFO - 成功添加药材: 细辛
2025-07-09 11:26:11,383 - INFO - 正在处理 [8/464] 白芷 (发散风寒药)
2025-07-09 11:26:11,384 - INFO - 正在解析药材详情: 白芷, URL: https://www.zysj.com.cn/lilunshuji/zhongyaoxue/1373.html
2025-07-09 11:26:13,751 - INFO - 成功解析药材: 白芷 (发散风寒药)
2025-07-09 11:26:13,751 - INFO -   - 拼音: 
2025-07-09 11:26:13,751 - INFO -   - 药用部位: 本品为伞形科植物白芷或川白芷的根。
2025-07-09 11:26:13,752 - INFO -   - 性味归经: 辛，温。入肺、胃经。
2025-07-09 11:26:13,752 - INFO -   - 药性: 温
2025-07-09 11:26:13,752 - INFO -   - 药味: 辛
2025-07-09 11:26:13,752 - INFO -   - 归经: 肺经, 胃经
2025-07-09 11:26:13,752 - INFO -   - 功效: 祛风解表，止痛，消肿排脓，燥湿止带。
2025-07-09 11:26:13,752 - INFO -   - 功效列表: 4 条
2025-07-09 11:26:13,752 - INFO -   - 临床应用: 4 条
2025-07-09 11:26:13,752 - INFO -   - 处方用名: 白芷、香白芷（洗净，晒干，切片用）
2025-07-09 11:26:13,752 - INFO -   - 用法用量: 一钱至三钱，煎服。外用适量。
2025-07-09 11:26:13,752 - INFO -   - 按语: 2 条
2025-07-09 11:26:13,752 - INFO -   - 方剂举例: 1 条
2025-07-09 11:26:13,752 - INFO -   - 文献摘录: 0 条
2025-07-09 11:26:13,752 - INFO -   - 附药: 0 条
2025-07-09 11:26:13,752 - INFO -   - 图片: 0 张
2025-07-09 11:26:13,752 - INFO - 成功添加药材: 白芷
2025-07-09 11:26:15,768 - INFO - 正在处理 [9/464] 藁本 (发散风寒药)
2025-07-09 11:26:15,769 - INFO - 正在解析药材详情: 藁本, URL: https://www.zysj.com.cn/lilunshuji/zhongyaoxue/1374.html
2025-07-09 11:26:18,145 - INFO - 成功解析药材: 藁本 (发散风寒药)
2025-07-09 11:26:18,145 - INFO -   - 拼音: 
2025-07-09 11:26:18,145 - INFO -   - 药用部位: 本品为伞形科植物藁本的根茎及根。
2025-07-09 11:26:18,145 - INFO -   - 性味归经: 辛，温。入膀胱经。
2025-07-09 11:26:18,145 - INFO -   - 药性: 温
2025-07-09 11:26:18,145 - INFO -   - 药味: 辛
2025-07-09 11:26:18,145 - INFO -   - 归经: 膀胱经
2025-07-09 11:26:18,145 - INFO -   - 功效: 祛风散寒止痛。
2025-07-09 11:26:18,145 - INFO -   - 功效列表: 1 条
2025-07-09 11:26:18,145 - INFO -   - 临床应用: 3 条
2025-07-09 11:26:18,145 - INFO -   - 处方用名: 藁本、川藁本（洗净，晒干，切片用）
2025-07-09 11:26:18,145 - INFO -   - 用法用量: 一钱至三钱，煎服。
2025-07-09 11:26:18,145 - INFO -   - 按语: 0 条
2025-07-09 11:26:18,145 - INFO -   - 方剂举例: 1 条
2025-07-09 11:26:18,145 - INFO -   - 文献摘录: 4 条
2025-07-09 11:26:18,145 - INFO -   - 附药: 0 条
2025-07-09 11:26:18,145 - INFO -   - 图片: 0 张
2025-07-09 11:26:18,145 - INFO - 成功添加药材: 藁本
2025-07-09 11:26:20,152 - INFO - 正在处理 [10/464] 香薷 (发散风寒药)
2025-07-09 11:26:20,153 - INFO - 正在解析药材详情: 香薷, URL: https://www.zysj.com.cn/lilunshuji/zhongyaoxue/1375.html
2025-07-09 11:26:22,538 - INFO - 成功解析药材: 香薷 (发散风寒药)
2025-07-09 11:26:22,538 - INFO -   - 拼音: 
2025-07-09 11:26:22,538 - INFO -   - 药用部位: 本品为唇形科植物海州香薷的全草。
2025-07-09 11:26:22,538 - INFO -   - 性味归经: 辛，微温。入肺、胃经。
2025-07-09 11:26:22,538 - INFO -   - 药性: 微温
2025-07-09 11:26:22,538 - INFO -   - 药味: 辛
2025-07-09 11:26:22,538 - INFO -   - 归经: 肺经, 胃经
2025-07-09 11:26:22,538 - INFO -   - 功效: 发汗解表，祛暑化湿，利水消肿。
2025-07-09 11:26:22,538 - INFO -   - 功效列表: 3 条
2025-07-09 11:26:22,538 - INFO -   - 临床应用: 3 条
2025-07-09 11:26:22,538 - INFO -   - 处方用名: 香薷、陈香薷、香茹（洗净，晒干，切碎用）
2025-07-09 11:26:22,538 - INFO -   - 用法用量: 一钱至三钱，煎服。
2025-07-09 11:26:22,538 - INFO -   - 按语: 1 条
2025-07-09 11:26:22,538 - INFO -   - 方剂举例: 1 条
2025-07-09 11:26:22,538 - INFO -   - 文献摘录: 2 条
2025-07-09 11:26:22,538 - INFO -   - 附药: 0 条
2025-07-09 11:26:22,538 - INFO -   - 图片: 0 张
2025-07-09 11:26:22,538 - INFO - 成功添加药材: 香薷
2025-07-09 11:26:22,539 - INFO - 数据已保存到 zysj_herbal_data.json，当前共 10 条记录
2025-07-09 11:26:24,554 - INFO - 正在处理 [11/464] 生姜 (发散风寒药)
2025-07-09 11:26:24,554 - INFO - 正在解析药材详情: 生姜, URL: https://www.zysj.com.cn/lilunshuji/zhongyaoxue/1376.html
2025-07-09 11:26:26,915 - INFO - 成功解析药材: 生姜 (发散风寒药)
2025-07-09 11:26:26,916 - INFO -   - 拼音: 
2025-07-09 11:26:26,916 - INFO -   - 药用部位: 本品为姜科植物晶的新鲜根茎。
2025-07-09 11:26:26,916 - INFO -   - 性味归经: 辛，微温。入肺、脾、胃经。
2025-07-09 11:26:26,916 - INFO -   - 药性: 微温
2025-07-09 11:26:26,916 - INFO -   - 药味: 辛
2025-07-09 11:26:26,916 - INFO -   - 归经: 肺经, 脾经, 胃经
2025-07-09 11:26:26,916 - INFO -   - 功效: 发汗解表、温中止呕、解毒。
2025-07-09 11:26:26,916 - INFO -   - 功效列表: 3 条
2025-07-09 11:26:26,916 - INFO -   - 临床应用: 3 条
2025-07-09 11:26:26,916 - INFO -   - 处方用名: 生姜（用新鲜者）
2025-07-09 11:26:26,916 - INFO -   - 用法用量: 二片至三片（每片约二分至三分），煎服。
2025-07-09 11:26:26,916 - INFO -   - 按语: 0 条
2025-07-09 11:26:26,916 - INFO -   - 方剂举例: 1 条
2025-07-09 11:26:26,916 - INFO -   - 文献摘录: 0 条
2025-07-09 11:26:26,916 - INFO -   - 附药: 3 条
2025-07-09 11:26:26,916 - INFO -   - 图片: 0 张
2025-07-09 11:26:26,916 - INFO - 成功添加药材: 生姜
2025-07-09 11:26:28,920 - INFO - 正在处理 [12/464] 葱白 (发散风寒药)
2025-07-09 11:26:28,920 - INFO - 正在解析药材详情: 葱白, URL: https://www.zysj.com.cn/lilunshuji/zhongyaoxue/1377.html
2025-07-09 11:26:31,285 - INFO - 成功解析药材: 葱白 (发散风寒药)
2025-07-09 11:26:31,285 - INFO -   - 拼音: 
2025-07-09 11:26:31,285 - INFO -   - 药用部位: 本品为石蒜科植物葱的新鲜的鳞茎。
2025-07-09 11:26:31,285 - INFO -   - 性味归经: 辛，温。入肺、胃经。
2025-07-09 11:26:31,285 - INFO -   - 药性: 温
2025-07-09 11:26:31,285 - INFO -   - 药味: 辛
2025-07-09 11:26:31,285 - INFO -   - 归经: 肺经, 胃经
2025-07-09 11:26:31,286 - INFO -   - 功效: 发汗解表，通阳。
2025-07-09 11:26:31,286 - INFO -   - 功效列表: 2 条
2025-07-09 11:26:31,286 - INFO -   - 临床应用: 3 条
2025-07-09 11:26:31,286 - INFO -   - 处方用名: 葱白、葱白头（用新鲜者，一般须病家自加）
2025-07-09 11:26:31,286 - INFO -   - 用法用量: 二枚至八枚，煎服。外用适量。
2025-07-09 11:26:31,286 - INFO -   - 按语: 0 条
2025-07-09 11:26:31,286 - INFO -   - 方剂举例: 1 条
2025-07-09 11:26:31,286 - INFO -   - 文献摘录: 0 条
2025-07-09 11:26:31,286 - INFO -   - 附药: 0 条
2025-07-09 11:26:31,286 - INFO -   - 图片: 0 张
2025-07-09 11:26:31,286 - INFO - 成功添加药材: 葱白
2025-07-09 11:26:33,292 - INFO - 正在处理 [13/464] 辛夷 (发散风寒药)
2025-07-09 11:26:33,293 - INFO - 正在解析药材详情: 辛夷, URL: https://www.zysj.com.cn/lilunshuji/zhongyaoxue/1378.html
2025-07-09 11:26:35,676 - INFO - 成功解析药材: 辛夷 (发散风寒药)
2025-07-09 11:26:35,676 - INFO -   - 拼音: 
2025-07-09 11:26:35,676 - INFO -   - 药用部位: 本品为木兰科植物木兰的花蕾。
2025-07-09 11:26:35,676 - INFO -   - 性味归经: 辛，温。入肺、胃经。
2025-07-09 11:26:35,676 - INFO -   - 药性: 温
2025-07-09 11:26:35,676 - INFO -   - 药味: 辛
2025-07-09 11:26:35,676 - INFO -   - 归经: 肺经, 胃经
2025-07-09 11:26:35,676 - INFO -   - 功效: 散风，通窍。
2025-07-09 11:26:35,676 - INFO -   - 功效列表: 2 条
2025-07-09 11:26:35,676 - INFO -   - 临床应用: 2 条
2025-07-09 11:26:35,676 - INFO -   - 处方用名: 辛夷、辛夷花、木笔花、春花（晒干用）
2025-07-09 11:26:35,676 - INFO -   - 用法用量: 一钱至二钱，煎服。
2025-07-09 11:26:35,676 - INFO -   - 按语: 0 条
2025-07-09 11:26:35,676 - INFO -   - 方剂举例: 1 条
2025-07-09 11:26:35,676 - INFO -   - 文献摘录: 0 条
2025-07-09 11:26:35,676 - INFO -   - 附药: 0 条
2025-07-09 11:26:35,676 - INFO -   - 图片: 0 张
2025-07-09 11:26:35,676 - INFO - 成功添加药材: 辛夷
2025-07-09 11:26:37,690 - INFO - 正在处理 [14/464] 芫荽 (发散风寒药)
2025-07-09 11:26:37,691 - INFO - 正在解析药材详情: 芫荽, URL: https://www.zysj.com.cn/lilunshuji/zhongyaoxue/1379.html
2025-07-09 11:26:40,093 - INFO - 成功解析药材: 芫荽 (发散风寒药)
2025-07-09 11:26:40,093 - INFO -   - 拼音: 
2025-07-09 11:26:40,093 - INFO -   - 药用部位: 本品为伞形科植物胡荽的全草。
2025-07-09 11:26:40,093 - INFO -   - 性味归经: 辛，温。入肺、胃经。
2025-07-09 11:26:40,093 - INFO -   - 药性: 温
2025-07-09 11:26:40,093 - INFO -   - 药味: 辛
2025-07-09 11:26:40,093 - INFO -   - 归经: 肺经, 胃经
2025-07-09 11:26:40,093 - INFO -   - 功效: 发表透疹
2025-07-09 11:26:40,094 - INFO -   - 功效列表: 1 条
2025-07-09 11:26:40,094 - INFO -   - 临床应用: 3 条
2025-07-09 11:26:40,094 - INFO -   - 处方用名: 胡荽、芫荽（鲜用或洗净，晒干，切碎用）
2025-07-09 11:26:40,094 - INFO -   - 用法用量: 一钱至三钱，煎服。外用适量，煎汤乘热熏洗。
2025-07-09 11:26:40,094 - INFO -   - 按语: 0 条
2025-07-09 11:26:40,094 - INFO -   - 方剂举例: 1 条
2025-07-09 11:26:40,094 - INFO -   - 文献摘录: 0 条
2025-07-09 11:26:40,094 - INFO -   - 附药: 1 条
2025-07-09 11:26:40,094 - INFO -   - 图片: 0 张
2025-07-09 11:26:40,094 - INFO - 成功添加药材: 芫荽
2025-07-09 11:26:42,103 - INFO - 正在处理 [15/464] 薄荷 (发散风热药)
2025-07-09 11:26:42,103 - INFO - 正在解析药材详情: 薄荷, URL: https://www.zysj.com.cn/lilunshuji/zhongyaoxue/1381.html
2025-07-09 11:26:44,461 - INFO - 成功解析药材: 薄荷 (发散风热药)
2025-07-09 11:26:44,461 - INFO -   - 拼音: 
2025-07-09 11:26:44,461 - INFO -   - 药用部位: 本品为唇形科植物薄荷的茎叶。
2025-07-09 11:26:44,461 - INFO -   - 性味归经: 辛，凉。入肺、肝经。
2025-07-09 11:26:44,461 - INFO -   - 药性: 凉
2025-07-09 11:26:44,461 - INFO -   - 药味: 辛
2025-07-09 11:26:44,461 - INFO -   - 归经: 肺经, 肝经
2025-07-09 11:26:44,461 - INFO -   - 功效: 疏散风热，清利咽喉，透疹。
2025-07-09 11:26:44,461 - INFO -   - 功效列表: 3 条
2025-07-09 11:26:44,461 - INFO -   - 临床应用: 3 条
2025-07-09 11:26:44,461 - INFO -   - 处方用名: 薄荷、薄荷叶、苏薄荷（洗净，晒干，切碎用。）
2025-07-09 11:26:44,461 - INFO -   - 用法用量: 八分至一钱五分，煎服。宜后下。
2025-07-09 11:26:44,461 - INFO -   - 按语: 0 条
2025-07-09 11:26:44,461 - INFO -   - 方剂举例: 1 条
2025-07-09 11:26:44,461 - INFO -   - 文献摘录: 0 条
2025-07-09 11:26:44,461 - INFO -   - 附药: 1 条
2025-07-09 11:26:44,461 - INFO -   - 图片: 0 张
2025-07-09 11:26:44,461 - INFO - 成功添加药材: 薄荷
2025-07-09 11:26:44,463 - INFO - 数据已保存到 zysj_herbal_data.json，当前共 15 条记录
2025-07-09 11:26:46,473 - INFO - 正在处理 [16/464] 牛蒡子 (发散风热药)
2025-07-09 11:26:46,474 - INFO - 正在解析药材详情: 牛蒡子, URL: https://www.zysj.com.cn/lilunshuji/zhongyaoxue/1382.html
2025-07-09 11:26:48,835 - INFO - 成功解析药材: 牛蒡子 (发散风热药)
2025-07-09 11:26:48,835 - INFO -   - 拼音: 
2025-07-09 11:26:48,835 - INFO -   - 药用部位: 本品为菊科植物牛蒡的成熟果实。
2025-07-09 11:26:48,835 - INFO -   - 性味归经: 辛、苦，寒。入肺、胃经。
2025-07-09 11:26:48,835 - INFO -   - 药性: 寒
2025-07-09 11:26:48,835 - INFO -   - 药味: 辛、苦
2025-07-09 11:26:48,835 - INFO -   - 归经: 肺经, 胃经
2025-07-09 11:26:48,835 - INFO -   - 功效: 疏散风热，祛痰止咳，清热解毒。
2025-07-09 11:26:48,835 - INFO -   - 功效列表: 3 条
2025-07-09 11:26:48,835 - INFO -   - 临床应用: 4 条
2025-07-09 11:26:48,835 - INFO -   - 处方用名: 牛蒡子、大力子、鼠粘子、熟牛蒡、炒牛蒡（炒微焦用）
2025-07-09 11:26:48,835 - INFO -   - 用法用量: 一钱至三钱，煎服。
2025-07-09 11:26:48,836 - INFO -   - 按语: 3 条
2025-07-09 11:26:48,836 - INFO -   - 方剂举例: 1 条
2025-07-09 11:26:48,836 - INFO -   - 文献摘录: 0 条
2025-07-09 11:26:48,836 - INFO -   - 附药: 0 条
2025-07-09 11:26:48,836 - INFO -   - 图片: 0 张
2025-07-09 11:26:48,836 - INFO - 成功添加药材: 牛蒡子
2025-07-09 11:26:50,840 - INFO - 正在处理 [17/464] 桑叶 (发散风热药)
2025-07-09 11:26:50,841 - INFO - 正在解析药材详情: 桑叶, URL: https://www.zysj.com.cn/lilunshuji/zhongyaoxue/1383.html
2025-07-09 11:26:53,235 - INFO - 成功解析药材: 桑叶 (发散风热药)
2025-07-09 11:26:53,235 - INFO -   - 拼音: 
2025-07-09 11:26:53,235 - INFO -   - 药用部位: 本品桑科植物桑树的叶。
2025-07-09 11:26:53,235 - INFO -   - 性味归经: 苦、甘、寒。入肺、肝经。
2025-07-09 11:26:53,235 - INFO -   - 药性: 寒
2025-07-09 11:26:53,235 - INFO -   - 药味: 苦、甘
2025-07-09 11:26:53,235 - INFO -   - 归经: 肺经, 肝经
2025-07-09 11:26:53,235 - INFO -   - 功效: 疏散风热，清肝明目。
2025-07-09 11:26:53,235 - INFO -   - 功效列表: 2 条
2025-07-09 11:26:53,235 - INFO -   - 临床应用: 2 条
2025-07-09 11:26:53,236 - INFO -   - 处方用名: 冬桑叶、霜桑叶（深秋采集者，认为作用较好，洗净、晒干，切碎用。）、蒸桑叶（将桑叶蒸后用，主要用于明目。）
2025-07-09 11:26:53,236 - INFO -   - 用法用量: 一钱至三钱，煎服。
2025-07-09 11:26:53,236 - INFO -   - 按语: 2 条
2025-07-09 11:26:53,236 - INFO -   - 方剂举例: 1 条
2025-07-09 11:26:53,236 - INFO -   - 文献摘录: 0 条
2025-07-09 11:26:53,236 - INFO -   - 附药: 0 条
2025-07-09 11:26:53,236 - INFO -   - 图片: 0 张
2025-07-09 11:26:53,236 - INFO - 成功添加药材: 桑叶
2025-07-09 11:26:55,243 - INFO - 正在处理 [18/464] 菊花 (发散风热药)
2025-07-09 11:26:55,244 - INFO - 正在解析药材详情: 菊花, URL: https://www.zysj.com.cn/lilunshuji/zhongyaoxue/1384.html
2025-07-09 11:26:57,602 - INFO - 成功解析药材: 菊花 (发散风热药)
2025-07-09 11:26:57,602 - INFO -   - 拼音: 
2025-07-09 11:26:57,602 - INFO -   - 药用部位: 本品为菊科植物菊及其变种的头状花序。
2025-07-09 11:26:57,602 - INFO -   - 性味归经: 甘、苦，微寒。入肺、肝经。
2025-07-09 11:26:57,602 - INFO -   - 药性: 微寒
2025-07-09 11:26:57,602 - INFO -   - 药味: 甘、苦
2025-07-09 11:26:57,602 - INFO -   - 归经: 肺经, 肝经
2025-07-09 11:26:57,602 - INFO -   - 功效: 疏散风热，明目，清热解毒，平肝阳。
2025-07-09 11:26:57,602 - INFO -   - 功效列表: 4 条
2025-07-09 11:26:57,602 - INFO -   - 临床应用: 4 条
2025-07-09 11:26:57,602 - INFO -   - 处方用名: 黄菊花、杭菊花（均为黄色之菊花，生用；疏散风热、清热解毒作用较好。）
白菊花、甘菊花、滁菊花（均为白色之菊花，生用；平肝作用较好。）
2025-07-09 11:26:57,602 - INFO -   - 用法用量: 三钱至五钱,煎服。
2025-07-09 11:26:57,602 - INFO -   - 按语: 2 条
2025-07-09 11:26:57,602 - INFO -   - 方剂举例: 1 条
2025-07-09 11:26:57,602 - INFO -   - 文献摘录: 0 条
2025-07-09 11:26:57,602 - INFO -   - 附药: 2 条
2025-07-09 11:26:57,602 - INFO -   - 图片: 0 张
2025-07-09 11:26:57,603 - INFO - 成功添加药材: 菊花
2025-07-09 11:26:59,609 - INFO - 正在处理 [19/464] 葛根 (发散风热药)
2025-07-09 11:26:59,609 - INFO - 正在解析药材详情: 葛根, URL: https://www.zysj.com.cn/lilunshuji/zhongyaoxue/1385.html
2025-07-09 11:27:01,996 - INFO - 成功解析药材: 葛根 (发散风热药)
2025-07-09 11:27:01,996 - INFO -   - 拼音: 
2025-07-09 11:27:01,996 - INFO -   - 药用部位: 本品为豆科植物粉葛的根。
2025-07-09 11:27:01,996 - INFO -   - 性味归经: 甘、辛，平。入脾，胃经。
2025-07-09 11:27:01,996 - INFO -   - 药性: 平
2025-07-09 11:27:01,996 - INFO -   - 药味: 甘、辛
2025-07-09 11:27:01,996 - INFO -   - 归经: 脾经, 胃经
2025-07-09 11:27:01,996 - INFO -   - 功效: 解表，透疹，生津，止泻。
2025-07-09 11:27:01,996 - INFO -   - 功效列表: 4 条
2025-07-09 11:27:01,996 - INFO -   - 临床应用: 4 条
2025-07-09 11:27:01,996 - INFO -   - 处方用名: 生葛根、粉葛根（生用，用于解表、透疹、生津。）、煨葛根（用麸皮同炒至微黄色为度，用于止泻。
2025-07-09 11:27:01,996 - INFO -   - 用法用量: 三钱至五钱，煎服。
2025-07-09 11:27:01,996 - INFO -   - 按语: 2 条
2025-07-09 11:27:01,996 - INFO -   - 方剂举例: 1 条
2025-07-09 11:27:01,996 - INFO -   - 文献摘录: 0 条
2025-07-09 11:27:01,996 - INFO -   - 附药: 1 条
2025-07-09 11:27:01,996 - INFO -   - 图片: 0 张
2025-07-09 11:27:01,996 - INFO - 成功添加药材: 葛根
2025-07-09 11:27:04,007 - INFO - 正在处理 [20/464] 升麻 (发散风热药)
2025-07-09 11:27:04,009 - INFO - 正在解析药材详情: 升麻, URL: https://www.zysj.com.cn/lilunshuji/zhongyaoxue/1386.html
2025-07-09 11:27:06,355 - INFO - 成功解析药材: 升麻 (发散风热药)
2025-07-09 11:27:06,355 - INFO -   - 拼音: 
2025-07-09 11:27:06,355 - INFO -   - 药用部位: 本品为毛茛科植物西升麻或关升麻的根茎。
2025-07-09 11:27:06,355 - INFO -   - 性味归经: 甘、辛，微寒。入肺、脾、大肠、胃经。
2025-07-09 11:27:06,355 - INFO -   - 药性: 微寒
2025-07-09 11:27:06,355 - INFO -   - 药味: 甘、辛
2025-07-09 11:27:06,355 - INFO -   - 归经: 肺经, 脾经, 大肠经, 胃经
2025-07-09 11:27:06,355 - INFO -   - 功效: 发表透疹，清热解毒，升举阳气。
2025-07-09 11:27:06,355 - INFO -   - 功效列表: 3 条
2025-07-09 11:27:06,356 - INFO -   - 临床应用: 3 条
2025-07-09 11:27:06,356 - INFO -   - 处方用名: 升麻、绿升麻（生用，用于透疹、清热解毒。）、炙升麻（用蜂蜜拌炒，用于升举阳气。）
2025-07-09 11:27:06,356 - INFO -   - 用法用量: 一钱至三钱，煎服。
2025-07-09 11:27:06,356 - INFO -   - 按语: 1 条
2025-07-09 11:27:06,356 - INFO -   - 方剂举例: 1 条
2025-07-09 11:27:06,356 - INFO -   - 文献摘录: 0 条
2025-07-09 11:27:06,356 - INFO -   - 附药: 0 条
2025-07-09 11:27:06,356 - INFO -   - 图片: 0 张
2025-07-09 11:27:06,356 - INFO - 成功添加药材: 升麻
2025-07-09 11:27:06,358 - INFO - 数据已保存到 zysj_herbal_data.json，当前共 20 条记录
2025-07-09 11:27:08,360 - INFO - 正在处理 [21/464] 柴胡 (发散风热药)
2025-07-09 11:27:08,361 - INFO - 正在解析药材详情: 柴胡, URL: https://www.zysj.com.cn/lilunshuji/zhongyaoxue/1387.html
2025-07-09 11:27:10,737 - INFO - 成功解析药材: 柴胡 (发散风热药)
2025-07-09 11:27:10,737 - INFO -   - 拼音: 
2025-07-09 11:27:10,737 - INFO -   - 药用部位: 本品为伞形科植物北柴胡或狭叶柴胡等的根或全草。
2025-07-09 11:27:10,737 - INFO -   - 性味归经: 苦，平。入心包络、肝、三焦、胆经。
2025-07-09 11:27:10,737 - INFO -   - 药性: 平
2025-07-09 11:27:10,737 - INFO -   - 药味: 苦
2025-07-09 11:27:10,737 - INFO -   - 归经: 心包络经, 肝经, 三焦经, 胆经
2025-07-09 11:27:10,737 - INFO -   - 功效: 解表，退热，疏肝解郁，升举阳气。
2025-07-09 11:27:10,737 - INFO -   - 功效列表: 4 条
2025-07-09 11:27:10,737 - INFO -   - 临床应用: 4 条
2025-07-09 11:27:10,737 - INFO -   - 处方用名: 春柴胡、软柴胡、南柴胡、细柴胡（生用，用茎叶者）
硬柴胡、北柴胡、秋柴胡（生用，用根者）
鳖血拌柴胡（用鳖血、陈酒拌匀，主要用于虚热病症。）
2025-07-09 11:27:10,737 - INFO -   - 用法用量: 一钱至三钱，煎服。
2025-07-09 11:27:10,737 - INFO -   - 按语: 2 条
2025-07-09 11:27:10,737 - INFO -   - 方剂举例: 1 条
2025-07-09 11:27:10,737 - INFO -   - 文献摘录: 0 条
2025-07-09 11:27:10,737 - INFO -   - 附药: 0 条
2025-07-09 11:27:10,737 - INFO -   - 图片: 0 张
2025-07-09 11:27:10,737 - INFO - 成功添加药材: 柴胡
2025-07-09 11:27:12,744 - INFO - 正在处理 [22/464] 豆鼓 (发散风热药)
2025-07-09 11:27:12,744 - INFO - 正在解析药材详情: 豆鼓, URL: https://www.zysj.com.cn/lilunshuji/zhongyaoxue/1388.html
2025-07-09 11:27:15,120 - INFO - 成功解析药材: 豆鼓 (发散风热药)
2025-07-09 11:27:15,120 - INFO -   - 拼音: 
2025-07-09 11:27:15,120 - INFO -   - 药用部位: 本品为豆科植物大豆黑色的种子（即黑大豆），经加工发酵而成。
2025-07-09 11:27:15,120 - INFO -   - 性味归经: 辛、甘、微苦，寒（因炮制方法不同，又有偏于辛微温者）。入肺、...
2025-07-09 11:27:15,120 - INFO -   - 药性: 又有偏于辛微温者）
2025-07-09 11:27:15,120 - INFO -   - 药味: 辛、甘、微苦、寒（因炮制方法不同
2025-07-09 11:27:15,120 - INFO -   - 归经: 肺经, 胃经
2025-07-09 11:27:15,120 - INFO -   - 功效: 解表，除烦。
2025-07-09 11:27:15,120 - INFO -   - 功效列表: 2 条
2025-07-09 11:27:15,120 - INFO -   - 临床应用: 2 条
2025-07-09 11:27:15,120 - INFO -   - 处方用名: 清豆鼓（用桑叶、青蒿等同制，药性偏于寒凉，主要用于感冒风热之症。）
淡豆鼓（用麻黄、紫苏等同制，药性偏于辛温，可用于感冒风寒之症。）
炒香鼓（炒微焦后应用。上海地区药店付淡豆鼓。）
2025-07-09 11:27:15,120 - INFO -   - 用法用量: 三钱至五钱，煎服。
2025-07-09 11:27:15,121 - INFO -   - 按语: 2 条
2025-07-09 11:27:15,121 - INFO -   - 方剂举例: 1 条
2025-07-09 11:27:15,121 - INFO -   - 文献摘录: 0 条
2025-07-09 11:27:15,121 - INFO -   - 附药: 0 条
2025-07-09 11:27:15,121 - INFO -   - 图片: 0 张
2025-07-09 11:27:15,121 - INFO - 成功添加药材: 豆鼓
2025-07-09 11:27:17,134 - INFO - 正在处理 [23/464] 豆卷 (发散风热药)
2025-07-09 11:27:17,135 - INFO - 正在解析药材详情: 豆卷, URL: https://www.zysj.com.cn/lilunshuji/zhongyaoxue/1389.html
2025-07-09 11:27:19,510 - INFO - 成功解析药材: 豆卷 (发散风热药)
2025-07-09 11:27:19,510 - INFO -   - 拼音: 
2025-07-09 11:27:19,510 - INFO -   - 药用部位: 本品为豆科植物大豆黑色的种子（即黑大豆）发芽者。
2025-07-09 11:27:19,510 - INFO -   - 性味归经: 甘，平。入脾、胃经。
2025-07-09 11:27:19,510 - INFO -   - 药性: 平
2025-07-09 11:27:19,510 - INFO -   - 药味: 甘
2025-07-09 11:27:19,510 - INFO -   - 归经: 脾经, 胃经
2025-07-09 11:27:19,511 - INFO -   - 功效: 透邪解表，清利湿热。
2025-07-09 11:27:19,511 - INFO -   - 功效列表: 2 条
2025-07-09 11:27:19,511 - INFO -   - 临床应用: 2 条
2025-07-09 11:27:19,511 - INFO -   - 处方用名: 清水豆卷、大豆黄卷、大豆卷（为清水浸泡发芽者〈外地也有用麻黄水拌浸者，则药性偏温〉。）
2025-07-09 11:27:19,511 - INFO -   - 用法用量: 三钱至五钱，煎服。
2025-07-09 11:27:19,511 - INFO -   - 按语: 0 条
2025-07-09 11:27:19,511 - INFO -   - 方剂举例: 1 条
2025-07-09 11:27:19,511 - INFO -   - 文献摘录: 0 条
2025-07-09 11:27:19,511 - INFO -   - 附药: 0 条
2025-07-09 11:27:19,511 - INFO -   - 图片: 0 张
2025-07-09 11:27:19,511 - INFO - 成功添加药材: 豆卷
2025-07-09 11:27:21,525 - INFO - 正在处理 [24/464] 蝉蜕 (发散风热药)
2025-07-09 11:27:21,525 - INFO - 正在解析药材详情: 蝉蜕, URL: https://www.zysj.com.cn/lilunshuji/zhongyaoxue/1390.html
2025-07-09 11:27:23,878 - INFO - 成功解析药材: 蝉蜕 (发散风热药)
2025-07-09 11:27:23,878 - INFO -   - 拼音: 
2025-07-09 11:27:23,878 - INFO -   - 药用部位: 本品为蝉科昆虫黑蚱等的幼虫羽化后所脱落的皮壳。
2025-07-09 11:27:23,878 - INFO -   - 性味归经: 甘、寒。入肺、肝经。
2025-07-09 11:27:23,878 - INFO -   - 药性: 寒
2025-07-09 11:27:23,878 - INFO -   - 药味: 甘
2025-07-09 11:27:23,878 - INFO -   - 归经: 肺经, 肝经
2025-07-09 11:27:23,878 - INFO -   - 功效: 散风热，利咽喉，退目翳，定惊痫。
2025-07-09 11:27:23,878 - INFO -   - 功效列表: 4 条
2025-07-09 11:27:23,878 - INFO -   - 临床应用: 5 条
2025-07-09 11:27:23,878 - INFO -   - 处方用名: 蝉蜕、蝉退、蝉衣、净蝉衣（均洗净、生用。）
2025-07-09 11:27:23,878 - INFO -   - 用法用量: 一钱至二钱，煎服。治破伤风可用五钱至一两。
2025-07-09 11:27:23,878 - INFO -   - 按语: 0 条
2025-07-09 11:27:23,878 - INFO -   - 方剂举例: 1 条
2025-07-09 11:27:23,878 - INFO -   - 文献摘录: 0 条
2025-07-09 11:27:23,879 - INFO -   - 附药: 0 条
2025-07-09 11:27:23,879 - INFO -   - 图片: 0 张
2025-07-09 11:27:23,879 - INFO - 成功添加药材: 蝉蜕
2025-07-09 11:27:25,884 - INFO - 正在处理 [25/464] 浮萍 (发散风热药)
2025-07-09 11:27:25,884 - INFO - 正在解析药材详情: 浮萍, URL: https://www.zysj.com.cn/lilunshuji/zhongyaoxue/1391.html
2025-07-09 11:27:28,257 - INFO - 成功解析药材: 浮萍 (发散风热药)
2025-07-09 11:27:28,257 - INFO -   - 拼音: 
2025-07-09 11:27:28,257 - INFO -   - 药用部位: 本品为浮萍科植物紫浮萍的全草。
2025-07-09 11:27:28,258 - INFO -   - 性味归经: 辛，寒。入肺经。
2025-07-09 11:27:28,258 - INFO -   - 药性: 寒
2025-07-09 11:27:28,258 - INFO -   - 药味: 辛
2025-07-09 11:27:28,258 - INFO -   - 归经: 肺经
2025-07-09 11:27:28,258 - INFO -   - 功效: 发汗解表，利水。
2025-07-09 11:27:28,258 - INFO -   - 功效列表: 2 条
2025-07-09 11:27:28,258 - INFO -   - 临床应用: 2 条
2025-07-09 11:27:28,258 - INFO -   - 处方用名: 浮萍、浮萍草、紫背浮萍（洗净，晒干用。）
2025-07-09 11:27:28,258 - INFO -   - 用法用量: 一钱至二钱，煎服。外用适量，煎汤熏洗。
2025-07-09 11:27:28,258 - INFO -   - 按语: 0 条
2025-07-09 11:27:28,258 - INFO -   - 方剂举例: 1 条
2025-07-09 11:27:28,258 - INFO -   - 文献摘录: 0 条
2025-07-09 11:27:28,258 - INFO -   - 附药: 0 条
2025-07-09 11:27:28,258 - INFO -   - 图片: 0 张
2025-07-09 11:27:28,258 - INFO - 成功添加药材: 浮萍
2025-07-09 11:27:28,260 - INFO - 数据已保存到 zysj_herbal_data.json，当前共 25 条记录
2025-07-09 11:27:30,266 - INFO - 正在处理 [26/464] 西河柳 (发散风热药)
2025-07-09 11:27:30,267 - INFO - 正在解析药材详情: 西河柳, URL: https://www.zysj.com.cn/lilunshuji/zhongyaoxue/1392.html
2025-07-09 11:27:32,652 - INFO - 成功解析药材: 西河柳 (发散风热药)
2025-07-09 11:27:32,652 - INFO -   - 拼音: 
2025-07-09 11:27:32,652 - INFO -   - 药用部位: 本品为柽柳科植物柽柳的嫩枝及叶片。
2025-07-09 11:27:32,652 - INFO -   - 性味归经: 甘，平。入心、肺、胃经。
2025-07-09 11:27:32,652 - INFO -   - 药性: 平
2025-07-09 11:27:32,652 - INFO -   - 药味: 甘
2025-07-09 11:27:32,652 - INFO -   - 归经: 心经, 肺经, 胃经
2025-07-09 11:27:32,652 - INFO -   - 功效: 发表透疹。
2025-07-09 11:27:32,652 - INFO -   - 功效列表: 1 条
2025-07-09 11:27:32,652 - INFO -   - 临床应用: 3 条
2025-07-09 11:27:32,652 - INFO -   - 处方用名: 西河柳、柽柳、赤柽柳（洗净，晒干，切碎用。）
2025-07-09 11:27:32,652 - INFO -   - 用法用量: 一钱至三钱，煎服。外用二两至三两，煎汤乘热熏洗。
2025-07-09 11:27:32,652 - INFO -   - 按语: 1 条
2025-07-09 11:27:32,652 - INFO -   - 方剂举例: 1 条
2025-07-09 11:27:32,652 - INFO -   - 文献摘录: 0 条
2025-07-09 11:27:32,652 - INFO -   - 附药: 0 条
2025-07-09 11:27:32,652 - INFO -   - 图片: 0 张
2025-07-09 11:27:32,652 - INFO - 成功添加药材: 西河柳
2025-07-09 11:27:34,664 - INFO - 正在处理 [27/464] 水蜈蚣 (发散风热药)
2025-07-09 11:27:34,665 - INFO - 正在解析药材详情: 水蜈蚣, URL: https://www.zysj.com.cn/lilunshuji/zhongyaoxue/1393.html
2025-07-09 11:27:37,037 - INFO - 成功解析药材: 水蜈蚣 (发散风热药)
2025-07-09 11:27:37,037 - INFO -   - 拼音: 
2025-07-09 11:27:37,037 - INFO -   - 药用部位: 本品为莎草科植物水蜈蚣的全草。
2025-07-09 11:27:37,037 - INFO -   - 性味归经: 辛，平。
2025-07-09 11:27:37,037 - INFO -   - 药性: 平
2025-07-09 11:27:37,037 - INFO -   - 药味: 辛
2025-07-09 11:27:37,037 - INFO -   - 归经: 无
2025-07-09 11:27:37,037 - INFO -   - 功效: 发汗退热，消肿解毒。
2025-07-09 11:27:37,037 - INFO -   - 功效列表: 2 条
2025-07-09 11:27:37,037 - INFO -   - 临床应用: 2 条
2025-07-09 11:27:37,037 - INFO -   - 处方用名: 水蜈蚣（洗净，晒干，切碎用。）
2025-07-09 11:27:37,037 - INFO -   - 用法用量: 五钱至一两，煎服。外用适量。
2025-07-09 11:27:37,037 - INFO -   - 按语: 0 条
2025-07-09 11:27:37,037 - INFO -   - 方剂举例: 0 条
2025-07-09 11:27:37,037 - INFO -   - 文献摘录: 0 条
2025-07-09 11:27:37,037 - INFO -   - 附药: 0 条
2025-07-09 11:27:37,037 - INFO -   - 图片: 0 张
2025-07-09 11:27:37,037 - INFO - 成功添加药材: 水蜈蚣
2025-07-09 11:27:39,044 - INFO - 正在处理 [28/464] 天胡荽 (发散风热药)
2025-07-09 11:27:39,045 - INFO - 正在解析药材详情: 天胡荽, URL: https://www.zysj.com.cn/lilunshuji/zhongyaoxue/1394.html
2025-07-09 11:27:41,434 - INFO - 成功解析药材: 天胡荽 (发散风热药)
2025-07-09 11:27:41,434 - INFO -   - 拼音: 
2025-07-09 11:27:41,434 - INFO -   - 药用部位: 本品为伞形科植物天胡荽的全草。
2025-07-09 11:27:41,434 - INFO -   - 性味归经: 辛，平。
2025-07-09 11:27:41,435 - INFO -   - 药性: 平
2025-07-09 11:27:41,435 - INFO -   - 药味: 辛
2025-07-09 11:27:41,435 - INFO -   - 归经: 无
2025-07-09 11:27:41,435 - INFO -   - 功效: 祛风清热，化痰止咳。
2025-07-09 11:27:41,435 - INFO -   - 功效列表: 2 条
2025-07-09 11:27:41,435 - INFO -   - 临床应用: 2 条
2025-07-09 11:27:41,435 - INFO -   - 处方用名: 天胡荽（洗净，晒干，切碎用。）
2025-07-09 11:27:41,435 - INFO -   - 用法用量: 三钱至一两，煎服。
2025-07-09 11:27:41,435 - INFO -   - 按语: 0 条
2025-07-09 11:27:41,435 - INFO -   - 方剂举例: 0 条
2025-07-09 11:27:41,435 - INFO -   - 文献摘录: 0 条
2025-07-09 11:27:41,435 - INFO -   - 附药: 0 条
2025-07-09 11:27:41,435 - INFO -   - 图片: 0 张
2025-07-09 11:27:41,435 - INFO - 成功添加药材: 天胡荽
2025-07-09 11:27:43,447 - INFO - 正在处理 [29/464] 蔓荆子 (发散风热药)
2025-07-09 11:27:43,447 - INFO - 正在解析药材详情: 蔓荆子, URL: https://www.zysj.com.cn/lilunshuji/zhongyaoxue/1395.html
2025-07-09 11:27:45,806 - INFO - 成功解析药材: 蔓荆子 (发散风热药)
2025-07-09 11:27:45,806 - INFO -   - 拼音: 
2025-07-09 11:27:45,806 - INFO -   - 药用部位: 本品为马鞭草科单叶蔓荆的果实。
2025-07-09 11:27:45,806 - INFO -   - 性味归经: 苦、辛，平。入肝、膀胱、肺经。
2025-07-09 11:27:45,806 - INFO -   - 药性: 平
2025-07-09 11:27:45,806 - INFO -   - 药味: 苦、辛
2025-07-09 11:27:45,806 - INFO -   - 归经: 肝经, 膀胱经, 肺经
2025-07-09 11:27:45,806 - INFO -   - 功效: 散风热，清头目。
2025-07-09 11:27:45,806 - INFO -   - 功效列表: 2 条
2025-07-09 11:27:45,806 - INFO -   - 临床应用: 2 条
2025-07-09 11:27:45,806 - INFO -   - 处方用名: 蔓荆子（洗净，晒干用。）
2025-07-09 11:27:45,806 - INFO -   - 用法用量: 一钱至三钱，煎服。
2025-07-09 11:27:45,806 - INFO -   - 按语: 0 条
2025-07-09 11:27:45,806 - INFO -   - 方剂举例: 1 条
2025-07-09 11:27:45,806 - INFO -   - 文献摘录: 0 条
2025-07-09 11:27:45,806 - INFO -   - 附药: 0 条
2025-07-09 11:27:45,806 - INFO -   - 图片: 0 张
2025-07-09 11:27:45,806 - INFO - 成功添加药材: 蔓荆子
2025-07-09 11:27:47,815 - INFO - 正在处理 [30/464] 木贼草 (发散风热药)
2025-07-09 11:27:47,815 - INFO - 正在解析药材详情: 木贼草, URL: https://www.zysj.com.cn/lilunshuji/zhongyaoxue/1396.html
2025-07-09 11:27:50,235 - INFO - 成功解析药材: 木贼草 (发散风热药)
2025-07-09 11:27:50,235 - INFO -   - 拼音: 
2025-07-09 11:27:50,236 - INFO -   - 药用部位: 本品为木贼科植物木贼的全草。
2025-07-09 11:27:50,236 - INFO -   - 性味归经: 甘、苦，平。入肺、肝、胆经。
2025-07-09 11:27:50,236 - INFO -   - 药性: 平
2025-07-09 11:27:50,236 - INFO -   - 药味: 甘、苦
2025-07-09 11:27:50,236 - INFO -   - 归经: 肺经, 肝经, 胆经
2025-07-09 11:27:50,236 - INFO -   - 功效: 疏风热，退翳膜。
2025-07-09 11:27:50,236 - INFO -   - 功效列表: 2 条
2025-07-09 11:27:50,236 - INFO -   - 临床应用: 2 条
2025-07-09 11:27:50,236 - INFO -   - 处方用名: 木贼草（洗净，晒干，切碎用。）
2025-07-09 11:27:50,236 - INFO -   - 用法用量: 一钱至三钱，煎服。
2025-07-09 11:27:50,236 - INFO -   - 按语: 0 条
2025-07-09 11:27:50,236 - INFO -   - 方剂举例: 1 条
2025-07-09 11:27:50,236 - INFO -   - 文献摘录: 0 条
2025-07-09 11:27:50,236 - INFO -   - 附药: 0 条
2025-07-09 11:27:50,236 - INFO -   - 图片: 0 张
2025-07-09 11:27:50,236 - INFO - 成功添加药材: 木贼草
2025-07-09 11:27:50,238 - INFO - 数据已保存到 zysj_herbal_data.json，当前共 30 条记录
2025-07-09 11:27:52,251 - INFO - 正在处理 [31/464] 石膏 (清热泻火药)
2025-07-09 11:27:52,252 - INFO - 正在解析药材详情: 石膏, URL: https://www.zysj.com.cn/lilunshuji/zhongyaoxue/1401.html
2025-07-09 11:27:54,633 - INFO - 成功解析药材: 石膏 (清热泻火药)
2025-07-09 11:27:54,633 - INFO -   - 拼音: 
2025-07-09 11:27:54,633 - INFO -   - 药用部位: 本品为单斜晶系的硫酸钙矿石。
2025-07-09 11:27:54,633 - INFO -   - 性味归经: 辛、甘，大寒。入肺、胃经。
2025-07-09 11:27:54,633 - INFO -   - 药性: 大寒
2025-07-09 11:27:54,633 - INFO -   - 药味: 辛、甘
2025-07-09 11:27:54,633 - INFO -   - 归经: 肺经, 胃经
2025-07-09 11:27:54,633 - INFO -   - 功效: 清热泻火，收敛生肌。
2025-07-09 11:27:54,633 - INFO -   - 功效列表: 2 条
2025-07-09 11:27:54,633 - INFO -   - 临床应用: 5 条
2025-07-09 11:27:54,633 - INFO -   - 处方用名: 生石膏（生用，清热泻火）、熟石膏、石膏（用，收敛生肌，专作外用）
2025-07-09 11:27:54,633 - INFO -   - 用法用量: 五钱至二两，打碎，先煎。外用适量。
2025-07-09 11:27:54,633 - INFO -   - 按语: 2 条
2025-07-09 11:27:54,633 - INFO -   - 方剂举例: 1 条
2025-07-09 11:27:54,633 - INFO -   - 文献摘录: 0 条
2025-07-09 11:27:54,633 - INFO -   - 附药: 0 条
2025-07-09 11:27:54,633 - INFO -   - 图片: 0 张
2025-07-09 11:27:54,633 - INFO - 成功添加药材: 石膏
2025-07-09 11:27:56,647 - INFO - 正在处理 [32/464] 寒水石 (清热泻火药)
2025-07-09 11:27:56,647 - INFO - 正在解析药材详情: 寒水石, URL: https://www.zysj.com.cn/lilunshuji/zhongyaoxue/1402.html
2025-07-09 11:27:59,012 - INFO - 成功解析药材: 寒水石 (清热泻火药)
2025-07-09 11:27:59,012 - INFO -   - 拼音: 
2025-07-09 11:27:59,012 - INFO -   - 药用部位: 本品为天然沉积矿物单斜晶系硫酸钙或三方晶系碳酸钙矿石。
2025-07-09 11:27:59,012 - INFO -   - 性味归经: 辛、咸，大寒。入胃、肾经。
2025-07-09 11:27:59,012 - INFO -   - 药性: 大寒
2025-07-09 11:27:59,012 - INFO -   - 药味: 辛、咸
2025-07-09 11:27:59,012 - INFO -   - 归经: 胃经, 肾经
2025-07-09 11:27:59,012 - INFO -   - 功效: 清热泻火
2025-07-09 11:27:59,012 - INFO -   - 功效列表: 1 条
2025-07-09 11:27:59,012 - INFO -   - 临床应用: 3 条
2025-07-09 11:27:59,012 - INFO -   - 处方用名: 寒水石（打碎用）
2025-07-09 11:27:59,012 - INFO -   - 用法用量: 三钱至一两，煎服，先煎。
2025-07-09 11:27:59,012 - INFO -   - 按语: 0 条
2025-07-09 11:27:59,012 - INFO -   - 方剂举例: 1 条
2025-07-09 11:27:59,012 - INFO -   - 文献摘录: 0 条
2025-07-09 11:27:59,012 - INFO -   - 附药: 0 条
2025-07-09 11:27:59,012 - INFO -   - 图片: 0 张
2025-07-09 11:27:59,012 - INFO - 成功添加药材: 寒水石
2025-07-09 11:28:01,019 - INFO - 正在处理 [33/464] 知母 (清热泻火药)
2025-07-09 11:28:01,020 - INFO - 正在解析药材详情: 知母, URL: https://www.zysj.com.cn/lilunshuji/zhongyaoxue/1403.html
2025-07-09 11:28:04,535 - INFO - 成功解析药材: 知母 (清热泻火药)
2025-07-09 11:28:04,536 - INFO -   - 拼音: 
2025-07-09 11:28:04,536 - INFO -   - 药用部位: 本品为百合科植物知母的根茎。
2025-07-09 11:28:04,536 - INFO -   - 性味归经: 苦，寒。入肺、胃、肾经。
2025-07-09 11:28:04,536 - INFO -   - 药性: 寒
2025-07-09 11:28:04,536 - INFO -   - 药味: 苦
2025-07-09 11:28:04,536 - INFO -   - 归经: 肺经, 胃经, 肾经
2025-07-09 11:28:04,536 - INFO -   - 功效: 清热泻火，滋肾润燥。
2025-07-09 11:28:04,536 - INFO -   - 功效列表: 2 条
2025-07-09 11:28:04,536 - INFO -   - 临床应用: 2 条
2025-07-09 11:28:04,536 - INFO -   - 处方用名: 肥知母、知母（生用，泻火之力较强）、炒知母（炒用，泻火之力稍缓和）、盐水炒知母（滋阴退虚热较佳）
2025-07-09 11:28:04,536 - INFO -   - 用法用量: 一钱至三钱，煎服。
2025-07-09 11:28:04,536 - INFO -   - 按语: 3 条
2025-07-09 11:28:04,536 - INFO -   - 方剂举例: 1 条
2025-07-09 11:28:04,536 - INFO -   - 文献摘录: 0 条
2025-07-09 11:28:04,536 - INFO -   - 附药: 0 条
2025-07-09 11:28:04,537 - INFO -   - 图片: 0 张
2025-07-09 11:28:04,537 - INFO - 成功添加药材: 知母
2025-07-09 11:28:06,538 - INFO - 正在处理 [34/464] 栀子 (清热泻火药)
2025-07-09 11:28:06,538 - INFO - 正在解析药材详情: 栀子, URL: https://www.zysj.com.cn/lilunshuji/zhongyaoxue/1404.html
2025-07-09 11:28:08,915 - INFO - 成功解析药材: 栀子 (清热泻火药)
2025-07-09 11:28:08,915 - INFO -   - 拼音: 
2025-07-09 11:28:08,915 - INFO -   - 药用部位: 本品为茜草科栀子树的成熟果实。
2025-07-09 11:28:08,915 - INFO -   - 性味归经: 苦，寒。入心、肝、肺、胃经。
2025-07-09 11:28:08,915 - INFO -   - 药性: 寒
2025-07-09 11:28:08,915 - INFO -   - 药味: 苦
2025-07-09 11:28:08,915 - INFO -   - 归经: 心经, 肝经, 肺经, 胃经
2025-07-09 11:28:08,915 - INFO -   - 功效: 清热泻火，凉血解毒。
2025-07-09 11:28:08,915 - INFO -   - 功效列表: 2 条
2025-07-09 11:28:08,915 - INFO -   - 临床应用: 2 条
2025-07-09 11:28:08,915 - INFO -   - 处方用名: 炒山栀、焦山栀、黑山栀（炒至外皮呈黑色，用于清热泻火，凉血止血）、生山栀（生用，清热泻火之力较强）
2025-07-09 11:28:08,915 - INFO -   - 用法用量: 一钱至三钱，煎服。外用适量。
2025-07-09 11:28:08,915 - INFO -   - 按语: 3 条
2025-07-09 11:28:08,916 - INFO -   - 方剂举例: 1 条
2025-07-09 11:28:08,916 - INFO -   - 文献摘录: 0 条
2025-07-09 11:28:08,916 - INFO -   - 附药: 0 条
2025-07-09 11:28:08,916 - INFO -   - 图片: 0 张
2025-07-09 11:28:08,916 - INFO - 成功添加药材: 栀子
2025-07-09 11:28:10,916 - INFO - 正在处理 [35/464] 芦根 (清热泻火药)
2025-07-09 11:28:10,917 - INFO - 正在解析药材详情: 芦根, URL: https://www.zysj.com.cn/lilunshuji/zhongyaoxue/1405.html
2025-07-09 11:28:13,316 - INFO - 成功解析药材: 芦根 (清热泻火药)
2025-07-09 11:28:13,316 - INFO -   - 拼音: 
2025-07-09 11:28:13,316 - INFO -   - 药用部位: 本品为禾本科植物芦苇的根茎。
2025-07-09 11:28:13,316 - INFO -   - 性味归经: 甘，寒。入肺、胃经。
2025-07-09 11:28:13,316 - INFO -   - 药性: 寒
2025-07-09 11:28:13,316 - INFO -   - 药味: 甘
2025-07-09 11:28:13,316 - INFO -   - 归经: 肺经, 胃经
2025-07-09 11:28:13,316 - INFO -   - 功效: 清肺胃热，生津止渴。
2025-07-09 11:28:13,316 - INFO -   - 功效列表: 2 条
2025-07-09 11:28:13,316 - INFO -   - 临床应用: 2 条
2025-07-09 11:28:13,316 - INFO -   - 处方用名: 鲜芦根、活芦根（用新鲜者，用时去节）、干芦根（晒干用，作用较逊）
2025-07-09 11:28:13,316 - INFO -   - 用法用量: 新鲜者用一两或一尺，干者用五钱至一两，煎服。
2025-07-09 11:28:13,316 - INFO -   - 按语: 2 条
2025-07-09 11:28:13,316 - INFO -   - 方剂举例: 1 条
2025-07-09 11:28:13,316 - INFO -   - 文献摘录: 0 条
2025-07-09 11:28:13,316 - INFO -   - 附药: 0 条
2025-07-09 11:28:13,316 - INFO -   - 图片: 0 张
2025-07-09 11:28:13,316 - INFO - 成功添加药材: 芦根
2025-07-09 11:28:13,318 - INFO - 数据已保存到 zysj_herbal_data.json，当前共 35 条记录
2025-07-09 11:28:15,326 - INFO - 正在处理 [36/464] 天花粉 (清热泻火药)
2025-07-09 11:28:15,326 - INFO - 正在解析药材详情: 天花粉, URL: https://www.zysj.com.cn/lilunshuji/zhongyaoxue/1406.html
2025-07-09 11:28:17,695 - INFO - 成功解析药材: 天花粉 (清热泻火药)
2025-07-09 11:28:17,695 - INFO -   - 拼音: 
2025-07-09 11:28:17,695 - INFO -   - 药用部位: 本品为葫芦科植物栝蒌的根。
2025-07-09 11:28:17,695 - INFO -   - 性味归经: 甘、微苦，酸、微寒。入肺、胃经。
2025-07-09 11:28:17,695 - INFO -   - 药性: 酸、微寒
2025-07-09 11:28:17,695 - INFO -   - 药味: 甘、微苦
2025-07-09 11:28:17,695 - INFO -   - 归经: 肺经, 胃经
2025-07-09 11:28:17,695 - INFO -   - 功效: 清热生津，消肿排脓。
2025-07-09 11:28:17,695 - INFO -   - 功效列表: 2 条
2025-07-09 11:28:17,695 - INFO -   - 临床应用: 2 条
2025-07-09 11:28:17,695 - INFO -   - 处方用名: 天花粉、花粉（洗净，晒干，切碎用）
2025-07-09 11:28:17,695 - INFO -   - 用法用量: 三钱至五钱，煎服。
2025-07-09 11:28:17,695 - INFO -   - 按语: 1 条
2025-07-09 11:28:17,695 - INFO -   - 方剂举例: 1 条
2025-07-09 11:28:17,695 - INFO -   - 文献摘录: 0 条
2025-07-09 11:28:17,695 - INFO -   - 附药: 0 条
2025-07-09 11:28:17,695 - INFO -   - 图片: 0 张
2025-07-09 11:28:17,695 - INFO - 成功添加药材: 天花粉
2025-07-09 11:28:19,702 - INFO - 正在处理 [37/464] 鲜竹叶 (清热泻火药)
2025-07-09 11:28:19,704 - INFO - 正在解析药材详情: 鲜竹叶, URL: https://www.zysj.com.cn/lilunshuji/zhongyaoxue/1407.html
2025-07-09 11:28:22,122 - INFO - 成功解析药材: 鲜竹叶 (清热泻火药)
2025-07-09 11:28:22,122 - INFO -   - 拼音: 
2025-07-09 11:28:22,122 - INFO -   - 药用部位: 本品为禾本科植物淡竹火苦竹的叶片或初出的卷状嫩叶。
2025-07-09 11:28:22,122 - INFO -   - 性味归经: 甘、淡，寒。入心、胃经。
2025-07-09 11:28:22,122 - INFO -   - 药性: 寒
2025-07-09 11:28:22,122 - INFO -   - 药味: 甘、淡
2025-07-09 11:28:22,123 - INFO -   - 归经: 心经, 胃经
2025-07-09 11:28:22,123 - INFO -   - 功效: 清热除烦，利尿。
2025-07-09 11:28:22,123 - INFO -   - 功效列表: 2 条
2025-07-09 11:28:22,123 - INFO -   - 临床应用: 2 条
2025-07-09 11:28:22,123 - INFO -   - 处方用名: 竹叶、鲜竹叶（采新鲜者应用，用于清热利尿）、竹叶卷心（用初出的卷状嫩叶，用于清心除烦）
2025-07-09 11:28:22,123 - INFO -   - 用法用量: 五钱至一两，煎服。
2025-07-09 11:28:22,123 - INFO -   - 按语: 0 条
2025-07-09 11:28:22,123 - INFO -   - 方剂举例: 1 条
2025-07-09 11:28:22,123 - INFO -   - 文献摘录: 0 条
2025-07-09 11:28:22,123 - INFO -   - 附药: 0 条
2025-07-09 11:28:22,123 - INFO -   - 图片: 0 张
2025-07-09 11:28:22,123 - INFO - 成功添加药材: 鲜竹叶
2025-07-09 11:28:24,128 - INFO - 正在处理 [38/464] 淡竹叶 (清热泻火药)
2025-07-09 11:28:24,129 - INFO - 正在解析药材详情: 淡竹叶, URL: https://www.zysj.com.cn/lilunshuji/zhongyaoxue/1408.html
2025-07-09 11:28:26,520 - INFO - 成功解析药材: 淡竹叶 (清热泻火药)
2025-07-09 11:28:26,521 - INFO -   - 拼音: 
2025-07-09 11:28:26,521 - INFO -   - 药用部位: 本品为禾本科淡竹叶的根。
2025-07-09 11:28:26,521 - INFO -   - 性味归经: 甘，寒。入心、小肠经。
2025-07-09 11:28:26,521 - INFO -   - 药性: 寒
2025-07-09 11:28:26,521 - INFO -   - 药味: 甘
2025-07-09 11:28:26,521 - INFO -   - 归经: 心经, 小肠经
2025-07-09 11:28:26,521 - INFO -   - 功效: 清热除烦，利尿。
2025-07-09 11:28:26,521 - INFO -   - 功效列表: 2 条
2025-07-09 11:28:26,521 - INFO -   - 临床应用: 2 条
2025-07-09 11:28:26,521 - INFO -   - 处方用名: 淡竹叶（洗净，晒干用）
2025-07-09 11:28:26,521 - INFO -   - 用法用量: 三钱至五钱，煎服。
2025-07-09 11:28:26,521 - INFO -   - 按语: 4 条
2025-07-09 11:28:26,521 - INFO -   - 方剂举例: 0 条
2025-07-09 11:28:26,521 - INFO -   - 文献摘录: 0 条
2025-07-09 11:28:26,521 - INFO -   - 附药: 0 条
2025-07-09 11:28:26,521 - INFO -   - 图片: 0 张
2025-07-09 11:28:26,521 - INFO - 成功添加药材: 淡竹叶
2025-07-09 11:28:28,536 - INFO - 正在处理 [39/464] 夏枯草 (清热泻火药)
2025-07-09 11:28:28,537 - INFO - 正在解析药材详情: 夏枯草, URL: https://www.zysj.com.cn/lilunshuji/zhongyaoxue/1409.html
2025-07-09 11:28:31,944 - INFO - 成功解析药材: 夏枯草 (清热泻火药)
2025-07-09 11:28:31,944 - INFO -   - 拼音: 
2025-07-09 11:28:31,944 - INFO -   - 药用部位: 本品文唇形科植物夏枯草的花序及果穗。
2025-07-09 11:28:31,944 - INFO -   - 性味归经: 辛、苦，寒。入肝、胆经。
2025-07-09 11:28:31,944 - INFO -   - 药性: 寒
2025-07-09 11:28:31,944 - INFO -   - 药味: 辛、苦
2025-07-09 11:28:31,944 - INFO -   - 归经: 肝经, 胆经
2025-07-09 11:28:31,944 - INFO -   - 功效: 清肝火，散郁结。
2025-07-09 11:28:31,944 - INFO -   - 功效列表: 2 条
2025-07-09 11:28:31,944 - INFO -   - 临床应用: 2 条
2025-07-09 11:28:31,944 - INFO -   - 处方用名: 夏枯草（晒干用）
2025-07-09 11:28:31,944 - INFO -   - 用法用量: 三钱至五钱，煎服。
2025-07-09 11:28:31,944 - INFO -   - 按语: 3 条
2025-07-09 11:28:31,944 - INFO -   - 方剂举例: 1 条
2025-07-09 11:28:31,944 - INFO -   - 文献摘录: 0 条
2025-07-09 11:28:31,944 - INFO -   - 附药: 0 条
2025-07-09 11:28:31,944 - INFO -   - 图片: 0 张
2025-07-09 11:28:31,944 - INFO - 成功添加药材: 夏枯草
2025-07-09 11:28:33,958 - INFO - 正在处理 [40/464] 鸭跖草 (清热泻火药)
2025-07-09 11:28:33,958 - INFO - 正在解析药材详情: 鸭跖草, URL: https://www.zysj.com.cn/lilunshuji/zhongyaoxue/1410.html
2025-07-09 11:28:36,338 - INFO - 成功解析药材: 鸭跖草 (清热泻火药)
2025-07-09 11:28:36,338 - INFO -   - 拼音: 
2025-07-09 11:28:36,338 - INFO -   - 药用部位: 本品为鸭跖草科植物鸭跖草的全草。
2025-07-09 11:28:36,338 - INFO -   - 性味归经: 甘、寒。
2025-07-09 11:28:36,338 - INFO -   - 药性: 寒
2025-07-09 11:28:36,338 - INFO -   - 药味: 甘
2025-07-09 11:28:36,338 - INFO -   - 归经: 无
2025-07-09 11:28:36,338 - INFO -   - 功效: 清热解毒，利尿。
2025-07-09 11:28:36,338 - INFO -   - 功效列表: 2 条
2025-07-09 11:28:36,338 - INFO -   - 临床应用: 2 条
2025-07-09 11:28:36,338 - INFO -   - 处方用名: 鸭跖草（洗净，晒干，切碎用）
2025-07-09 11:28:36,338 - INFO -   - 用法用量: 五钱至二两，煎服。外用适量。
2025-07-09 11:28:36,338 - INFO -   - 按语: 2 条
2025-07-09 11:28:36,338 - INFO -   - 方剂举例: 0 条
2025-07-09 11:28:36,338 - INFO -   - 文献摘录: 0 条
2025-07-09 11:28:36,338 - INFO -   - 附药: 0 条
2025-07-09 11:28:36,338 - INFO -   - 图片: 0 张
2025-07-09 11:28:36,338 - INFO - 成功添加药材: 鸭跖草
2025-07-09 11:28:36,340 - INFO - 数据已保存到 zysj_herbal_data.json，当前共 40 条记录
2025-07-09 11:28:38,341 - INFO - 正在处理 [41/464] 西瓜皮 (清热泻火药)
2025-07-09 11:28:38,342 - INFO - 正在解析药材详情: 西瓜皮, URL: https://www.zysj.com.cn/lilunshuji/zhongyaoxue/1411.html
2025-07-09 11:28:40,760 - INFO - 成功解析药材: 西瓜皮 (清热泻火药)
2025-07-09 11:28:40,760 - INFO -   - 拼音: 
2025-07-09 11:28:40,760 - INFO -   - 药用部位: 本品为葫芦科植物西瓜的外皮。
2025-07-09 11:28:40,760 - INFO -   - 性味归经: 甘，寒。入心、胃经。
2025-07-09 11:28:40,760 - INFO -   - 药性: 寒
2025-07-09 11:28:40,760 - INFO -   - 药味: 甘
2025-07-09 11:28:40,760 - INFO -   - 归经: 心经, 胃经
2025-07-09 11:28:40,760 - INFO -   - 功效: 清热解暑，泻热除烦。
2025-07-09 11:28:40,760 - INFO -   - 功效列表: 2 条
2025-07-09 11:28:40,760 - INFO -   - 临床应用: 2 条
2025-07-09 11:28:40,760 - INFO -   - 处方用名: 西瓜皮、西瓜翠衣（洗净，晒干，切碎用）
2025-07-09 11:28:40,760 - INFO -   - 用法用量: 三钱至一两，煎服。
2025-07-09 11:28:40,760 - INFO -   - 按语: 0 条
2025-07-09 11:28:40,760 - INFO -   - 方剂举例: 1 条
2025-07-09 11:28:40,760 - INFO -   - 文献摘录: 0 条
2025-07-09 11:28:40,760 - INFO -   - 附药: 0 条
2025-07-09 11:28:40,760 - INFO -   - 图片: 0 张
2025-07-09 11:28:40,760 - INFO - 成功添加药材: 西瓜皮
2025-07-09 11:28:42,761 - INFO - 正在处理 [42/464] 荷叶 (清热泻火药)
2025-07-09 11:28:42,761 - INFO - 正在解析药材详情: 荷叶, URL: https://www.zysj.com.cn/lilunshuji/zhongyaoxue/1412.html
2025-07-09 11:28:45,152 - INFO - 成功解析药材: 荷叶 (清热泻火药)
2025-07-09 11:28:45,152 - INFO -   - 拼音: 
2025-07-09 11:28:45,153 - INFO -   - 药用部位: 本品为睡莲科植物莲的叶片。
2025-07-09 11:28:45,153 - INFO -   - 性味归经: 苦，平。入肝、脾、胃经。
2025-07-09 11:28:45,153 - INFO -   - 药性: 平
2025-07-09 11:28:45,153 - INFO -   - 药味: 苦
2025-07-09 11:28:45,153 - INFO -   - 归经: 肝经, 脾经, 胃经
2025-07-09 11:28:45,153 - INFO -   - 功效: 解暑清热，升发清阳。
2025-07-09 11:28:45,153 - INFO -   - 功效列表: 2 条
2025-07-09 11:28:45,153 - INFO -   - 临床应用: 2 条
2025-07-09 11:28:45,153 - INFO -   - 处方用名: 荷叶、干荷叶（干者，生用，生清阳）、鲜荷叶（用新鲜者，解暑热）
2025-07-09 11:28:45,153 - INFO -   - 用法用量: 一角（即全叶的四分之一），煎服。
2025-07-09 11:28:45,153 - INFO -   - 按语: 0 条
2025-07-09 11:28:45,153 - INFO -   - 方剂举例: 1 条
2025-07-09 11:28:45,153 - INFO -   - 文献摘录: 0 条
2025-07-09 11:28:45,153 - INFO -   - 附药: 2 条
2025-07-09 11:28:45,153 - INFO -   - 图片: 0 张
2025-07-09 11:28:45,153 - INFO - 成功添加药材: 荷叶
2025-07-09 11:28:47,157 - INFO - 正在处理 [43/464] 莲子心 (清热泻火药)
2025-07-09 11:28:47,157 - INFO - 正在解析药材详情: 莲子心, URL: https://www.zysj.com.cn/lilunshuji/zhongyaoxue/1413.html
2025-07-09 11:28:49,579 - INFO - 成功解析药材: 莲子心 (清热泻火药)
2025-07-09 11:28:49,579 - INFO -   - 拼音: 
2025-07-09 11:28:49,579 - INFO -   - 药用部位: 本品为睡莲科植物莲的子实中清嫩胚芽。
2025-07-09 11:28:49,579 - INFO -   - 性味归经: 苦，寒。入心经。
2025-07-09 11:28:49,579 - INFO -   - 药性: 寒
2025-07-09 11:28:49,579 - INFO -   - 药味: 苦
2025-07-09 11:28:49,579 - INFO -   - 归经: 心经
2025-07-09 11:28:49,579 - INFO -   - 功效: 清心热。
2025-07-09 11:28:49,579 - INFO -   - 功效列表: 1 条
2025-07-09 11:28:49,579 - INFO -   - 临床应用: 3 条
2025-07-09 11:28:49,579 - INFO -   - 处方用名: 青莲心（晒干用）
2025-07-09 11:28:49,579 - INFO -   - 用法用量: 五分至一钱，煎服。
2025-07-09 11:28:49,579 - INFO -   - 按语: 0 条
2025-07-09 11:28:49,579 - INFO -   - 方剂举例: 1 条
2025-07-09 11:28:49,579 - INFO -   - 文献摘录: 0 条
2025-07-09 11:28:49,579 - INFO -   - 附药: 0 条
2025-07-09 11:28:49,579 - INFO -   - 图片: 0 张
2025-07-09 11:28:49,579 - INFO - 成功添加药材: 莲子心
2025-07-09 11:28:51,586 - INFO - 正在处理 [44/464] 青葙子 (清肝明目药)
2025-07-09 11:28:51,586 - INFO - 正在解析药材详情: 青葙子, URL: https://www.zysj.com.cn/lilunshuji/zhongyaoxue/1415.html
2025-07-09 11:28:53,950 - INFO - 成功解析药材: 青葙子 (清肝明目药)
2025-07-09 11:28:53,950 - INFO -   - 拼音: 
2025-07-09 11:28:53,950 - INFO -   - 药用部位: 本品为苋科植物青葙的成熟种子。
2025-07-09 11:28:53,950 - INFO -   - 性味归经: 苦，微寒。入肝经。
2025-07-09 11:28:53,950 - INFO -   - 药性: 微寒
2025-07-09 11:28:53,950 - INFO -   - 药味: 苦
2025-07-09 11:28:53,950 - INFO -   - 归经: 肝经
2025-07-09 11:28:53,950 - INFO -   - 功效: 清肝火，退目翳。
2025-07-09 11:28:53,951 - INFO -   - 功效列表: 2 条
2025-07-09 11:28:53,951 - INFO -   - 临床应用: 3 条
2025-07-09 11:28:53,951 - INFO -   - 处方用名: 青葙子（晒干用）
2025-07-09 11:28:53,951 - INFO -   - 用法用量: 二钱至五钱，煎服。
2025-07-09 11:28:53,951 - INFO -   - 按语: 2 条
2025-07-09 11:28:53,951 - INFO -   - 方剂举例: 1 条
2025-07-09 11:28:53,951 - INFO -   - 文献摘录: 0 条
2025-07-09 11:28:53,951 - INFO -   - 附药: 0 条
2025-07-09 11:28:53,951 - INFO -   - 图片: 0 张
2025-07-09 11:28:53,951 - INFO - 成功添加药材: 青葙子
2025-07-09 11:28:55,962 - INFO - 正在处理 [45/464] 决明子 (清肝明目药)
2025-07-09 11:28:55,963 - INFO - 正在解析药材详情: 决明子, URL: https://www.zysj.com.cn/lilunshuji/zhongyaoxue/1416.html
2025-07-09 11:28:58,321 - INFO - 成功解析药材: 决明子 (清肝明目药)
2025-07-09 11:28:58,321 - INFO -   - 拼音: 
2025-07-09 11:28:58,321 - INFO -   - 药用部位: 本品为豆科植物决明的成熟种子。
2025-07-09 11:28:58,321 - INFO -   - 性味归经: 甘、苦、咸，微寒。入肝、胆经。
2025-07-09 11:28:58,321 - INFO -   - 药性: 微寒
2025-07-09 11:28:58,321 - INFO -   - 药味: 甘、苦、咸
2025-07-09 11:28:58,321 - INFO -   - 归经: 肝经, 胆经
2025-07-09 11:28:58,321 - INFO -   - 功效: 清肝明目。
2025-07-09 11:28:58,322 - INFO -   - 功效列表: 1 条
2025-07-09 11:28:58,322 - INFO -   - 临床应用: 3 条
2025-07-09 11:28:58,322 - INFO -   - 处方用名: 决明子（晒干用）
2025-07-09 11:28:58,322 - INFO -   - 用法用量: 三钱至五钱，煎服。
2025-07-09 11:28:58,322 - INFO -   - 按语: 0 条
2025-07-09 11:28:58,322 - INFO -   - 方剂举例: 1 条
2025-07-09 11:28:58,322 - INFO -   - 文献摘录: 0 条
2025-07-09 11:28:58,322 - INFO -   - 附药: 0 条
2025-07-09 11:28:58,322 - INFO -   - 图片: 0 张
2025-07-09 11:28:58,322 - INFO - 成功添加药材: 决明子
2025-07-09 11:28:58,324 - INFO - 数据已保存到 zysj_herbal_data.json，当前共 45 条记录
2025-07-09 11:29:00,325 - INFO - 正在处理 [46/464] 谷精草 (清肝明目药)
2025-07-09 11:29:00,326 - INFO - 正在解析药材详情: 谷精草, URL: https://www.zysj.com.cn/lilunshuji/zhongyaoxue/1417.html
2025-07-09 11:29:02,701 - INFO - 成功解析药材: 谷精草 (清肝明目药)
2025-07-09 11:29:02,701 - INFO -   - 拼音: 
2025-07-09 11:29:02,701 - INFO -   - 药用部位: 本品为谷精草科植物谷精草的花茎或全草。
2025-07-09 11:29:02,701 - INFO -   - 性味归经: 甘，平。入肝、胃经。
2025-07-09 11:29:02,701 - INFO -   - 药性: 平
2025-07-09 11:29:02,701 - INFO -   - 药味: 甘
2025-07-09 11:29:02,702 - INFO -   - 归经: 肝经, 胃经
2025-07-09 11:29:02,702 - INFO -   - 功效: 疏散风热，明目退翳。
2025-07-09 11:29:02,702 - INFO -   - 功效列表: 2 条
2025-07-09 11:29:02,702 - INFO -   - 临床应用: 2 条
2025-07-09 11:29:02,702 - INFO -   - 处方用名: 谷精草、谷精珠（晒干用）
2025-07-09 11:29:02,702 - INFO -   - 用法用量: 一钱至三钱，煎服。
2025-07-09 11:29:02,702 - INFO -   - 按语: 0 条
2025-07-09 11:29:02,702 - INFO -   - 方剂举例: 1 条
2025-07-09 11:29:02,702 - INFO -   - 文献摘录: 0 条
2025-07-09 11:29:02,702 - INFO -   - 附药: 0 条
2025-07-09 11:29:02,702 - INFO -   - 图片: 0 张
2025-07-09 11:29:02,702 - INFO - 成功添加药材: 谷精草
2025-07-09 11:29:04,713 - INFO - 正在处理 [47/464] 密蒙花 (清肝明目药)
2025-07-09 11:29:04,714 - INFO - 正在解析药材详情: 密蒙花, URL: https://www.zysj.com.cn/lilunshuji/zhongyaoxue/1418.html
2025-07-09 11:29:07,168 - INFO - 成功解析药材: 密蒙花 (清肝明目药)
2025-07-09 11:29:07,168 - INFO -   - 拼音: 
2025-07-09 11:29:07,168 - INFO -   - 药用部位: 本品为马钱科植物密蒙树的花蕾。
2025-07-09 11:29:07,168 - INFO -   - 性味归经: 甘，微寒。入肝经。
2025-07-09 11:29:07,168 - INFO -   - 药性: 微寒
2025-07-09 11:29:07,168 - INFO -   - 药味: 甘
2025-07-09 11:29:07,168 - INFO -   - 归经: 肝经
2025-07-09 11:29:07,168 - INFO -   - 功效: 清肝热，明目退翳。
2025-07-09 11:29:07,168 - INFO -   - 功效列表: 2 条
2025-07-09 11:29:07,168 - INFO -   - 临床应用: 2 条
2025-07-09 11:29:07,169 - INFO -   - 处方用名: 密蒙花（晒干用）
2025-07-09 11:29:07,169 - INFO -   - 用法用量: 一钱至三钱，煎服。
2025-07-09 11:29:07,169 - INFO -   - 按语: 0 条
2025-07-09 11:29:07,169 - INFO -   - 方剂举例: 1 条
2025-07-09 11:29:07,169 - INFO -   - 文献摘录: 0 条
2025-07-09 11:29:07,169 - INFO -   - 附药: 0 条
2025-07-09 11:29:07,169 - INFO -   - 图片: 0 张
2025-07-09 11:29:07,169 - INFO - 成功添加药材: 密蒙花
2025-07-09 11:29:09,175 - INFO - 正在处理 [48/464] 夜明砂 (清肝明目药)
2025-07-09 11:29:09,175 - INFO - 正在解析药材详情: 夜明砂, URL: https://www.zysj.com.cn/lilunshuji/zhongyaoxue/1419.html
2025-07-09 11:29:11,567 - INFO - 成功解析药材: 夜明砂 (清肝明目药)
2025-07-09 11:29:11,568 - INFO -   - 拼音: 
2025-07-09 11:29:11,568 - INFO -   - 药用部位: 本品为蝙蝠科动物蝙蝠等的粪便。
2025-07-09 11:29:11,568 - INFO -   - 性味归经: 辛，寒。入肝经。
2025-07-09 11:29:11,568 - INFO -   - 药性: 寒
2025-07-09 11:29:11,568 - INFO -   - 药味: 辛
2025-07-09 11:29:11,568 - INFO -   - 归经: 肝经
2025-07-09 11:29:11,568 - INFO -   - 功效: 清肝明目，散瘀消积。
2025-07-09 11:29:11,568 - INFO -   - 功效列表: 2 条
2025-07-09 11:29:11,568 - INFO -   - 临床应用: 4 条
2025-07-09 11:29:11,568 - INFO -   - 处方用名: 夜明砂（焙干用）
2025-07-09 11:29:11,568 - INFO -   - 用法用量: 一钱至三钱，布包煎服；或炒研细末，每此用开水调服四分或五分。
2025-07-09 11:29:11,568 - INFO -   - 按语: 0 条
2025-07-09 11:29:11,568 - INFO -   - 方剂举例: 1 条
2025-07-09 11:29:11,568 - INFO -   - 文献摘录: 0 条
2025-07-09 11:29:11,568 - INFO -   - 附药: 0 条
2025-07-09 11:29:11,568 - INFO -   - 图片: 0 张
2025-07-09 11:29:11,568 - INFO - 成功添加药材: 夜明砂
2025-07-09 11:29:13,574 - INFO - 正在处理 [49/464] 千里光 (清肝明目药)
2025-07-09 11:29:13,574 - INFO - 正在解析药材详情: 千里光, URL: https://www.zysj.com.cn/lilunshuji/zhongyaoxue/1420.html
2025-07-09 11:29:15,941 - INFO - 成功解析药材: 千里光 (清肝明目药)
2025-07-09 11:29:15,941 - INFO -   - 拼音: 
2025-07-09 11:29:15,941 - INFO -   - 药用部位: 本品为菊科多年生草本植物千里光的幼嫩茎叶。
2025-07-09 11:29:15,941 - INFO -   - 性味归经: 苦，平。有小毒。
2025-07-09 11:29:15,941 - INFO -   - 药性: 平
2025-07-09 11:29:15,941 - INFO -   - 药味: 苦
2025-07-09 11:29:15,941 - INFO -   - 归经: 无
2025-07-09 11:29:15,941 - INFO -   - 功效: 清热解毒，清肝明目。
2025-07-09 11:29:15,941 - INFO -   - 功效列表: 2 条
2025-07-09 11:29:15,941 - INFO -   - 临床应用: 2 条
2025-07-09 11:29:15,941 - INFO -   - 处方用名: 千里光（洗臼，晒干，切碎用）
2025-07-09 11:29:15,941 - INFO -   - 用法用量: 五钱至一两，煎服。
2025-07-09 11:29:15,941 - INFO -   - 按语: 0 条
2025-07-09 11:29:15,941 - INFO -   - 方剂举例: 0 条
2025-07-09 11:29:15,941 - INFO -   - 文献摘录: 0 条
2025-07-09 11:29:15,941 - INFO -   - 附药: 0 条
2025-07-09 11:29:15,941 - INFO -   - 图片: 0 张
2025-07-09 11:29:15,941 - INFO - 成功添加药材: 千里光
2025-07-09 11:29:17,957 - INFO - 正在处理 [50/464] 鲜生地（附：生地） (清热凉血药)
2025-07-09 11:29:17,958 - INFO - 正在解析药材详情: 鲜生地（附：生地）, URL: https://www.zysj.com.cn/lilunshuji/zhongyaoxue/1422.html
2025-07-09 11:29:20,329 - INFO - 成功解析药材: 鲜生地（附：生地） (清热凉血药)
2025-07-09 11:29:20,329 - INFO -   - 拼音: 
2025-07-09 11:29:20,329 - INFO -   - 药用部位: 本品为玄参科植物地黄的新鲜块根。
2025-07-09 11:29:20,329 - INFO -   - 性味归经: 甘、苦，寒。入心、肝、肾经。
2025-07-09 11:29:20,329 - INFO -   - 药性: 寒
2025-07-09 11:29:20,329 - INFO -   - 药味: 甘、苦
2025-07-09 11:29:20,329 - INFO -   - 归经: 心经, 肝经, 肾经
2025-07-09 11:29:20,329 - INFO -   - 功效: 清热凉血，生津。
2025-07-09 11:29:20,329 - INFO -   - 功效列表: 2 条
2025-07-09 11:29:20,330 - INFO -   - 临床应用: 2 条
2025-07-09 11:29:20,330 - INFO -   - 处方用名: 鲜生地（新鲜者，洗净用）
2025-07-09 11:29:20,330 - INFO -   - 用法用量: 五钱至二两，煎服。
2025-07-09 11:29:20,330 - INFO -   - 按语: 1 条
2025-07-09 11:29:20,330 - INFO -   - 方剂举例: 1 条
2025-07-09 11:29:20,330 - INFO -   - 文献摘录: 0 条
2025-07-09 11:29:20,330 - INFO -   - 附药: 1 条
2025-07-09 11:29:20,330 - INFO -   - 图片: 0 张
2025-07-09 11:29:20,330 - INFO - 成功添加药材: 鲜生地（附：生地）
2025-07-09 11:29:20,332 - INFO - 数据已保存到 zysj_herbal_data.json，当前共 50 条记录
2025-07-09 11:29:22,347 - INFO - 正在处理 [51/464] 紫草 (清热凉血药)
2025-07-09 11:29:22,347 - INFO - 正在解析药材详情: 紫草, URL: https://www.zysj.com.cn/lilunshuji/zhongyaoxue/1423.html
2025-07-09 11:29:24,746 - INFO - 成功解析药材: 紫草 (清热凉血药)
2025-07-09 11:29:24,746 - INFO -   - 拼音: 
2025-07-09 11:29:24,746 - INFO -   - 药用部位: 本品为紫草科植物紫草及新疆紫草的根。
2025-07-09 11:29:24,746 - INFO -   - 性味归经: 甘，寒。入心、肝经。
2025-07-09 11:29:24,746 - INFO -   - 药性: 寒
2025-07-09 11:29:24,746 - INFO -   - 药味: 甘
2025-07-09 11:29:24,746 - INFO -   - 归经: 心经, 肝经
2025-07-09 11:29:24,746 - INFO -   - 功效: 凉血、解毒、透疹。
2025-07-09 11:29:24,746 - INFO -   - 功效列表: 3 条
2025-07-09 11:29:24,746 - INFO -   - 临床应用: 3 条
2025-07-09 11:29:24,746 - INFO -   - 处方用名: 紫草、紫草根、紫草茸、老紫草（洗净，杀干，切片用）
2025-07-09 11:29:24,746 - INFO -   - 用法用量: 一钱至三钱，煎服。
2025-07-09 11:29:24,746 - INFO -   - 按语: 0 条
2025-07-09 11:29:24,746 - INFO -   - 方剂举例: 1 条
2025-07-09 11:29:24,746 - INFO -   - 文献摘录: 0 条
2025-07-09 11:29:24,746 - INFO -   - 附药: 0 条
2025-07-09 11:29:24,746 - INFO -   - 图片: 0 张
2025-07-09 11:29:24,746 - INFO - 成功添加药材: 紫草
2025-07-09 11:29:26,748 - INFO - 正在处理 [52/464] 犀角 (清热凉血药)
2025-07-09 11:29:26,749 - INFO - 正在解析药材详情: 犀角, URL: https://www.zysj.com.cn/lilunshuji/zhongyaoxue/1424.html
2025-07-09 11:29:29,112 - INFO - 成功解析药材: 犀角 (清热凉血药)
2025-07-09 11:29:29,112 - INFO -   - 拼音: 
2025-07-09 11:29:29,112 - INFO -   - 药用部位: 本品为犀科动物犀牛的角。
2025-07-09 11:29:29,112 - INFO -   - 性味归经: 苦、酸、咸，寒。入心、肝、胃经。
2025-07-09 11:29:29,112 - INFO -   - 药性: 寒
2025-07-09 11:29:29,112 - INFO -   - 药味: 苦、酸、咸
2025-07-09 11:29:29,112 - INFO -   - 归经: 心经, 肝经, 胃经
2025-07-09 11:29:29,112 - INFO -   - 功效: 清热定惊，凉血解毒。
2025-07-09 11:29:29,112 - INFO -   - 功效列表: 2 条
2025-07-09 11:29:29,112 - INFO -   - 临床应用: 2 条
2025-07-09 11:29:29,112 - INFO -   - 处方用名: 犀角粉、乌犀尖（研粉用）
2025-07-09 11:29:29,112 - INFO -   - 用法用量: 每次二至五分，研粉冲服。本品大多配入丸散内服用。价格昂贵而物少，必须严格掌握使用。
2025-07-09 11:29:29,112 - INFO -   - 按语: 5 条
2025-07-09 11:29:29,112 - INFO -   - 方剂举例: 1 条
2025-07-09 11:29:29,112 - INFO -   - 文献摘录: 0 条
2025-07-09 11:29:29,112 - INFO -   - 附药: 0 条
2025-07-09 11:29:29,112 - INFO -   - 图片: 0 张
2025-07-09 11:29:29,112 - INFO - 成功添加药材: 犀角
2025-07-09 11:29:31,118 - INFO - 正在处理 [53/464] 牛黄 (清热凉血药)
2025-07-09 11:29:31,118 - INFO - 正在解析药材详情: 牛黄, URL: https://www.zysj.com.cn/lilunshuji/zhongyaoxue/1425.html
2025-07-09 11:29:33,502 - INFO - 成功解析药材: 牛黄 (清热凉血药)
2025-07-09 11:29:33,502 - INFO -   - 拼音: 
2025-07-09 11:29:33,502 - INFO -   - 药用部位: 本品为牛科动物黄牛或水牛的胆囊结石。
2025-07-09 11:29:33,502 - INFO -   - 性味归经: 苦、甘，凉。入心、肝经。
2025-07-09 11:29:33,502 - INFO -   - 药性: 凉
2025-07-09 11:29:33,503 - INFO -   - 药味: 苦、甘
2025-07-09 11:29:33,503 - INFO -   - 归经: 心经, 肝经
2025-07-09 11:29:33,503 - INFO -   - 功效: 清心开窍，豁痰定惊，清热解毒。
2025-07-09 11:29:33,503 - INFO -   - 功效列表: 3 条
2025-07-09 11:29:33,503 - INFO -   - 临床应用: 2 条
2025-07-09 11:29:33,503 - INFO -   - 处方用名: 牛黄、西黄、犀黄（研粉用）
2025-07-09 11:29:33,503 - INFO -   - 用法用量: 每次吞服五厘至二分。多入丸散剂应用。入汤剂宜冲服。外用适量。
2025-07-09 11:29:33,503 - INFO -   - 按语: 3 条
2025-07-09 11:29:33,503 - INFO -   - 方剂举例: 1 条
2025-07-09 11:29:33,503 - INFO -   - 文献摘录: 0 条
2025-07-09 11:29:33,503 - INFO -   - 附药: 0 条
2025-07-09 11:29:33,503 - INFO -   - 图片: 0 张
2025-07-09 11:29:33,503 - INFO - 成功添加药材: 牛黄
2025-07-09 11:29:35,506 - INFO - 正在处理 [54/464] 牡丹皮 (清热凉血药)
2025-07-09 11:29:35,507 - INFO - 正在解析药材详情: 牡丹皮, URL: https://www.zysj.com.cn/lilunshuji/zhongyaoxue/1426.html
2025-07-09 11:29:37,854 - INFO - 成功解析药材: 牡丹皮 (清热凉血药)
2025-07-09 11:29:37,855 - INFO -   - 拼音: 
2025-07-09 11:29:37,855 - INFO -   - 药用部位: 本品为毛茛科植物牡丹的根皮。
2025-07-09 11:29:37,855 - INFO -   - 性味归经: 辛、苦，微寒。入心、肝、肾经。
2025-07-09 11:29:37,855 - INFO -   - 药性: 微寒
2025-07-09 11:29:37,855 - INFO -   - 药味: 辛、苦
2025-07-09 11:29:37,855 - INFO -   - 归经: 心经, 肝经, 肾经
2025-07-09 11:29:37,855 - INFO -   - 功效: 清热凉血，活血散瘀。
2025-07-09 11:29:37,855 - INFO -   - 功效列表: 2 条
2025-07-09 11:29:37,855 - INFO -   - 临床应用: 3 条
2025-07-09 11:29:37,855 - INFO -   - 处方用名: 粉丹皮、丹皮（生用，用于清实热、泻虚火，活血败瘀）、炒丹皮、丹皮炭（炒至黑色用，用于凉血止血）
2025-07-09 11:29:37,855 - INFO -   - 用法用量: 一钱至三钱，煎服。
2025-07-09 11:29:37,855 - INFO -   - 按语: 2 条
2025-07-09 11:29:37,855 - INFO -   - 方剂举例: 1 条
2025-07-09 11:29:37,855 - INFO -   - 文献摘录: 0 条
2025-07-09 11:29:37,855 - INFO -   - 附药: 0 条
2025-07-09 11:29:37,855 - INFO -   - 图片: 0 张
2025-07-09 11:29:37,855 - INFO - 成功添加药材: 牡丹皮
2025-07-09 11:29:39,870 - INFO - 正在处理 [55/464] 赤芍药 (清热凉血药)
2025-07-09 11:29:39,870 - INFO - 正在解析药材详情: 赤芍药, URL: https://www.zysj.com.cn/lilunshuji/zhongyaoxue/1427.html
2025-07-09 11:29:42,296 - INFO - 成功解析药材: 赤芍药 (清热凉血药)
2025-07-09 11:29:42,296 - INFO -   - 拼音: 
2025-07-09 11:29:42,296 - INFO -   - 药用部位: 本品为毛茛科植物芍药、草芍药及川赤芍的根。
2025-07-09 11:29:42,296 - INFO -   - 性味归经: 苦，微寒。入肝经。
2025-07-09 11:29:42,296 - INFO -   - 药性: 微寒
2025-07-09 11:29:42,296 - INFO -   - 药味: 苦
2025-07-09 11:29:42,296 - INFO -   - 归经: 肝经
2025-07-09 11:29:42,296 - INFO -   - 功效: 清热凉血，活血散瘀。
2025-07-09 11:29:42,296 - INFO -   - 功效列表: 2 条
2025-07-09 11:29:42,296 - INFO -   - 临床应用: 2 条
2025-07-09 11:29:42,296 - INFO -   - 处方用名: 赤芍、京赤芍（洗净，晒干，切片用）
炒赤芍（炒用，清热凉血之性稍减）
2025-07-09 11:29:42,296 - INFO -   - 用法用量: 一钱至三钱，煎服。
2025-07-09 11:29:42,297 - INFO -   - 按语: 1 条
2025-07-09 11:29:42,297 - INFO -   - 方剂举例: 1 条
2025-07-09 11:29:42,297 - INFO -   - 文献摘录: 0 条
2025-07-09 11:29:42,297 - INFO -   - 附药: 0 条
2025-07-09 11:29:42,297 - INFO -   - 图片: 0 张
2025-07-09 11:29:42,297 - INFO - 成功添加药材: 赤芍药
2025-07-09 11:29:42,299 - INFO - 数据已保存到 zysj_herbal_data.json，当前共 55 条记录
2025-07-09 11:29:44,312 - INFO - 正在处理 [56/464] 玄参 (清热凉血药)
2025-07-09 11:29:44,313 - INFO - 正在解析药材详情: 玄参, URL: https://www.zysj.com.cn/lilunshuji/zhongyaoxue/1429.html
2025-07-09 11:29:46,666 - INFO - 成功解析药材: 玄参 (清热凉血药)
2025-07-09 11:29:46,666 - INFO -   - 拼音: 
2025-07-09 11:29:46,666 - INFO -   - 药用部位: 本品为玄参科植物玄参的根。
2025-07-09 11:29:46,666 - INFO -   - 性味归经: 苦、咸，寒。入脾、胃、肾经。
2025-07-09 11:29:46,666 - INFO -   - 药性: 寒
2025-07-09 11:29:46,666 - INFO -   - 药味: 苦、咸
2025-07-09 11:29:46,666 - INFO -   - 归经: 脾经, 胃经, 肾经
2025-07-09 11:29:46,666 - INFO -   - 功效: 清热滋阴，泻火解毒。
2025-07-09 11:29:46,666 - INFO -   - 功效列表: 2 条
2025-07-09 11:29:46,666 - INFO -   - 临床应用: 2 条
2025-07-09 11:29:46,666 - INFO -   - 处方用名: 元参、玄参、乌元参、黑玄参（洗净，晒干，切片用）
2025-07-09 11:29:46,666 - INFO -   - 用法用量: 三钱至五钱，煎服。
2025-07-09 11:29:46,666 - INFO -   - 按语: 2 条
2025-07-09 11:29:46,666 - INFO -   - 方剂举例: 1 条
2025-07-09 11:29:46,666 - INFO -   - 文献摘录: 0 条
2025-07-09 11:29:46,666 - INFO -   - 附药: 0 条
2025-07-09 11:29:46,666 - INFO -   - 图片: 0 张
2025-07-09 11:29:46,666 - INFO - 成功添加药材: 玄参
2025-07-09 11:29:48,670 - INFO - 正在处理 [57/464] 茅根（附：茅针花） (清热凉血药)
2025-07-09 11:29:48,670 - INFO - 正在解析药材详情: 茅根（附：茅针花）, URL: https://www.zysj.com.cn/lilunshuji/zhongyaoxue/1430.html
2025-07-09 11:29:51,022 - INFO - 成功解析药材: 茅根（附：茅针花） (清热凉血药)
2025-07-09 11:29:51,022 - INFO -   - 拼音: 
2025-07-09 11:29:51,022 - INFO -   - 药用部位: 本品为禾本科植物白茅的根茎。
2025-07-09 11:29:51,022 - INFO -   - 性味归经: 甘，寒。入肺、胃经。
2025-07-09 11:29:51,022 - INFO -   - 药性: 寒
2025-07-09 11:29:51,022 - INFO -   - 药味: 甘
2025-07-09 11:29:51,022 - INFO -   - 归经: 肺经, 胃经
2025-07-09 11:29:51,022 - INFO -   - 功效: 清热生津，凉血止血。
2025-07-09 11:29:51,022 - INFO -   - 功效列表: 2 条
2025-07-09 11:29:51,022 - INFO -   - 临床应用: 2 条
2025-07-09 11:29:51,022 - INFO -   - 处方用名: 鲜茅根、白茅根（鲜用，作用较佳）、干茅根（晒干用，作用较弱）
2025-07-09 11:29:51,022 - INFO -   - 用法用量: 鲜者用一两至二量，干者用五钱至一两，煎服。
2025-07-09 11:29:51,022 - INFO -   - 按语: 2 条
2025-07-09 11:29:51,022 - INFO -   - 方剂举例: 1 条
2025-07-09 11:29:51,022 - INFO -   - 文献摘录: 0 条
2025-07-09 11:29:51,022 - INFO -   - 附药: 1 条
2025-07-09 11:29:51,023 - INFO -   - 图片: 0 张
2025-07-09 11:29:51,023 - INFO - 成功添加药材: 茅根（附：茅针花）
2025-07-09 11:29:53,038 - INFO - 正在处理 [58/464] 连翘 (清热解毒药)
2025-07-09 11:29:53,038 - INFO - 正在解析药材详情: 连翘, URL: https://www.zysj.com.cn/lilunshuji/zhongyaoxue/1433.html
2025-07-09 11:29:55,393 - INFO - 成功解析药材: 连翘 (清热解毒药)
2025-07-09 11:29:55,394 - INFO -   - 拼音: 
2025-07-09 11:29:55,394 - INFO -   - 药用部位: 本品为木犀科植物连翘的果实。
2025-07-09 11:29:55,394 - INFO -   - 性味归经: 苦，微寒。入心、胆经。
2025-07-09 11:29:55,394 - INFO -   - 药性: 微寒
2025-07-09 11:29:55,394 - INFO -   - 药味: 苦
2025-07-09 11:29:55,394 - INFO -   - 归经: 心经, 胆经
2025-07-09 11:29:55,394 - INFO -   - 功效: 清热解毒。
2025-07-09 11:29:55,394 - INFO -   - 功效列表: 1 条
2025-07-09 11:29:55,394 - INFO -   - 临床应用: 3 条
2025-07-09 11:29:55,394 - INFO -   - 处方用名: 连翘、连翘壳、连乔（生用，清热解毒）、朱砂拌连翘（清心安神，治热病烦燥不安）
2025-07-09 11:29:55,394 - INFO -   - 用法用量: 三钱至五钱，煎服。
2025-07-09 11:29:55,394 - INFO -   - 按语: 4 条
2025-07-09 11:29:55,394 - INFO -   - 方剂举例: 1 条
2025-07-09 11:29:55,394 - INFO -   - 文献摘录: 0 条
2025-07-09 11:29:55,394 - INFO -   - 附药: 0 条
2025-07-09 11:29:55,394 - INFO -   - 图片: 0 张
2025-07-09 11:29:55,394 - INFO - 成功添加药材: 连翘
2025-07-09 11:29:57,399 - INFO - 正在处理 [59/464] 蒲公英 (清热解毒药)
2025-07-09 11:29:57,399 - INFO - 正在解析药材详情: 蒲公英, URL: https://www.zysj.com.cn/lilunshuji/zhongyaoxue/1434.html
2025-07-09 11:29:59,761 - INFO - 成功解析药材: 蒲公英 (清热解毒药)
2025-07-09 11:29:59,762 - INFO -   - 拼音: 
2025-07-09 11:29:59,762 - INFO -   - 药用部位: 本品为菊科植物蒲公英或其它同属植物的全草。
2025-07-09 11:29:59,762 - INFO -   - 性味归经: 苦、甘，寒。入肝、胃经。
2025-07-09 11:29:59,762 - INFO -   - 药性: 寒
2025-07-09 11:29:59,762 - INFO -   - 药味: 苦、甘
2025-07-09 11:29:59,762 - INFO -   - 归经: 肝经, 胃经
2025-07-09 11:29:59,762 - INFO -   - 功效: 清热解毒。
2025-07-09 11:29:59,762 - INFO -   - 功效列表: 1 条
2025-07-09 11:29:59,762 - INFO -   - 临床应用: 2 条
2025-07-09 11:29:59,762 - INFO -   - 处方用名: 蒲公英、黄花地丁（洗净，晒干，切碎用）
2025-07-09 11:29:59,762 - INFO -   - 用法用量: 三钱至一两，煎服。
2025-07-09 11:29:59,762 - INFO -   - 按语: 1 条
2025-07-09 11:29:59,762 - INFO -   - 方剂举例: 1 条
2025-07-09 11:29:59,762 - INFO -   - 文献摘录: 0 条
2025-07-09 11:29:59,762 - INFO -   - 附药: 0 条
2025-07-09 11:29:59,762 - INFO -   - 图片: 0 张
2025-07-09 11:29:59,762 - INFO - 成功添加药材: 蒲公英
2025-07-09 11:30:01,775 - INFO - 正在处理 [60/464] 山慈菇 (清热解毒药)
2025-07-09 11:30:01,775 - INFO - 正在解析药材详情: 山慈菇, URL: https://www.zysj.com.cn/lilunshuji/zhongyaoxue/1436.html
2025-07-09 11:30:04,134 - INFO - 成功解析药材: 山慈菇 (清热解毒药)
2025-07-09 11:30:04,134 - INFO -   - 拼音: 
2025-07-09 11:30:04,134 - INFO -   - 药用部位: 本品为兰科植物杜鹃兰的假球茎。（山慈菇的来源较复杂，有兰科的...
2025-07-09 11:30:04,134 - INFO -   - 性味归经: 甘、微辛，寒。入肝、胃经。
2025-07-09 11:30:04,134 - INFO -   - 药性: 寒
2025-07-09 11:30:04,134 - INFO -   - 药味: 甘、微辛
2025-07-09 11:30:04,134 - INFO -   - 归经: 肝经, 胃经
2025-07-09 11:30:04,134 - INFO -   - 功效: 清热解毒，消痈散结。
2025-07-09 11:30:04,134 - INFO -   - 功效列表: 2 条
2025-07-09 11:30:04,134 - INFO -   - 临床应用: 2 条
2025-07-09 11:30:04,134 - INFO -   - 处方用名: 山慈菇、山茨菇（洗净，晒干，切片用）
2025-07-09 11:30:04,134 - INFO -   - 用法用量: 一钱至三钱，煎服。外用适量。
2025-07-09 11:30:04,134 - INFO -   - 按语: 0 条
2025-07-09 11:30:04,134 - INFO -   - 方剂举例: 1 条
2025-07-09 11:30:04,134 - INFO -   - 文献摘录: 0 条
2025-07-09 11:30:04,134 - INFO -   - 附药: 0 条
2025-07-09 11:30:04,134 - INFO -   - 图片: 0 张
2025-07-09 11:30:04,135 - INFO - 成功添加药材: 山慈菇
2025-07-09 11:30:04,137 - INFO - 数据已保存到 zysj_herbal_data.json，当前共 60 条记录
2025-07-09 11:30:06,151 - INFO - 正在处理 [61/464] 漏芦 (清热解毒药)
2025-07-09 11:30:06,151 - INFO - 正在解析药材详情: 漏芦, URL: https://www.zysj.com.cn/lilunshuji/zhongyaoxue/1437.html
2025-07-09 11:30:08,517 - INFO - 成功解析药材: 漏芦 (清热解毒药)
2025-07-09 11:30:08,517 - INFO -   - 拼音: 
2025-07-09 11:30:08,517 - INFO -   - 药用部位: 本品为菊科植物漏芦的根。
2025-07-09 11:30:08,517 - INFO -   - 性味归经: 苦，寒。入胃经。
2025-07-09 11:30:08,517 - INFO -   - 药性: 寒
2025-07-09 11:30:08,517 - INFO -   - 药味: 苦
2025-07-09 11:30:08,517 - INFO -   - 归经: 胃经
2025-07-09 11:30:08,517 - INFO -   - 功效: 清热解毒，消痈肿，下乳汁。
2025-07-09 11:30:08,518 - INFO -   - 功效列表: 3 条
2025-07-09 11:30:08,518 - INFO -   - 临床应用: 2 条
2025-07-09 11:30:08,518 - INFO -   - 处方用名: 漏芦（洗净，晒干，切片用）
2025-07-09 11:30:08,518 - INFO -   - 用法用量: 一钱至四钱，煎服。
2025-07-09 11:30:08,518 - INFO -   - 按语: 0 条
2025-07-09 11:30:08,518 - INFO -   - 方剂举例: 1 条
2025-07-09 11:30:08,518 - INFO -   - 文献摘录: 0 条
2025-07-09 11:30:08,518 - INFO -   - 附药: 0 条
2025-07-09 11:30:08,518 - INFO -   - 图片: 0 张
2025-07-09 11:30:08,518 - INFO - 成功添加药材: 漏芦
2025-07-09 11:30:10,521 - INFO - 正在处理 [62/464] 四季青 (清热解毒药)
2025-07-09 11:30:10,522 - INFO - 正在解析药材详情: 四季青, URL: https://www.zysj.com.cn/lilunshuji/zhongyaoxue/1438.html
2025-07-09 11:30:12,902 - INFO - 成功解析药材: 四季青 (清热解毒药)
2025-07-09 11:30:12,902 - INFO -   - 拼音: 
2025-07-09 11:30:12,902 - INFO -   - 药用部位: 本品为冬青科植物冬青的叶。
2025-07-09 11:30:12,902 - INFO -   - 性味归经: 苦、涩，寒。
2025-07-09 11:30:12,902 - INFO -   - 药性: 寒
2025-07-09 11:30:12,902 - INFO -   - 药味: 苦、涩
2025-07-09 11:30:12,902 - INFO -   - 归经: 无
2025-07-09 11:30:12,902 - INFO -   - 功效: 清热解毒，凉血止血。
2025-07-09 11:30:12,902 - INFO -   - 功效列表: 2 条
2025-07-09 11:30:12,902 - INFO -   - 临床应用: 2 条
2025-07-09 11:30:12,902 - INFO -   - 处方用名: 四季青、野冬青（洗净，晒干用）
2025-07-09 11:30:12,902 - INFO -   - 用法用量: 五钱至一两，大剂量可用二两，煎服。外用适量。
2025-07-09 11:30:12,902 - INFO -   - 按语: 0 条
2025-07-09 11:30:12,902 - INFO -   - 方剂举例: 1 条
2025-07-09 11:30:12,902 - INFO -   - 文献摘录: 0 条
2025-07-09 11:30:12,902 - INFO -   - 附药: 0 条
2025-07-09 11:30:12,902 - INFO -   - 图片: 0 张
2025-07-09 11:30:12,902 - INFO - 成功添加药材: 四季青
2025-07-09 11:30:14,906 - INFO - 正在处理 [63/464] 乌蔹莓 (清热解毒药)
2025-07-09 11:30:14,906 - INFO - 正在解析药材详情: 乌蔹莓, URL: https://www.zysj.com.cn/lilunshuji/zhongyaoxue/1439.html
2025-07-09 11:30:17,299 - INFO - 成功解析药材: 乌蔹莓 (清热解毒药)
2025-07-09 11:30:17,299 - INFO -   - 拼音: 
2025-07-09 11:30:17,299 - INFO -   - 药用部位: 本品为葡萄科植物乌蔹莓的全草。
2025-07-09 11:30:17,299 - INFO -   - 性味归经: 苦、酸，寒。
2025-07-09 11:30:17,299 - INFO -   - 药性: 寒
2025-07-09 11:30:17,299 - INFO -   - 药味: 苦、酸
2025-07-09 11:30:17,300 - INFO -   - 归经: 无
2025-07-09 11:30:17,300 - INFO -   - 功效: 清热凉血解毒，利尿。
2025-07-09 11:30:17,300 - INFO -   - 功效列表: 2 条
2025-07-09 11:30:17,300 - INFO -   - 临床应用: 2 条
2025-07-09 11:30:17,300 - INFO -   - 处方用名: 乌蔹莓（洗净，晒干，切碎用）
2025-07-09 11:30:17,300 - INFO -   - 用法用量: 五钱至一两，鲜者加倍，煎服。外用适量。
2025-07-09 11:30:17,300 - INFO -   - 按语: 0 条
2025-07-09 11:30:17,300 - INFO -   - 方剂举例: 0 条
2025-07-09 11:30:17,300 - INFO -   - 文献摘录: 0 条
2025-07-09 11:30:17,300 - INFO -   - 附药: 0 条
2025-07-09 11:30:17,300 - INFO -   - 图片: 0 张
2025-07-09 11:30:17,300 - INFO - 成功添加药材: 乌蔹莓
2025-07-09 11:30:19,312 - INFO - 正在处理 [64/464] 芙蓉花（附：芙蓉叶） (清热解毒药)
2025-07-09 11:30:19,312 - INFO - 正在解析药材详情: 芙蓉花（附：芙蓉叶）, URL: https://www.zysj.com.cn/lilunshuji/zhongyaoxue/1440.html
2025-07-09 11:30:21,712 - INFO - 成功解析药材: 芙蓉花（附：芙蓉叶） (清热解毒药)
2025-07-09 11:30:21,712 - INFO -   - 拼音: 
2025-07-09 11:30:21,712 - INFO -   - 药用部位: 本品为锦葵科木芙蓉的花。
2025-07-09 11:30:21,712 - INFO -   - 性味归经: 微辛，平。
2025-07-09 11:30:21,712 - INFO -   - 药性: 平
2025-07-09 11:30:21,712 - INFO -   - 药味: 微辛
2025-07-09 11:30:21,712 - INFO -   - 归经: 无
2025-07-09 11:30:21,712 - INFO -   - 功效: 凉血解毒，消肿排脓。
2025-07-09 11:30:21,713 - INFO -   - 功效列表: 2 条
2025-07-09 11:30:21,713 - INFO -   - 临床应用: 2 条
2025-07-09 11:30:21,713 - INFO -   - 处方用名: 芙蓉花（晒干用）
2025-07-09 11:30:21,713 - INFO -   - 用法用量: 三钱至五钱，煎服。
2025-07-09 11:30:21,713 - INFO -   - 按语: 0 条
2025-07-09 11:30:21,713 - INFO -   - 方剂举例: 0 条
2025-07-09 11:30:21,713 - INFO -   - 文献摘录: 0 条
2025-07-09 11:30:21,713 - INFO -   - 附药: 1 条
2025-07-09 11:30:21,713 - INFO -   - 图片: 0 张
2025-07-09 11:30:21,713 - INFO - 成功添加药材: 芙蓉花（附：芙蓉叶）
2025-07-09 11:30:23,717 - INFO - 正在处理 [65/464] 白蔹 (清热解毒药)
2025-07-09 11:30:23,718 - INFO - 正在解析药材详情: 白蔹, URL: https://www.zysj.com.cn/lilunshuji/zhongyaoxue/1441.html
2025-07-09 11:30:26,102 - INFO - 成功解析药材: 白蔹 (清热解毒药)
2025-07-09 11:30:26,102 - INFO -   - 拼音: 
2025-07-09 11:30:26,102 - INFO -   - 药用部位: 本品为葡萄科植物白蔹的根。
2025-07-09 11:30:26,102 - INFO -   - 性味归经: 苦，微寒。入心、胃经。
2025-07-09 11:30:26,102 - INFO -   - 药性: 微寒
2025-07-09 11:30:26,102 - INFO -   - 药味: 苦
2025-07-09 11:30:26,102 - INFO -   - 归经: 心经, 胃经
2025-07-09 11:30:26,102 - INFO -   - 功效: 清热解毒，消痈肿。
2025-07-09 11:30:26,102 - INFO -   - 功效列表: 2 条
2025-07-09 11:30:26,102 - INFO -   - 临床应用: 2 条
2025-07-09 11:30:26,102 - INFO -   - 处方用名: 白蔹根、白蔹（洗净，晒干，切碎用）
2025-07-09 11:30:26,102 - INFO -   - 用法用量: 一钱至三钱，煎服。外用适量。
2025-07-09 11:30:26,102 - INFO -   - 按语: 0 条
2025-07-09 11:30:26,102 - INFO -   - 方剂举例: 1 条
2025-07-09 11:30:26,103 - INFO -   - 文献摘录: 0 条
2025-07-09 11:30:26,103 - INFO -   - 附药: 0 条
2025-07-09 11:30:26,103 - INFO -   - 图片: 0 张
2025-07-09 11:30:26,103 - INFO - 成功添加药材: 白蔹
2025-07-09 11:30:26,106 - INFO - 数据已保存到 zysj_herbal_data.json，当前共 65 条记录
2025-07-09 11:30:28,114 - INFO - 正在处理 [66/464] 鱼腥草 (清热解毒药)
2025-07-09 11:30:28,115 - INFO - 正在解析药材详情: 鱼腥草, URL: https://www.zysj.com.cn/lilunshuji/zhongyaoxue/1442.html
2025-07-09 11:30:30,472 - INFO - 成功解析药材: 鱼腥草 (清热解毒药)
2025-07-09 11:30:30,472 - INFO -   - 拼音: 
2025-07-09 11:30:30,472 - INFO -   - 药用部位: 本品为三白草科植物蕺菜的根及全草。
2025-07-09 11:30:30,472 - INFO -   - 性味归经: 辛，微寒。入肺经。
2025-07-09 11:30:30,472 - INFO -   - 药性: 微寒
2025-07-09 11:30:30,472 - INFO -   - 药味: 辛
2025-07-09 11:30:30,472 - INFO -   - 归经: 肺经
2025-07-09 11:30:30,472 - INFO -   - 功效: 清热解毒，消痈肿。
2025-07-09 11:30:30,472 - INFO -   - 功效列表: 2 条
2025-07-09 11:30:30,472 - INFO -   - 临床应用: 2 条
2025-07-09 11:30:30,472 - INFO -   - 处方用名: 鱼腥草（洗净，晒干，切碎用）
2025-07-09 11:30:30,472 - INFO -   - 用法用量: 三钱至一两，煎服。因本品含有挥发油，故不宜久煎。外用适量。
2025-07-09 11:30:30,472 - INFO -   - 按语: 2 条
2025-07-09 11:30:30,472 - INFO -   - 方剂举例: 1 条
2025-07-09 11:30:30,472 - INFO -   - 文献摘录: 0 条
2025-07-09 11:30:30,472 - INFO -   - 附药: 0 条
2025-07-09 11:30:30,472 - INFO -   - 图片: 0 张
2025-07-09 11:30:30,472 - INFO - 成功添加药材: 鱼腥草
2025-07-09 11:30:32,483 - INFO - 正在处理 [67/464] 野荞麦根 (清热解毒药)
2025-07-09 11:30:32,484 - INFO - 正在解析药材详情: 野荞麦根, URL: https://www.zysj.com.cn/lilunshuji/zhongyaoxue/1443.html
2025-07-09 11:30:34,866 - INFO - 成功解析药材: 野荞麦根 (清热解毒药)
2025-07-09 11:30:34,867 - INFO -   - 拼音: 
2025-07-09 11:30:34,867 - INFO -   - 药用部位: 本品为蓼科植物野荞麦的根茎和块根。
2025-07-09 11:30:34,867 - INFO -   - 性味归经: 甘、涩、微苦，凉。入肺、肝经。
2025-07-09 11:30:34,867 - INFO -   - 药性: 凉
2025-07-09 11:30:34,867 - INFO -   - 药味: 甘、涩、微苦
2025-07-09 11:30:34,867 - INFO -   - 归经: 肺经, 肝经
2025-07-09 11:30:34,867 - INFO -   - 功效: 清热解毒，活血散淤，祛风湿。
2025-07-09 11:30:34,867 - INFO -   - 功效列表: 3 条
2025-07-09 11:30:34,867 - INFO -   - 临床应用: 2 条
2025-07-09 11:30:34,867 - INFO -   - 处方用名: 野荞麦根、开金锁（洗净，晒干，切碎用）
2025-07-09 11:30:34,867 - INFO -   - 用法用量: 五钱至一两，煎服错隔水炖汁服。
2025-07-09 11:30:34,867 - INFO -   - 按语: 2 条
2025-07-09 11:30:34,867 - INFO -   - 方剂举例: 1 条
2025-07-09 11:30:34,867 - INFO -   - 文献摘录: 0 条
2025-07-09 11:30:34,867 - INFO -   - 附药: 0 条
2025-07-09 11:30:34,867 - INFO -   - 图片: 0 张
2025-07-09 11:30:34,867 - INFO - 成功添加药材: 野荞麦根
2025-07-09 11:30:36,881 - INFO - 正在处理 [68/464] 虎耳草 (清热解毒药)
2025-07-09 11:30:36,881 - INFO - 正在解析药材详情: 虎耳草, URL: https://www.zysj.com.cn/lilunshuji/zhongyaoxue/1444.html
2025-07-09 11:30:39,241 - INFO - 成功解析药材: 虎耳草 (清热解毒药)
2025-07-09 11:30:39,241 - INFO -   - 拼音: 
2025-07-09 11:30:39,241 - INFO -   - 药用部位: 本品为虎耳草科值物虎耳草的新鲜全草。
2025-07-09 11:30:39,241 - INFO -   - 性味归经: 苦、辛，寒。有小毒。
2025-07-09 11:30:39,241 - INFO -   - 药性: 寒
2025-07-09 11:30:39,241 - INFO -   - 药味: 苦、辛
2025-07-09 11:30:39,241 - INFO -   - 归经: 无
2025-07-09 11:30:39,242 - INFO -   - 功效: 清热、凉血、解毒。
2025-07-09 11:30:39,242 - INFO -   - 功效列表: 3 条
2025-07-09 11:30:39,242 - INFO -   - 临床应用: 2 条
2025-07-09 11:30:39,242 - INFO -   - 处方用名: 鲜虎耳草（用新鲜者，随用随采）
2025-07-09 11:30:39,242 - INFO -   - 用法用量: 鲜草五钱至一两，煎服。外用适量。
2025-07-09 11:30:39,242 - INFO -   - 按语: 0 条
2025-07-09 11:30:39,242 - INFO -   - 方剂举例: 0 条
2025-07-09 11:30:39,242 - INFO -   - 文献摘录: 0 条
2025-07-09 11:30:39,242 - INFO -   - 附药: 0 条
2025-07-09 11:30:39,242 - INFO -   - 图片: 0 张
2025-07-09 11:30:39,242 - INFO - 成功添加药材: 虎耳草
2025-07-09 11:30:41,247 - INFO - 正在处理 [69/464] 红藤 (清热解毒药)
2025-07-09 11:30:41,248 - INFO - 正在解析药材详情: 红藤, URL: https://www.zysj.com.cn/lilunshuji/zhongyaoxue/1445.html
2025-07-09 11:30:43,776 - INFO - 成功解析药材: 红藤 (清热解毒药)
2025-07-09 11:30:43,776 - INFO -   - 拼音: 
2025-07-09 11:30:43,776 - INFO -   - 药用部位: 本品为大血藤科植物大血藤的茎。
2025-07-09 11:30:43,776 - INFO -   - 性味归经: 苦，平。入胃、大肠经。
2025-07-09 11:30:43,776 - INFO -   - 药性: 平
2025-07-09 11:30:43,776 - INFO -   - 药味: 苦
2025-07-09 11:30:43,776 - INFO -   - 归经: 胃经, 大肠经
2025-07-09 11:30:43,776 - INFO -   - 功效: 清热解毒
2025-07-09 11:30:43,776 - INFO -   - 功效列表: 1 条
2025-07-09 11:30:43,776 - INFO -   - 临床应用: 3 条
2025-07-09 11:30:43,776 - INFO -   - 处方用名: 红藤（洗净，晒干，切片用）
2025-07-09 11:30:43,776 - INFO -   - 用法用量: 三钱至五钱，大剂量可用一两至二两，煎服。
2025-07-09 11:30:43,776 - INFO -   - 按语: 0 条
2025-07-09 11:30:43,776 - INFO -   - 方剂举例: 1 条
2025-07-09 11:30:43,776 - INFO -   - 文献摘录: 0 条
2025-07-09 11:30:43,777 - INFO -   - 附药: 0 条
2025-07-09 11:30:43,777 - INFO -   - 图片: 0 张
2025-07-09 11:30:43,777 - INFO - 成功添加药材: 红藤
2025-07-09 11:30:45,782 - INFO - 正在处理 [70/464] 败酱草 (清热解毒药)
2025-07-09 11:30:45,782 - INFO - 正在解析药材详情: 败酱草, URL: https://www.zysj.com.cn/lilunshuji/zhongyaoxue/1446.html
2025-07-09 11:30:48,133 - INFO - 成功解析药材: 败酱草 (清热解毒药)
2025-07-09 11:30:48,133 - INFO -   - 拼音: 
2025-07-09 11:30:48,133 - INFO -   - 药用部位: 本品为败酱草科植物白花败酱的全草。其同属植物黄花败酱、狭叶败...
2025-07-09 11:30:48,133 - INFO -   - 性味归经: 辛、苦，微寒。入胃、大肠、肝经。
2025-07-09 11:30:48,133 - INFO -   - 药性: 微寒
2025-07-09 11:30:48,133 - INFO -   - 药味: 辛、苦
2025-07-09 11:30:48,133 - INFO -   - 归经: 胃经, 大肠经, 肝经
2025-07-09 11:30:48,133 - INFO -   - 功效: 清热解毒，消痈排脓，活血行瘀。
2025-07-09 11:30:48,133 - INFO -   - 功效列表: 3 条
2025-07-09 11:30:48,133 - INFO -   - 临床应用: 2 条
2025-07-09 11:30:48,133 - INFO -   - 处方用名: 败酱草（洗净，晒干，切碎用）
2025-07-09 11:30:48,133 - INFO -   - 用法用量: 一钱至三钱，煎服。
2025-07-09 11:30:48,133 - INFO -   - 按语: 2 条
2025-07-09 11:30:48,133 - INFO -   - 方剂举例: 1 条
2025-07-09 11:30:48,133 - INFO -   - 文献摘录: 0 条
2025-07-09 11:30:48,133 - INFO -   - 附药: 0 条
2025-07-09 11:30:48,133 - INFO -   - 图片: 0 张
2025-07-09 11:30:48,134 - INFO - 成功添加药材: 败酱草
2025-07-09 11:30:48,137 - INFO - 数据已保存到 zysj_herbal_data.json，当前共 70 条记录
2025-07-09 11:30:50,143 - INFO - 正在处理 [71/464] 鬼针草 (清热解毒药)
2025-07-09 11:30:50,143 - INFO - 正在解析药材详情: 鬼针草, URL: https://www.zysj.com.cn/lilunshuji/zhongyaoxue/1447.html
2025-07-09 11:30:52,600 - INFO - 成功解析药材: 鬼针草 (清热解毒药)
2025-07-09 11:30:52,600 - INFO -   - 拼音: 
2025-07-09 11:30:52,600 - INFO -   - 药用部位: 本品为菊科植物鬼针草的全草。
2025-07-09 11:30:52,600 - INFO -   - 性味归经: 苦，平。
2025-07-09 11:30:52,600 - INFO -   - 药性: 平
2025-07-09 11:30:52,600 - INFO -   - 药味: 苦
2025-07-09 11:30:52,600 - INFO -   - 归经: 无
2025-07-09 11:30:52,600 - INFO -   - 功效: 清热解毒，活血散瘀。
2025-07-09 11:30:52,601 - INFO -   - 功效列表: 2 条
2025-07-09 11:30:52,601 - INFO -   - 临床应用: 2 条
2025-07-09 11:30:52,601 - INFO -   - 处方用名: 鬼针草、盲肠草（洗净，晒干，切碎用）
2025-07-09 11:30:52,601 - INFO -   - 用法用量: 五钱至一两，大剂量可用二两，煎服。
2025-07-09 11:30:52,601 - INFO -   - 按语: 0 条
2025-07-09 11:30:52,601 - INFO -   - 方剂举例: 0 条
2025-07-09 11:30:52,601 - INFO -   - 文献摘录: 0 条
2025-07-09 11:30:52,601 - INFO -   - 附药: 0 条
2025-07-09 11:30:52,601 - INFO -   - 图片: 0 张
2025-07-09 11:30:52,601 - INFO - 成功添加药材: 鬼针草
2025-07-09 11:30:54,606 - INFO - 正在处理 [72/464] 地耳草 (清热解毒药)
2025-07-09 11:30:54,606 - INFO - 正在解析药材详情: 地耳草, URL: https://www.zysj.com.cn/lilunshuji/zhongyaoxue/1448.html
2025-07-09 11:30:56,968 - INFO - 成功解析药材: 地耳草 (清热解毒药)
2025-07-09 11:30:56,968 - INFO -   - 拼音: 
2025-07-09 11:30:56,968 - INFO -   - 药用部位: 为金桃科植物地耳草的全草。
2025-07-09 11:30:56,968 - INFO -   - 性味归经: 甘、苦，平。
2025-07-09 11:30:56,968 - INFO -   - 药性: 平
2025-07-09 11:30:56,968 - INFO -   - 药味: 甘、苦
2025-07-09 11:30:56,968 - INFO -   - 归经: 无
2025-07-09 11:30:56,968 - INFO -   - 功效: 清热解毒，活血消肿。
2025-07-09 11:30:56,968 - INFO -   - 功效列表: 2 条
2025-07-09 11:30:56,968 - INFO -   - 临床应用: 2 条
2025-07-09 11:30:56,968 - INFO -   - 处方用名: 地耳草、田基黄（洗净，晒干，切碎用）
2025-07-09 11:30:56,968 - INFO -   - 用法用量: 五钱至一两，大剂量可用二两至三两，煎服。外用适量。
2025-07-09 11:30:56,968 - INFO -   - 按语: 0 条
2025-07-09 11:30:56,968 - INFO -   - 方剂举例: 1 条
2025-07-09 11:30:56,968 - INFO -   - 文献摘录: 0 条
2025-07-09 11:30:56,968 - INFO -   - 附药: 0 条
2025-07-09 11:30:56,968 - INFO -   - 图片: 0 张
2025-07-09 11:30:56,968 - INFO - 成功添加药材: 地耳草
2025-07-09 11:30:58,980 - INFO - 正在处理 [73/464] 垂盆草 (清热解毒药)
2025-07-09 11:30:58,980 - INFO - 正在解析药材详情: 垂盆草, URL: https://www.zysj.com.cn/lilunshuji/zhongyaoxue/1449.html
2025-07-09 11:31:01,350 - INFO - 成功解析药材: 垂盆草 (清热解毒药)
2025-07-09 11:31:01,350 - INFO -   - 拼音: 
2025-07-09 11:31:01,350 - INFO -   - 药用部位: 本品为景天科植物垂盆草的全草。
2025-07-09 11:31:01,350 - INFO -   - 性味归经: 甘、淡，微酸，凉。
2025-07-09 11:31:01,350 - INFO -   - 药性: 凉
2025-07-09 11:31:01,350 - INFO -   - 药味: 甘、淡、微酸
2025-07-09 11:31:01,350 - INFO -   - 归经: 无
2025-07-09 11:31:01,350 - INFO -   - 功效: 清热解毒，消痈肿，解蛇毒。
2025-07-09 11:31:01,350 - INFO -   - 功效列表: 3 条
2025-07-09 11:31:01,351 - INFO -   - 临床应用: 3 条
2025-07-09 11:31:01,351 - INFO -   - 处方用名: 垂盆草（洗净，晒干，切碎用）、先垂盆草（鲜草，作用较好）
2025-07-09 11:31:01,351 - INFO -   - 用法用量: 三钱至一两，煎服；鲜草一两至四两，大剂量可用半斤，煎服或洗净绞汁服。外用适量。
2025-07-09 11:31:01,351 - INFO -   - 按语: 2 条
2025-07-09 11:31:01,351 - INFO -   - 方剂举例: 0 条
2025-07-09 11:31:01,351 - INFO -   - 文献摘录: 0 条
2025-07-09 11:31:01,351 - INFO -   - 附药: 0 条
2025-07-09 11:31:01,351 - INFO -   - 图片: 0 张
2025-07-09 11:31:01,351 - INFO - 成功添加药材: 垂盆草
2025-07-09 11:31:03,362 - INFO - 正在处理 [74/464] 土茯苓 (清热解毒药)
2025-07-09 11:31:03,363 - INFO - 正在解析药材详情: 土茯苓, URL: https://www.zysj.com.cn/lilunshuji/zhongyaoxue/1450.html
2025-07-09 11:31:05,734 - INFO - 成功解析药材: 土茯苓 (清热解毒药)
2025-07-09 11:31:05,734 - INFO -   - 拼音: 
2025-07-09 11:31:05,734 - INFO -   - 药用部位: 本品为百合科植物光叶菝葜的块茎。
2025-07-09 11:31:05,734 - INFO -   - 性味归经: 甘、淡，平。入肝、胃经。
2025-07-09 11:31:05,734 - INFO -   - 药性: 平
2025-07-09 11:31:05,734 - INFO -   - 药味: 甘、淡
2025-07-09 11:31:05,734 - INFO -   - 归经: 肝经, 胃经
2025-07-09 11:31:05,734 - INFO -   - 功效: 清热解毒，除湿通络。
2025-07-09 11:31:05,734 - INFO -   - 功效列表: 2 条
2025-07-09 11:31:05,734 - INFO -   - 临床应用: 3 条
2025-07-09 11:31:05,734 - INFO -   - 处方用名: 土茯苓（洗净，晒干，切片用）
2025-07-09 11:31:05,734 - INFO -   - 用法用量: 午前治二两，煎服。据文献记载，服药时不可饮茶。
2025-07-09 11:31:05,734 - INFO -   - 按语: 0 条
2025-07-09 11:31:05,734 - INFO -   - 方剂举例: 1 条
2025-07-09 11:31:05,734 - INFO -   - 文献摘录: 0 条
2025-07-09 11:31:05,734 - INFO -   - 附药: 0 条
2025-07-09 11:31:05,734 - INFO -   - 图片: 0 张
2025-07-09 11:31:05,735 - INFO - 成功添加药材: 土茯苓
2025-07-09 11:31:07,749 - INFO - 正在处理 [75/464] 马兰根 (清热解毒药)
2025-07-09 11:31:07,749 - INFO - 正在解析药材详情: 马兰根, URL: https://www.zysj.com.cn/lilunshuji/zhongyaoxue/1451.html
2025-07-09 11:31:10,128 - INFO - 成功解析药材: 马兰根 (清热解毒药)
2025-07-09 11:31:10,128 - INFO -   - 拼音: 
2025-07-09 11:31:10,128 - INFO -   - 药用部位: 本品为菊科植物马兰的根。
2025-07-09 11:31:10,128 - INFO -   - 性味归经: 辛，平。
2025-07-09 11:31:10,128 - INFO -   - 药性: 平
2025-07-09 11:31:10,128 - INFO -   - 药味: 辛
2025-07-09 11:31:10,128 - INFO -   - 归经: 无
2025-07-09 11:31:10,128 - INFO -   - 功效: 清热解毒，凉血止血，利尿。
2025-07-09 11:31:10,128 - INFO -   - 功效列表: 3 条
2025-07-09 11:31:10,128 - INFO -   - 临床应用: 2 条
2025-07-09 11:31:10,128 - INFO -   - 处方用名: 马兰根（洗净，晒干，切碎用）
2025-07-09 11:31:10,128 - INFO -   - 用法用量: 三钱至一钱，煎服。外用适量。
2025-07-09 11:31:10,128 - INFO -   - 按语: 0 条
2025-07-09 11:31:10,128 - INFO -   - 方剂举例: 0 条
2025-07-09 11:31:10,128 - INFO -   - 文献摘录: 0 条
2025-07-09 11:31:10,128 - INFO -   - 附药: 0 条
2025-07-09 11:31:10,128 - INFO -   - 图片: 0 张
2025-07-09 11:31:10,129 - INFO - 成功添加药材: 马兰根
2025-07-09 11:31:10,132 - INFO - 数据已保存到 zysj_herbal_data.json，当前共 75 条记录
2025-07-09 11:31:12,137 - INFO - 正在处理 [76/464] 射干 (清热解毒药)
2025-07-09 11:31:12,137 - INFO - 正在解析药材详情: 射干, URL: https://www.zysj.com.cn/lilunshuji/zhongyaoxue/1452.html
2025-07-09 11:31:14,524 - INFO - 成功解析药材: 射干 (清热解毒药)
2025-07-09 11:31:14,524 - INFO -   - 拼音: 
2025-07-09 11:31:14,524 - INFO -   - 药用部位: 本品为鸢尾科植物射干的根茎。
2025-07-09 11:31:14,524 - INFO -   - 性味归经: 苦，寒。入肺、肝经。
2025-07-09 11:31:14,524 - INFO -   - 药性: 寒
2025-07-09 11:31:14,524 - INFO -   - 药味: 苦
2025-07-09 11:31:14,524 - INFO -   - 归经: 肺经, 肝经
2025-07-09 11:31:14,524 - INFO -   - 功效: 清热解毒，利咽喉，消痰涎。
2025-07-09 11:31:14,524 - INFO -   - 功效列表: 3 条
2025-07-09 11:31:14,524 - INFO -   - 临床应用: 2 条
2025-07-09 11:31:14,524 - INFO -   - 处方用名: 射干、嫩射干（洗净，晒干，切片用）
2025-07-09 11:31:14,524 - INFO -   - 用法用量: 一钱至三钱，煎服。
2025-07-09 11:31:14,524 - INFO -   - 按语: 2 条
2025-07-09 11:31:14,524 - INFO -   - 方剂举例: 1 条
2025-07-09 11:31:14,525 - INFO -   - 文献摘录: 0 条
2025-07-09 11:31:14,525 - INFO -   - 附药: 0 条
2025-07-09 11:31:14,525 - INFO -   - 图片: 0 张
2025-07-09 11:31:14,525 - INFO - 成功添加药材: 射干
2025-07-09 11:31:16,539 - INFO - 正在处理 [77/464] 山豆根 (清热解毒药)
2025-07-09 11:31:16,539 - INFO - 正在解析药材详情: 山豆根, URL: https://www.zysj.com.cn/lilunshuji/zhongyaoxue/1453.html
2025-07-09 11:31:18,891 - INFO - 成功解析药材: 山豆根 (清热解毒药)
2025-07-09 11:31:18,891 - INFO -   - 拼音: 
2025-07-09 11:31:18,891 - INFO -   - 药用部位: 本品为豆科植物广豆根的根。
2025-07-09 11:31:18,892 - INFO -   - 性味归经: 苦，寒。入心、肺经。
2025-07-09 11:31:18,892 - INFO -   - 药性: 寒
2025-07-09 11:31:18,892 - INFO -   - 药味: 苦
2025-07-09 11:31:18,892 - INFO -   - 归经: 心经, 肺经
2025-07-09 11:31:18,892 - INFO -   - 功效: 清热解毒，利咽喉。
2025-07-09 11:31:18,892 - INFO -   - 功效列表: 2 条
2025-07-09 11:31:18,892 - INFO -   - 临床应用: 3 条
2025-07-09 11:31:18,892 - INFO -   - 处方用名: 山豆根（洗净，晒干，切片用）
2025-07-09 11:31:18,892 - INFO -   - 用法用量: 一钱至三钱，煎服。
2025-07-09 11:31:18,892 - INFO -   - 按语: 3 条
2025-07-09 11:31:18,892 - INFO -   - 方剂举例: 1 条
2025-07-09 11:31:18,892 - INFO -   - 文献摘录: 0 条
2025-07-09 11:31:18,892 - INFO -   - 附药: 0 条
2025-07-09 11:31:18,892 - INFO -   - 图片: 0 张
2025-07-09 11:31:18,892 - INFO - 成功添加药材: 山豆根
2025-07-09 11:31:20,903 - INFO - 正在处理 [78/464] 马勃 (清热解毒药)
2025-07-09 11:31:20,903 - INFO - 正在解析药材详情: 马勃, URL: https://www.zysj.com.cn/lilunshuji/zhongyaoxue/1454.html
2025-07-09 11:31:23,284 - INFO - 成功解析药材: 马勃 (清热解毒药)
2025-07-09 11:31:23,284 - INFO -   - 拼音: 
2025-07-09 11:31:23,284 - INFO -   - 药用部位: 本品为马勃科马勃菌的子实体。
2025-07-09 11:31:23,285 - INFO -   - 性味归经: 辛，平。入肺经。
2025-07-09 11:31:23,285 - INFO -   - 药性: 平
2025-07-09 11:31:23,285 - INFO -   - 药味: 辛
2025-07-09 11:31:23,285 - INFO -   - 归经: 肺经
2025-07-09 11:31:23,285 - INFO -   - 功效: 清热解毒，利咽。
2025-07-09 11:31:23,285 - INFO -   - 功效列表: 2 条
2025-07-09 11:31:23,285 - INFO -   - 临床应用: 2 条
2025-07-09 11:31:23,285 - INFO -   - 处方用名: 轻马勃、净马勃（晒干用）
2025-07-09 11:31:23,285 - INFO -   - 用法用量: 八分至一钱五分，煎服，须包煎。
2025-07-09 11:31:23,285 - INFO -   - 按语: 0 条
2025-07-09 11:31:23,285 - INFO -   - 方剂举例: 1 条
2025-07-09 11:31:23,285 - INFO -   - 文献摘录: 0 条
2025-07-09 11:31:23,285 - INFO -   - 附药: 0 条
2025-07-09 11:31:23,285 - INFO -   - 图片: 0 张
2025-07-09 11:31:23,285 - INFO - 成功添加药材: 马勃
2025-07-09 11:31:25,292 - INFO - 正在处理 [79/464] 橄榄（附：金果榄） (清热解毒药)
2025-07-09 11:31:25,292 - INFO - 正在解析药材详情: 橄榄（附：金果榄）, URL: https://www.zysj.com.cn/lilunshuji/zhongyaoxue/1455.html
2025-07-09 11:31:27,703 - INFO - 成功解析药材: 橄榄（附：金果榄） (清热解毒药)
2025-07-09 11:31:27,703 - INFO -   - 拼音: 
2025-07-09 11:31:27,703 - INFO -   - 药用部位: 本品为橄榄科植物橄榄树的果实。
2025-07-09 11:31:27,703 - INFO -   - 性味归经: 甘、酸，平。入肺、胃经。
2025-07-09 11:31:27,703 - INFO -   - 药性: 平
2025-07-09 11:31:27,703 - INFO -   - 药味: 甘、酸
2025-07-09 11:31:27,703 - INFO -   - 归经: 肺经, 胃经
2025-07-09 11:31:27,703 - INFO -   - 功效: 清热解毒，利咽喉，化痰。
2025-07-09 11:31:27,703 - INFO -   - 功效列表: 3 条
2025-07-09 11:31:27,703 - INFO -   - 临床应用: 2 条
2025-07-09 11:31:27,703 - INFO -   - 处方用名: 橄榄、青果（用新鲜者）
2025-07-09 11:31:27,703 - INFO -   - 用法用量: 三钱至五钱，多者可用治二两，洗净，生食嚼烂咽汁，或煎服。
2025-07-09 11:31:27,703 - INFO -   - 按语: 0 条
2025-07-09 11:31:27,703 - INFO -   - 方剂举例: 1 条
2025-07-09 11:31:27,703 - INFO -   - 文献摘录: 0 条
2025-07-09 11:31:27,703 - INFO -   - 附药: 1 条
2025-07-09 11:31:27,703 - INFO -   - 图片: 0 张
2025-07-09 11:31:27,703 - INFO - 成功添加药材: 橄榄（附：金果榄）
2025-07-09 11:31:29,715 - INFO - 正在处理 [80/464] 白毛夏枯草 (清热解毒药)
2025-07-09 11:31:29,716 - INFO - 正在解析药材详情: 白毛夏枯草, URL: https://www.zysj.com.cn/lilunshuji/zhongyaoxue/1456.html
2025-07-09 11:31:32,168 - INFO - 成功解析药材: 白毛夏枯草 (清热解毒药)
2025-07-09 11:31:32,168 - INFO -   - 拼音: 
2025-07-09 11:31:32,168 - INFO -   - 药用部位: 本品为唇形科植物筋骨草的全草。
2025-07-09 11:31:32,168 - INFO -   - 性味归经: 苦，寒。
2025-07-09 11:31:32,168 - INFO -   - 药性: 寒
2025-07-09 11:31:32,168 - INFO -   - 药味: 苦
2025-07-09 11:31:32,168 - INFO -   - 归经: 无
2025-07-09 11:31:32,168 - INFO -   - 功效: 清热解毒，凉血消肿。
2025-07-09 11:31:32,168 - INFO -   - 功效列表: 2 条
2025-07-09 11:31:32,168 - INFO -   - 临床应用: 2 条
2025-07-09 11:31:32,168 - INFO -   - 处方用名: 筋骨草、白毛夏枯草（洗净，晒干，切碎用）
2025-07-09 11:31:32,168 - INFO -   - 用法用量: 三钱至一两，煎服。外用适量。
2025-07-09 11:31:32,169 - INFO -   - 按语: 3 条
2025-07-09 11:31:32,169 - INFO -   - 方剂举例: 0 条
2025-07-09 11:31:32,169 - INFO -   - 文献摘录: 0 条
2025-07-09 11:31:32,169 - INFO -   - 附药: 0 条
2025-07-09 11:31:32,169 - INFO -   - 图片: 0 张
2025-07-09 11:31:32,169 - INFO - 成功添加药材: 白毛夏枯草
2025-07-09 11:31:32,173 - INFO - 数据已保存到 zysj_herbal_data.json，当前共 80 条记录
2025-07-09 11:31:34,183 - INFO - 正在处理 [81/464] 点地梅 (清热解毒药)
2025-07-09 11:31:34,183 - INFO - 正在解析药材详情: 点地梅, URL: https://www.zysj.com.cn/lilunshuji/zhongyaoxue/1457.html
2025-07-09 11:31:36,548 - INFO - 成功解析药材: 点地梅 (清热解毒药)
2025-07-09 11:31:36,548 - INFO -   - 拼音: 
2025-07-09 11:31:36,548 - INFO -   - 药用部位: 本品为报春花科植物点地梅的全草。
2025-07-09 11:31:36,548 - INFO -   - 性味归经: 苦、辛，寒。
2025-07-09 11:31:36,548 - INFO -   - 药性: 寒
2025-07-09 11:31:36,548 - INFO -   - 药味: 苦、辛
2025-07-09 11:31:36,548 - INFO -   - 归经: 无
2025-07-09 11:31:36,548 - INFO -   - 功效: 清热解毒，消肿止痛。
2025-07-09 11:31:36,548 - INFO -   - 功效列表: 2 条
2025-07-09 11:31:36,548 - INFO -   - 临床应用: 2 条
2025-07-09 11:31:36,548 - INFO -   - 处方用名: 点地梅（洗净，晒干，切碎用）
2025-07-09 11:31:36,549 - INFO -   - 用法用量: 三钱至一两，煎服。
2025-07-09 11:31:36,549 - INFO -   - 按语: 1 条
2025-07-09 11:31:36,549 - INFO -   - 方剂举例: 0 条
2025-07-09 11:31:36,549 - INFO -   - 文献摘录: 0 条
2025-07-09 11:31:36,549 - INFO -   - 附药: 0 条
2025-07-09 11:31:36,549 - INFO -   - 图片: 0 张
2025-07-09 11:31:36,549 - INFO - 成功添加药材: 点地梅
2025-07-09 11:31:38,559 - INFO - 正在处理 [82/464] 一枝黄花 (清热解毒药)
2025-07-09 11:31:38,559 - INFO - 正在解析药材详情: 一枝黄花, URL: https://www.zysj.com.cn/lilunshuji/zhongyaoxue/1458.html
2025-07-09 11:31:40,961 - INFO - 成功解析药材: 一枝黄花 (清热解毒药)
2025-07-09 11:31:40,962 - INFO -   - 拼音: 
2025-07-09 11:31:40,962 - INFO -   - 药用部位: 本品为菊科植物一枝黄花的全草。
2025-07-09 11:31:40,962 - INFO -   - 性味归经: 辛、苦，凉。
2025-07-09 11:31:40,962 - INFO -   - 药性: 凉
2025-07-09 11:31:40,962 - INFO -   - 药味: 辛、苦
2025-07-09 11:31:40,962 - INFO -   - 归经: 无
2025-07-09 11:31:40,962 - INFO -   - 功效: 清热解毒，消肿除痛。
2025-07-09 11:31:40,962 - INFO -   - 功效列表: 2 条
2025-07-09 11:31:40,962 - INFO -   - 临床应用: 2 条
2025-07-09 11:31:40,962 - INFO -   - 处方用名: 一枝黄花（洗净，晒干，切碎用）
2025-07-09 11:31:40,962 - INFO -   - 用法用量: 五钱至一两，煎服。外用适量。
2025-07-09 11:31:40,962 - INFO -   - 按语: 0 条
2025-07-09 11:31:40,962 - INFO -   - 方剂举例: 0 条
2025-07-09 11:31:40,962 - INFO -   - 文献摘录: 0 条
2025-07-09 11:31:40,962 - INFO -   - 附药: 0 条
2025-07-09 11:31:40,962 - INFO -   - 图片: 0 张
2025-07-09 11:31:40,962 - INFO - 成功添加药材: 一枝黄花
2025-07-09 11:31:42,977 - INFO - 正在处理 [83/464] 爵床 (清热解毒药)
2025-07-09 11:31:42,977 - INFO - 正在解析药材详情: 爵床, URL: https://www.zysj.com.cn/lilunshuji/zhongyaoxue/1459.html
2025-07-09 11:31:45,387 - INFO - 成功解析药材: 爵床 (清热解毒药)
2025-07-09 11:31:45,387 - INFO -   - 拼音: 
2025-07-09 11:31:45,387 - INFO -   - 药用部位: 本品为爵床科植物爵床的全草。
2025-07-09 11:31:45,387 - INFO -   - 性味归经: 咸，寒。
2025-07-09 11:31:45,387 - INFO -   - 药性: 寒
2025-07-09 11:31:45,388 - INFO -   - 药味: 咸
2025-07-09 11:31:45,388 - INFO -   - 归经: 无
2025-07-09 11:31:45,388 - INFO -   - 功效: 清热解毒，利尿消肿，活血止痛，截疟。
2025-07-09 11:31:45,388 - INFO -   - 功效列表: 4 条
2025-07-09 11:31:45,388 - INFO -   - 临床应用: 3 条
2025-07-09 11:31:45,388 - INFO -   - 处方用名: 爵床、小青草（洗净，晒干，切碎用）
2025-07-09 11:31:45,388 - INFO -   - 用法用量: 三钱至一两；鲜草一两至三两，煎服。外用适量。
2025-07-09 11:31:45,388 - INFO -   - 按语: 0 条
2025-07-09 11:31:45,388 - INFO -   - 方剂举例: 0 条
2025-07-09 11:31:45,388 - INFO -   - 文献摘录: 0 条
2025-07-09 11:31:45,388 - INFO -   - 附药: 0 条
2025-07-09 11:31:45,388 - INFO -   - 图片: 0 张
2025-07-09 11:31:45,388 - INFO - 成功添加药材: 爵床
2025-07-09 11:31:47,391 - INFO - 正在处理 [84/464] 人中黄 (清热解毒药)
2025-07-09 11:31:47,391 - INFO - 正在解析药材详情: 人中黄, URL: https://www.zysj.com.cn/lilunshuji/zhongyaoxue/1460.html
2025-07-09 11:31:49,768 - INFO - 成功解析药材: 人中黄 (清热解毒药)
2025-07-09 11:31:49,768 - INFO -   - 拼音: 
2025-07-09 11:31:49,768 - INFO -   - 药用部位: 本品为甘草的加工品。取两端有节的嫩竹筒，在其一端钻孔，将甘草...
2025-07-09 11:31:49,768 - INFO -   - 性味归经: 甘、咸，寒。入胃经。
2025-07-09 11:31:49,768 - INFO -   - 药性: 寒
2025-07-09 11:31:49,768 - INFO -   - 药味: 甘、咸
2025-07-09 11:31:49,768 - INFO -   - 归经: 胃经
2025-07-09 11:31:49,768 - INFO -   - 功效: 清热解毒。
2025-07-09 11:31:49,768 - INFO -   - 功效列表: 1 条
2025-07-09 11:31:49,768 - INFO -   - 临床应用: 2 条
2025-07-09 11:31:49,768 - INFO -   - 处方用名: 人中黄、甘中黄（漂清，晒干用）
2025-07-09 11:31:49,768 - INFO -   - 用法用量: 一钱至三钱，包煎。
2025-07-09 11:31:49,768 - INFO -   - 按语: 0 条
2025-07-09 11:31:49,768 - INFO -   - 方剂举例: 1 条
2025-07-09 11:31:49,768 - INFO -   - 文献摘录: 0 条
2025-07-09 11:31:49,768 - INFO -   - 附药: 0 条
2025-07-09 11:31:49,768 - INFO -   - 图片: 0 张
2025-07-09 11:31:49,769 - INFO - 成功添加药材: 人中黄
2025-07-09 11:31:51,783 - INFO - 正在处理 [85/464] 白头翁 (清热解毒药)
2025-07-09 11:31:51,783 - INFO - 正在解析药材详情: 白头翁, URL: https://www.zysj.com.cn/lilunshuji/zhongyaoxue/1462.html
2025-07-09 11:31:54,135 - INFO - 成功解析药材: 白头翁 (清热解毒药)
2025-07-09 11:31:54,135 - INFO -   - 拼音: 
2025-07-09 11:31:54,135 - INFO -   - 药用部位: 本品为毛艮科植物白头翁的根。
2025-07-09 11:31:54,135 - INFO -   - 性味归经: 苦，寒。入胃、大肠经。
2025-07-09 11:31:54,135 - INFO -   - 药性: 寒
2025-07-09 11:31:54,135 - INFO -   - 药味: 苦
2025-07-09 11:31:54,135 - INFO -   - 归经: 胃经, 大肠经
2025-07-09 11:31:54,135 - INFO -   - 功效: 清热解毒，凉血治痢。
2025-07-09 11:31:54,135 - INFO -   - 功效列表: 2 条
2025-07-09 11:31:54,136 - INFO -   - 临床应用: 2 条
2025-07-09 11:31:54,136 - INFO -   - 处方用名: 白头翁（洗净，晒干，切碎用）
2025-07-09 11:31:54,136 - INFO -   - 用法用量: 三钱至五钱，大剂量可用一两，煎服。
2025-07-09 11:31:54,136 - INFO -   - 按语: 2 条
2025-07-09 11:31:54,136 - INFO -   - 方剂举例: 1 条
2025-07-09 11:31:54,136 - INFO -   - 文献摘录: 0 条
2025-07-09 11:31:54,136 - INFO -   - 附药: 0 条
2025-07-09 11:31:54,136 - INFO -   - 图片: 0 张
2025-07-09 11:31:54,136 - INFO - 成功添加药材: 白头翁
2025-07-09 11:31:54,139 - INFO - 数据已保存到 zysj_herbal_data.json，当前共 85 条记录
2025-07-09 11:31:56,151 - INFO - 正在处理 [86/464] 马齿苋 (清热解毒药)
2025-07-09 11:31:56,152 - INFO - 正在解析药材详情: 马齿苋, URL: https://www.zysj.com.cn/lilunshuji/zhongyaoxue/1463.html
2025-07-09 11:31:58,504 - INFO - 成功解析药材: 马齿苋 (清热解毒药)
2025-07-09 11:31:58,504 - INFO -   - 拼音: 
2025-07-09 11:31:58,504 - INFO -   - 药用部位: 本品为马齿苋科植物马齿苋的全草。
2025-07-09 11:31:58,504 - INFO -   - 性味归经: 酸，寒。入心、大肠经。
2025-07-09 11:31:58,504 - INFO -   - 药性: 寒
2025-07-09 11:31:58,504 - INFO -   - 药味: 酸
2025-07-09 11:31:58,504 - INFO -   - 归经: 心经, 大肠经
2025-07-09 11:31:58,504 - INFO -   - 功效: 清热解毒，凉血治痢。
2025-07-09 11:31:58,504 - INFO -   - 功效列表: 2 条
2025-07-09 11:31:58,504 - INFO -   - 临床应用: 2 条
2025-07-09 11:31:58,504 - INFO -   - 处方用名: 马齿苋（洗净，晒干，切碎用）
2025-07-09 11:31:58,504 - INFO -   - 用法用量: 三钱至五钱，大剂量用一两至二两；新鲜者可用二两至四两，煎服。外用适量。
2025-07-09 11:31:58,504 - INFO -   - 按语: 1 条
2025-07-09 11:31:58,504 - INFO -   - 方剂举例: 0 条
2025-07-09 11:31:58,504 - INFO -   - 文献摘录: 0 条
2025-07-09 11:31:58,504 - INFO -   - 附药: 0 条
2025-07-09 11:31:58,504 - INFO -   - 图片: 0 张
2025-07-09 11:31:58,504 - INFO - 成功添加药材: 马齿苋
2025-07-09 11:32:00,516 - INFO - 正在处理 [87/464] 鸭胆子 (清热解毒药)
2025-07-09 11:32:00,516 - INFO - 正在解析药材详情: 鸭胆子, URL: https://www.zysj.com.cn/lilunshuji/zhongyaoxue/1464.html
2025-07-09 11:32:03,017 - INFO - 成功解析药材: 鸭胆子 (清热解毒药)
2025-07-09 11:32:03,017 - INFO -   - 拼音: 
2025-07-09 11:32:03,017 - INFO -   - 药用部位: 本品为苦木科植物鸭胆子树的成熟种子。
2025-07-09 11:32:03,017 - INFO -   - 性味归经: 苦，寒。入大肠经。
2025-07-09 11:32:03,017 - INFO -   - 药性: 寒
2025-07-09 11:32:03,017 - INFO -   - 药味: 苦
2025-07-09 11:32:03,017 - INFO -   - 归经: 大肠经
2025-07-09 11:32:03,017 - INFO -   - 功效: 治痢，抗疟。
2025-07-09 11:32:03,017 - INFO -   - 功效列表: 2 条
2025-07-09 11:32:03,017 - INFO -   - 临床应用: 2 条
2025-07-09 11:32:03,017 - INFO -   - 处方用名: 鸭胆子、苦参子（去壳用）
2025-07-09 11:32:03,017 - INFO -   - 用法用量: 去壳取仁（切勿将仁敲破，以胶囊或桂圆肉或馒头皮包果吞服。治痢，每次用十粒至十五粒，每天服三次，连服七天。治疟，每次七至十二粒，每天服三次，连服五天至七天。外用适量，去壳打烂敷局部。
2025-07-09 11:32:03,017 - INFO -   - 按语: 2 条
2025-07-09 11:32:03,017 - INFO -   - 方剂举例: 1 条
2025-07-09 11:32:03,017 - INFO -   - 文献摘录: 0 条
2025-07-09 11:32:03,018 - INFO -   - 附药: 0 条
2025-07-09 11:32:03,018 - INFO -   - 图片: 0 张
2025-07-09 11:32:03,018 - INFO - 成功添加药材: 鸭胆子
2025-07-09 11:32:05,029 - INFO - 正在处理 [88/464] 橄核莲 (清热解毒药)
2025-07-09 11:32:05,030 - INFO - 正在解析药材详情: 橄核莲, URL: https://www.zysj.com.cn/lilunshuji/zhongyaoxue/1465.html
2025-07-09 11:32:07,408 - INFO - 成功解析药材: 橄核莲 (清热解毒药)
2025-07-09 11:32:07,408 - INFO -   - 拼音: 
2025-07-09 11:32:07,408 - INFO -   - 药用部位: 本品为爵床科植物橄核莲的叶或全草。
2025-07-09 11:32:07,408 - INFO -   - 性味归经: 苦，寒。
2025-07-09 11:32:07,408 - INFO -   - 药性: 寒
2025-07-09 11:32:07,408 - INFO -   - 药味: 苦
2025-07-09 11:32:07,408 - INFO -   - 归经: 无
2025-07-09 11:32:07,408 - INFO -   - 功效: 清热解毒。
2025-07-09 11:32:07,408 - INFO -   - 功效列表: 1 条
2025-07-09 11:32:07,408 - INFO -   - 临床应用: 2 条
2025-07-09 11:32:07,408 - INFO -   - 处方用名: 一见洗、穿心莲、橄核莲（晒干用）
2025-07-09 11:32:07,408 - INFO -   - 用法用量: 一钱至三钱，煎服。本品味甚苦，胜过黄连，入煎剂，一般用量不宜过大，如剂量过大，可能引起恶心呕吐，故以研粉装入胶囊或扎成片剂吞服，较为方便，又可节约药物，每次吞服三分至六分，每天二次至三次。外用适量。
2025-07-09 11:32:07,408 - INFO -   - 按语: 0 条
2025-07-09 11:32:07,408 - INFO -   - 方剂举例: 0 条
2025-07-09 11:32:07,408 - INFO -   - 文献摘录: 0 条
2025-07-09 11:32:07,408 - INFO -   - 附药: 0 条
2025-07-09 11:32:07,409 - INFO -   - 图片: 0 张
2025-07-09 11:32:07,409 - INFO - 成功添加药材: 橄核莲
2025-07-09 11:32:09,422 - INFO - 正在处理 [89/464] 小飞蓬 (清热解毒药)
2025-07-09 11:32:09,423 - INFO - 正在解析药材详情: 小飞蓬, URL: https://www.zysj.com.cn/lilunshuji/zhongyaoxue/1466.html
2025-07-09 11:32:11,804 - INFO - 成功解析药材: 小飞蓬 (清热解毒药)
2025-07-09 11:32:11,805 - INFO -   - 拼音: 
2025-07-09 11:32:11,805 - INFO -   - 药用部位: 本品为菊科植物小飞蓬的全草。
2025-07-09 11:32:11,805 - INFO -   - 性味归经: 
2025-07-09 11:32:11,805 - INFO -   - 药性: 
2025-07-09 11:32:11,805 - INFO -   - 药味: 
2025-07-09 11:32:11,805 - INFO -   - 归经: 无
2025-07-09 11:32:11,805 - INFO -   - 功效: 清热解毒，止泻。
2025-07-09 11:32:11,805 - INFO -   - 功效列表: 2 条
2025-07-09 11:32:11,805 - INFO -   - 临床应用: 2 条
2025-07-09 11:32:11,805 - INFO -   - 处方用名: 小飞蓬（洗净，晒干，切碎用）
2025-07-09 11:32:11,805 - INFO -   - 用法用量: 五钱至一两，煎服。
2025-07-09 11:32:11,806 - INFO -   - 按语: 0 条
2025-07-09 11:32:11,806 - INFO -   - 方剂举例: 0 条
2025-07-09 11:32:11,806 - INFO -   - 文献摘录: 0 条
2025-07-09 11:32:11,806 - INFO -   - 附药: 0 条
2025-07-09 11:32:11,806 - INFO -   - 图片: 0 张
2025-07-09 11:32:11,806 - INFO - 成功添加药材: 小飞蓬
2025-07-09 11:32:13,817 - INFO - 正在处理 [90/464] 鸡眼草 (清热解毒药)
2025-07-09 11:32:13,818 - INFO - 正在解析药材详情: 鸡眼草, URL: https://www.zysj.com.cn/lilunshuji/zhongyaoxue/1467.html
2025-07-09 11:32:16,205 - INFO - 成功解析药材: 鸡眼草 (清热解毒药)
2025-07-09 11:32:16,205 - INFO -   - 拼音: 
2025-07-09 11:32:16,206 - INFO -   - 药用部位: 本品为豆科植物鸡眼草的全草。
2025-07-09 11:32:16,206 - INFO -   - 性味归经: 甘、淡，凉。
2025-07-09 11:32:16,206 - INFO -   - 药性: 凉
2025-07-09 11:32:16,206 - INFO -   - 药味: 甘、淡
2025-07-09 11:32:16,206 - INFO -   - 归经: 无
2025-07-09 11:32:16,206 - INFO -   - 功效: 清热解毒，利湿止泻。
2025-07-09 11:32:16,206 - INFO -   - 功效列表: 2 条
2025-07-09 11:32:16,206 - INFO -   - 临床应用: 2 条
2025-07-09 11:32:16,206 - INFO -   - 处方用名: 鸡眼草、蚂蚊草（洗净，晒干，切碎用）
2025-07-09 11:32:16,206 - INFO -   - 用法用量: 五钱至一两，大剂量可用二两，煎服。
2025-07-09 11:32:16,206 - INFO -   - 按语: 0 条
2025-07-09 11:32:16,206 - INFO -   - 方剂举例: 0 条
2025-07-09 11:32:16,206 - INFO -   - 文献摘录: 0 条
2025-07-09 11:32:16,206 - INFO -   - 附药: 0 条
2025-07-09 11:32:16,206 - INFO -   - 图片: 0 张
2025-07-09 11:32:16,206 - INFO - 成功添加药材: 鸡眼草
2025-07-09 11:32:16,209 - INFO - 数据已保存到 zysj_herbal_data.json，当前共 90 条记录
2025-07-09 11:32:18,214 - INFO - 正在处理 [91/464] 叶下珠 (清热解毒药)
2025-07-09 11:32:18,214 - INFO - 正在解析药材详情: 叶下珠, URL: https://www.zysj.com.cn/lilunshuji/zhongyaoxue/1468.html
2025-07-09 11:32:20,586 - INFO - 成功解析药材: 叶下珠 (清热解毒药)
2025-07-09 11:32:20,586 - INFO -   - 拼音: 
2025-07-09 11:32:20,586 - INFO -   - 药用部位: 为大戟科植物叶下珠的全草。
2025-07-09 11:32:20,586 - INFO -   - 性味归经: 微苦，寒。
2025-07-09 11:32:20,586 - INFO -   - 药性: 寒
2025-07-09 11:32:20,586 - INFO -   - 药味: 微苦
2025-07-09 11:32:20,586 - INFO -   - 归经: 无
2025-07-09 11:32:20,586 - INFO -   - 功效: 清热解毒，止泻，平肝明目。
2025-07-09 11:32:20,586 - INFO -   - 功效列表: 3 条
2025-07-09 11:32:20,586 - INFO -   - 临床应用: 2 条
2025-07-09 11:32:20,587 - INFO -   - 处方用名: 叶下珠（洗净，晒干，切碎用）
2025-07-09 11:32:20,587 - INFO -   - 用法用量: 五钱至一两，煎服。
2025-07-09 11:32:20,587 - INFO -   - 按语: 0 条
2025-07-09 11:32:20,587 - INFO -   - 方剂举例: 0 条
2025-07-09 11:32:20,587 - INFO -   - 文献摘录: 0 条
2025-07-09 11:32:20,587 - INFO -   - 附药: 0 条
2025-07-09 11:32:20,587 - INFO -   - 图片: 0 张
2025-07-09 11:32:20,587 - INFO - 成功添加药材: 叶下珠
2025-07-09 11:32:22,588 - INFO - 正在处理 [92/464] 绿豆（附：绿豆衣） (清热解毒药)
2025-07-09 11:32:22,589 - INFO - 正在解析药材详情: 绿豆（附：绿豆衣）, URL: https://www.zysj.com.cn/lilunshuji/zhongyaoxue/1469.html
2025-07-09 11:32:24,970 - INFO - 成功解析药材: 绿豆（附：绿豆衣） (清热解毒药)
2025-07-09 11:32:24,970 - INFO -   - 拼音: 
2025-07-09 11:32:24,970 - INFO -   - 药用部位: 本品为豆科植物绿豆的种子。
2025-07-09 11:32:24,971 - INFO -   - 性味归经: 甘，寒。入心、胃经。
2025-07-09 11:32:24,971 - INFO -   - 药性: 寒
2025-07-09 11:32:24,971 - INFO -   - 药味: 甘
2025-07-09 11:32:24,971 - INFO -   - 归经: 心经, 胃经
2025-07-09 11:32:24,971 - INFO -   - 功效: 清热解毒，消暑。
2025-07-09 11:32:24,971 - INFO -   - 功效列表: 2 条
2025-07-09 11:32:24,971 - INFO -   - 临床应用: 3 条
2025-07-09 11:32:24,971 - INFO -   - 处方用名: 绿豆（打碎用）
2025-07-09 11:32:24,971 - INFO -   - 用法用量: 五钱至一两，大剂量可用四两，煎服。
2025-07-09 11:32:24,971 - INFO -   - 按语: 0 条
2025-07-09 11:32:24,971 - INFO -   - 方剂举例: 1 条
2025-07-09 11:32:24,971 - INFO -   - 文献摘录: 0 条
2025-07-09 11:32:24,971 - INFO -   - 附药: 1 条
2025-07-09 11:32:24,971 - INFO -   - 图片: 0 张
2025-07-09 11:32:24,971 - INFO - 成功添加药材: 绿豆（附：绿豆衣）
2025-07-09 11:32:26,974 - INFO - 正在处理 [93/464] 七叶一枝花 (清热解毒药)
2025-07-09 11:32:26,975 - INFO - 正在解析药材详情: 七叶一枝花, URL: https://www.zysj.com.cn/lilunshuji/zhongyaoxue/1470.html
2025-07-09 11:32:29,354 - INFO - 成功解析药材: 七叶一枝花 (清热解毒药)
2025-07-09 11:32:29,354 - INFO -   - 拼音: 
2025-07-09 11:32:29,354 - INFO -   - 药用部位: 本品为百合科植物七叶一枝花的根茎。
2025-07-09 11:32:29,354 - INFO -   - 性味归经: 苦，微寒。有小毒。入肝经。
2025-07-09 11:32:29,354 - INFO -   - 药性: 微寒
2025-07-09 11:32:29,354 - INFO -   - 药味: 苦
2025-07-09 11:32:29,354 - INFO -   - 归经: 肝经
2025-07-09 11:32:29,354 - INFO -   - 功效: 清热解毒，消肿，解痉。
2025-07-09 11:32:29,354 - INFO -   - 功效列表: 3 条
2025-07-09 11:32:29,354 - INFO -   - 临床应用: 2 条
2025-07-09 11:32:29,354 - INFO -   - 处方用名: 七叶一枝花（洗净，晒干，切碎用）
2025-07-09 11:32:29,354 - INFO -   - 用法用量: 三钱至五钱，煎服。
2025-07-09 11:32:29,354 - INFO -   - 按语: 2 条
2025-07-09 11:32:29,354 - INFO -   - 方剂举例: 0 条
2025-07-09 11:32:29,354 - INFO -   - 文献摘录: 0 条
2025-07-09 11:32:29,354 - INFO -   - 附药: 0 条
2025-07-09 11:32:29,354 - INFO -   - 图片: 0 张
2025-07-09 11:32:29,354 - INFO - 成功添加药材: 七叶一枝花
2025-07-09 11:32:31,361 - INFO - 正在处理 [94/464] 半枝莲 (清热解毒药)
2025-07-09 11:32:31,361 - INFO - 正在解析药材详情: 半枝莲, URL: https://www.zysj.com.cn/lilunshuji/zhongyaoxue/1471.html
2025-07-09 11:32:33,729 - INFO - 成功解析药材: 半枝莲 (清热解毒药)
2025-07-09 11:32:33,729 - INFO -   - 拼音: 
2025-07-09 11:32:33,729 - INFO -   - 药用部位: 本品为唇形科植物开头草的全草。
2025-07-09 11:32:33,729 - INFO -   - 性味归经: 辛，凉。
2025-07-09 11:32:33,729 - INFO -   - 药性: 凉
2025-07-09 11:32:33,729 - INFO -   - 药味: 辛
2025-07-09 11:32:33,729 - INFO -   - 归经: 无
2025-07-09 11:32:33,729 - INFO -   - 功效: 清热解毒，利尿消肿。
2025-07-09 11:32:33,729 - INFO -   - 功效列表: 2 条
2025-07-09 11:32:33,729 - INFO -   - 临床应用: 2 条
2025-07-09 11:32:33,730 - INFO -   - 处方用名: 半枝莲（洗净，晒干，切碎用）
2025-07-09 11:32:33,730 - INFO -   - 用法用量: 三钱至一两，煎服。外用适量。
2025-07-09 11:32:33,730 - INFO -   - 按语: 2 条
2025-07-09 11:32:33,730 - INFO -   - 方剂举例: 0 条
2025-07-09 11:32:33,730 - INFO -   - 文献摘录: 0 条
2025-07-09 11:32:33,730 - INFO -   - 附药: 0 条
2025-07-09 11:32:33,730 - INFO -   - 图片: 0 张
2025-07-09 11:32:33,730 - INFO - 成功添加药材: 半枝莲
2025-07-09 11:32:35,742 - INFO - 正在处理 [95/464] 白英 (清热解毒药)
2025-07-09 11:32:35,743 - INFO - 正在解析药材详情: 白英, URL: https://www.zysj.com.cn/lilunshuji/zhongyaoxue/1472.html
2025-07-09 11:32:38,081 - INFO - 成功解析药材: 白英 (清热解毒药)
2025-07-09 11:32:38,082 - INFO -   - 拼音: 
2025-07-09 11:32:38,082 - INFO -   - 药用部位: 本品为茄科植物白英的全草。
2025-07-09 11:32:38,082 - INFO -   - 性味归经: 苦，微寒。入肝、胃经。
2025-07-09 11:32:38,082 - INFO -   - 药性: 微寒
2025-07-09 11:32:38,082 - INFO -   - 药味: 苦
2025-07-09 11:32:38,082 - INFO -   - 归经: 肝经, 胃经
2025-07-09 11:32:38,082 - INFO -   - 功效: 清热解毒，利尿，祛风湿。
2025-07-09 11:32:38,082 - INFO -   - 功效列表: 3 条
2025-07-09 11:32:38,082 - INFO -   - 临床应用: 3 条
2025-07-09 11:32:38,082 - INFO -   - 处方用名: 白英、蜀洋泉（洗净，晒干，切碎用）
2025-07-09 11:32:38,082 - INFO -   - 用法用量: 三钱至五钱，大剂量可用一两至二两，煎服。
2025-07-09 11:32:38,082 - INFO -   - 按语: 0 条
2025-07-09 11:32:38,082 - INFO -   - 方剂举例: 0 条
2025-07-09 11:32:38,082 - INFO -   - 文献摘录: 0 条
2025-07-09 11:32:38,082 - INFO -   - 附药: 0 条
2025-07-09 11:32:38,082 - INFO -   - 图片: 0 张
2025-07-09 11:32:38,082 - INFO - 成功添加药材: 白英
2025-07-09 11:32:38,086 - INFO - 数据已保存到 zysj_herbal_data.json，当前共 95 条记录
2025-07-09 11:32:40,097 - INFO - 正在处理 [96/464] 龙葵 (清热解毒药)
2025-07-09 11:32:40,097 - INFO - 正在解析药材详情: 龙葵, URL: https://www.zysj.com.cn/lilunshuji/zhongyaoxue/1473.html
2025-07-09 11:32:42,506 - INFO - 成功解析药材: 龙葵 (清热解毒药)
2025-07-09 11:32:42,506 - INFO -   - 拼音: 
2025-07-09 11:32:42,506 - INFO -   - 药用部位: 本品为一年生茄科植物龙葵的全草。
2025-07-09 11:32:42,506 - INFO -   - 性味归经: 苦、微甘，寒。有小毒。
2025-07-09 11:32:42,506 - INFO -   - 药性: 寒
2025-07-09 11:32:42,506 - INFO -   - 药味: 苦、微甘
2025-07-09 11:32:42,506 - INFO -   - 归经: 无
2025-07-09 11:32:42,506 - INFO -   - 功效: 清热解毒，散结，利尿。
2025-07-09 11:32:42,506 - INFO -   - 功效列表: 3 条
2025-07-09 11:32:42,506 - INFO -   - 临床应用: 2 条
2025-07-09 11:32:42,506 - INFO -   - 处方用名: 龙葵、龙葵草（洗净，晒干，切碎用）
2025-07-09 11:32:42,506 - INFO -   - 用法用量: 三钱至五钱，大剂量可用一两，煎服。
2025-07-09 11:32:42,506 - INFO -   - 按语: 1 条
2025-07-09 11:32:42,506 - INFO -   - 方剂举例: 0 条
2025-07-09 11:32:42,506 - INFO -   - 文献摘录: 0 条
2025-07-09 11:32:42,506 - INFO -   - 附药: 0 条
2025-07-09 11:32:42,506 - INFO -   - 图片: 0 张
2025-07-09 11:32:42,506 - INFO - 成功添加药材: 龙葵
2025-07-09 11:32:44,510 - INFO - 正在处理 [97/464] 蛇莓 (清热解毒药)
2025-07-09 11:32:44,510 - INFO - 正在解析药材详情: 蛇莓, URL: https://www.zysj.com.cn/lilunshuji/zhongyaoxue/1474.html
2025-07-09 11:32:46,852 - INFO - 成功解析药材: 蛇莓 (清热解毒药)
2025-07-09 11:32:46,852 - INFO -   - 拼音: 
2025-07-09 11:32:46,852 - INFO -   - 药用部位: 本品为蔷薇科植物蛇莓的全草。
2025-07-09 11:32:46,852 - INFO -   - 性味归经: 甘、苦，寒。
2025-07-09 11:32:46,852 - INFO -   - 药性: 寒
2025-07-09 11:32:46,852 - INFO -   - 药味: 甘、苦
2025-07-09 11:32:46,852 - INFO -   - 归经: 无
2025-07-09 11:32:46,852 - INFO -   - 功效: 清热解毒，散结。
2025-07-09 11:32:46,852 - INFO -   - 功效列表: 2 条
2025-07-09 11:32:46,852 - INFO -   - 临床应用: 2 条
2025-07-09 11:32:46,852 - INFO -   - 处方用名: 蛇莓、蛇果草（洗净，晒干，切碎用）
2025-07-09 11:32:46,852 - INFO -   - 用法用量: 三钱至一两，煎服。外用适量。
2025-07-09 11:32:46,852 - INFO -   - 按语: 0 条
2025-07-09 11:32:46,852 - INFO -   - 方剂举例: 0 条
2025-07-09 11:32:46,852 - INFO -   - 文献摘录: 0 条
2025-07-09 11:32:46,852 - INFO -   - 附药: 0 条
2025-07-09 11:32:46,852 - INFO -   - 图片: 0 张
2025-07-09 11:32:46,852 - INFO - 成功添加药材: 蛇莓
2025-07-09 11:32:48,862 - INFO - 正在处理 [98/464] 白花蛇舌草 (清热解毒药)
2025-07-09 11:32:48,863 - INFO - 正在解析药材详情: 白花蛇舌草, URL: https://www.zysj.com.cn/lilunshuji/zhongyaoxue/1475.html
2025-07-09 11:32:51,208 - INFO - 成功解析药材: 白花蛇舌草 (清热解毒药)
2025-07-09 11:32:51,208 - INFO -   - 拼音: 
2025-07-09 11:32:51,208 - INFO -   - 药用部位: 本品为茜草科植物白花蛇舌草的全草。
2025-07-09 11:32:51,208 - INFO -   - 性味归经: 甘、淡，凉。入胃、大肠、小肠经。
2025-07-09 11:32:51,208 - INFO -   - 药性: 凉
2025-07-09 11:32:51,208 - INFO -   - 药味: 甘、淡
2025-07-09 11:32:51,208 - INFO -   - 归经: 胃经, 大肠经, 小肠经
2025-07-09 11:32:51,208 - INFO -   - 功效: 清热解毒，消痈。
2025-07-09 11:32:51,208 - INFO -   - 功效列表: 2 条
2025-07-09 11:32:51,208 - INFO -   - 临床应用: 2 条
2025-07-09 11:32:51,208 - INFO -   - 处方用名: 白花蛇舌草（洗净，晒干，切碎用）
2025-07-09 11:32:51,208 - INFO -   - 用法用量: 五钱至二两，煎服。
2025-07-09 11:32:51,208 - INFO -   - 按语: 0 条
2025-07-09 11:32:51,208 - INFO -   - 方剂举例: 0 条
2025-07-09 11:32:51,208 - INFO -   - 文献摘录: 0 条
2025-07-09 11:32:51,208 - INFO -   - 附药: 0 条
2025-07-09 11:32:51,208 - INFO -   - 图片: 0 张
2025-07-09 11:32:51,208 - INFO - 成功添加药材: 白花蛇舌草
2025-07-09 11:32:53,209 - INFO - 正在处理 [99/464] 凤尾草 (清热解毒药)
2025-07-09 11:32:53,209 - INFO - 正在解析药材详情: 凤尾草, URL: https://www.zysj.com.cn/lilunshuji/zhongyaoxue/1476.html
2025-07-09 11:32:55,585 - INFO - 成功解析药材: 凤尾草 (清热解毒药)
2025-07-09 11:32:55,585 - INFO -   - 拼音: 
2025-07-09 11:32:55,585 - INFO -   - 药用部位: 本品为凤尾蕨科植物凤尾草的全草。
2025-07-09 11:32:55,585 - INFO -   - 性味归经: 苦，寒。
2025-07-09 11:32:55,585 - INFO -   - 药性: 寒
2025-07-09 11:32:55,585 - INFO -   - 药味: 苦
2025-07-09 11:32:55,585 - INFO -   - 归经: 无
2025-07-09 11:32:55,585 - INFO -   - 功效: 清热利湿，凉血解毒。
2025-07-09 11:32:55,585 - INFO -   - 功效列表: 2 条
2025-07-09 11:32:55,585 - INFO -   - 临床应用: 3 条
2025-07-09 11:32:55,586 - INFO -   - 处方用名: 凤尾草（洗净，晒干，切碎用）
2025-07-09 11:32:55,586 - INFO -   - 用法用量: 五钱至一两，煎服。
2025-07-09 11:32:55,586 - INFO -   - 按语: 0 条
2025-07-09 11:32:55,586 - INFO -   - 方剂举例: 1 条
2025-07-09 11:32:55,586 - INFO -   - 文献摘录: 0 条
2025-07-09 11:32:55,586 - INFO -   - 附药: 0 条
2025-07-09 11:32:55,586 - INFO -   - 图片: 0 张
2025-07-09 11:32:55,586 - INFO - 成功添加药材: 凤尾草
2025-07-09 11:32:57,588 - INFO - 正在处理 [100/464] 猪殃殃 (清热解毒药)
2025-07-09 11:32:57,590 - INFO - 正在解析药材详情: 猪殃殃, URL: https://www.zysj.com.cn/lilunshuji/zhongyaoxue/1477.html
2025-07-09 11:32:59,992 - INFO - 成功解析药材: 猪殃殃 (清热解毒药)
2025-07-09 11:32:59,992 - INFO -   - 拼音: 
2025-07-09 11:32:59,992 - INFO -   - 药用部位: 本品为茜草科植物猪殃殃的全草。
2025-07-09 11:32:59,992 - INFO -   - 性味归经: 辛，微寒。
2025-07-09 11:32:59,992 - INFO -   - 药性: 微寒
2025-07-09 11:32:59,992 - INFO -   - 药味: 辛
2025-07-09 11:32:59,992 - INFO -   - 归经: 无
2025-07-09 11:32:59,992 - INFO -   - 功效: 清热解毒，利尿消肿。
2025-07-09 11:32:59,992 - INFO -   - 功效列表: 2 条
2025-07-09 11:32:59,992 - INFO -   - 临床应用: 2 条
2025-07-09 11:32:59,992 - INFO -   - 处方用名: 猪殃殃（洗净，晒干，切碎用）
2025-07-09 11:32:59,992 - INFO -   - 用法用量: 五钱至一两，大剂量可用二两，煎服。外用适量。
2025-07-09 11:32:59,993 - INFO -   - 按语: 0 条
2025-07-09 11:32:59,993 - INFO -   - 方剂举例: 0 条
2025-07-09 11:32:59,993 - INFO -   - 文献摘录: 0 条
2025-07-09 11:32:59,993 - INFO -   - 附药: 0 条
2025-07-09 11:32:59,993 - INFO -   - 图片: 0 张
2025-07-09 11:32:59,993 - INFO - 成功添加药材: 猪殃殃
2025-07-09 11:32:59,997 - INFO - 数据已保存到 zysj_herbal_data.json，当前共 100 条记录
2025-07-09 11:33:02,002 - INFO - 正在处理 [101/464] 天葵子 (清热解毒药)
2025-07-09 11:33:02,002 - INFO - 正在解析药材详情: 天葵子, URL: https://www.zysj.com.cn/lilunshuji/zhongyaoxue/1478.html
2025-07-09 11:33:04,373 - INFO - 成功解析药材: 天葵子 (清热解毒药)
2025-07-09 11:33:04,373 - INFO -   - 拼音: 
2025-07-09 11:33:04,373 - INFO -   - 药用部位: 本品为毛茛科植物天葵的块根。
2025-07-09 11:33:04,373 - INFO -   - 性味归经: 甘，寒。
2025-07-09 11:33:04,373 - INFO -   - 药性: 寒
2025-07-09 11:33:04,373 - INFO -   - 药味: 甘
2025-07-09 11:33:04,373 - INFO -   - 归经: 无
2025-07-09 11:33:04,373 - INFO -   - 功效: 清热解毒，消肿散结。
2025-07-09 11:33:04,373 - INFO -   - 功效列表: 2 条
2025-07-09 11:33:04,373 - INFO -   - 临床应用: 2 条
2025-07-09 11:33:04,373 - INFO -   - 处方用名: 天葵子（洗净，晒干，切碎用）
2025-07-09 11:33:04,373 - INFO -   - 用法用量: 一钱至三钱，煎服。
2025-07-09 11:33:04,373 - INFO -   - 按语: 0 条
2025-07-09 11:33:04,373 - INFO -   - 方剂举例: 0 条
2025-07-09 11:33:04,373 - INFO -   - 文献摘录: 0 条
2025-07-09 11:33:04,373 - INFO -   - 附药: 0 条
2025-07-09 11:33:04,373 - INFO -   - 图片: 0 张
2025-07-09 11:33:04,373 - INFO - 成功添加药材: 天葵子
2025-07-09 11:33:06,388 - INFO - 正在处理 [102/464] 藤梨根 (清热解毒药)
2025-07-09 11:33:06,388 - INFO - 正在解析药材详情: 藤梨根, URL: https://www.zysj.com.cn/lilunshuji/zhongyaoxue/1479.html
2025-07-09 11:33:08,747 - INFO - 成功解析药材: 藤梨根 (清热解毒药)
2025-07-09 11:33:08,747 - INFO -   - 拼音: 
2025-07-09 11:33:08,747 - INFO -   - 药用部位: 本品为弥猴桃科植物弥猴桃的根。
2025-07-09 11:33:08,747 - INFO -   - 性味归经: 酸、涩，凉。
2025-07-09 11:33:08,747 - INFO -   - 药性: 凉
2025-07-09 11:33:08,747 - INFO -   - 药味: 酸、涩
2025-07-09 11:33:08,748 - INFO -   - 归经: 无
2025-07-09 11:33:08,748 - INFO -   - 功效: 清热解毒，祛风除湿，利尿止血。
2025-07-09 11:33:08,748 - INFO -   - 功效列表: 3 条
2025-07-09 11:33:08,748 - INFO -   - 临床应用: 2 条
2025-07-09 11:33:08,748 - INFO -   - 处方用名: 藤梨根、弥猴桃根（洗净，晒干，切碎用）
2025-07-09 11:33:08,748 - INFO -   - 用法用量: 五钱至一两，煎服。
2025-07-09 11:33:08,748 - INFO -   - 按语: 0 条
2025-07-09 11:33:08,748 - INFO -   - 方剂举例: 0 条
2025-07-09 11:33:08,748 - INFO -   - 文献摘录: 0 条
2025-07-09 11:33:08,748 - INFO -   - 附药: 0 条
2025-07-09 11:33:08,748 - INFO -   - 图片: 0 张
2025-07-09 11:33:08,748 - INFO - 成功添加药材: 藤梨根
2025-07-09 11:33:10,754 - INFO - 正在处理 [103/464] 猪胆汁 (清热解毒药)
2025-07-09 11:33:10,756 - INFO - 正在解析药材详情: 猪胆汁, URL: https://www.zysj.com.cn/lilunshuji/zhongyaoxue/1480.html
2025-07-09 11:33:13,147 - INFO - 成功解析药材: 猪胆汁 (清热解毒药)
2025-07-09 11:33:13,147 - INFO -   - 拼音: 
2025-07-09 11:33:13,147 - INFO -   - 药用部位: 本品为猪的胆汁。
2025-07-09 11:33:13,147 - INFO -   - 性味归经: 苦，寒。入心、肝、胆经。
2025-07-09 11:33:13,147 - INFO -   - 药性: 寒
2025-07-09 11:33:13,147 - INFO -   - 药味: 苦
2025-07-09 11:33:13,147 - INFO -   - 归经: 心经, 肝经, 胆经
2025-07-09 11:33:13,147 - INFO -   - 功效: 清热解毒。
2025-07-09 11:33:13,147 - INFO -   - 功效列表: 1 条
2025-07-09 11:33:13,147 - INFO -   - 临床应用: 2 条
2025-07-09 11:33:13,147 - INFO -   - 处方用名: 猪胆汁（用新鲜的胆汁或煎熬成膏用）
2025-07-09 11:33:13,147 - INFO -   - 用法用量: 三钱至五钱，炖服，胆汁膏每服三分。
2025-07-09 11:33:13,147 - INFO -   - 按语: 1 条
2025-07-09 11:33:13,148 - INFO -   - 方剂举例: 0 条
2025-07-09 11:33:13,148 - INFO -   - 文献摘录: 0 条
2025-07-09 11:33:13,148 - INFO -   - 附药: 0 条
2025-07-09 11:33:13,148 - INFO -   - 图片: 0 张
2025-07-09 11:33:13,148 - INFO - 成功添加药材: 猪胆汁
2025-07-09 11:33:15,164 - INFO - 正在处理 [104/464] 黄连 (清热燥湿药)
2025-07-09 11:33:15,165 - INFO - 正在解析药材详情: 黄连, URL: https://www.zysj.com.cn/lilunshuji/zhongyaoxue/1482.html
2025-07-09 11:33:17,560 - INFO - 成功解析药材: 黄连 (清热燥湿药)
2025-07-09 11:33:17,560 - INFO -   - 拼音: 
2025-07-09 11:33:17,560 - INFO -   - 药用部位: 本品为毛茛科植物黄连或同属植物的根茎。
2025-07-09 11:33:17,560 - INFO -   - 性味归经: 苦，寒。入心、肝、胆、胃、大肠经。
2025-07-09 11:33:17,560 - INFO -   - 药性: 寒
2025-07-09 11:33:17,560 - INFO -   - 药味: 苦
2025-07-09 11:33:17,560 - INFO -   - 归经: 心经, 肝经, 胆经, 胃经, 大肠经
2025-07-09 11:33:17,560 - INFO -   - 功效: 清热燥湿，泻火解毒。
2025-07-09 11:33:17,561 - INFO -   - 功效列表: 2 条
2025-07-09 11:33:17,561 - INFO -   - 临床应用: 2 条
2025-07-09 11:33:17,561 - INFO -   - 处方用名: 川连、川雅莲、细川连、小川连（生用，清热泻火）、炒川连（炒用，减低寒性）、姜川连（姜汁拌炒，用于止呕）、酒炒川连（酒拌炒，上行，清上焦火）
2025-07-09 11:33:17,561 - INFO -   - 用法用量: 五分至一钱五分，煎服。研粉吞服，每次三至五分，每日服二至三次。
2025-07-09 11:33:17,561 - INFO -   - 按语: 2 条
2025-07-09 11:33:17,561 - INFO -   - 方剂举例: 1 条
2025-07-09 11:33:17,561 - INFO -   - 文献摘录: 0 条
2025-07-09 11:33:17,561 - INFO -   - 附药: 0 条
2025-07-09 11:33:17,561 - INFO -   - 图片: 0 张
2025-07-09 11:33:17,561 - INFO - 成功添加药材: 黄连
2025-07-09 11:33:19,564 - INFO - 正在处理 [105/464] 黄芩 (清热燥湿药)
2025-07-09 11:33:19,564 - INFO - 正在解析药材详情: 黄芩, URL: https://www.zysj.com.cn/lilunshuji/zhongyaoxue/1483.html
2025-07-09 11:33:21,949 - INFO - 成功解析药材: 黄芩 (清热燥湿药)
2025-07-09 11:33:21,949 - INFO -   - 拼音: 
2025-07-09 11:33:21,949 - INFO -   - 药用部位: 本品为唇形科植物黄芩的根。
2025-07-09 11:33:21,949 - INFO -   - 性味归经: 苦，寒。入心、肺、胆、大肠、小肠经。
2025-07-09 11:33:21,949 - INFO -   - 药性: 寒
2025-07-09 11:33:21,949 - INFO -   - 药味: 苦
2025-07-09 11:33:21,949 - INFO -   - 归经: 心经, 肺经, 胆经, 大肠经, 小肠经
2025-07-09 11:33:21,949 - INFO -   - 功效: 清热燥湿，泻火解毒，安胎。
2025-07-09 11:33:21,949 - INFO -   - 功效列表: 3 条
2025-07-09 11:33:21,949 - INFO -   - 临床应用: 2 条
2025-07-09 11:33:21,950 - INFO -   - 处方用名: 黄芩、淡黄芩、淡芩、子芩（生用，清热泻火）、炒黄芩（炒用，减弱寒性，用于安胎）、酒炒黄芩、酒芩（酒炒用，清上焦湿热）、黄芩炭（炒治黑色，用于止血）
2025-07-09 11:33:21,950 - INFO -   - 用法用量: 一钱至三钱，煎服。
2025-07-09 11:33:21,950 - INFO -   - 按语: 1 条
2025-07-09 11:33:21,950 - INFO -   - 方剂举例: 1 条
2025-07-09 11:33:21,950 - INFO -   - 文献摘录: 0 条
2025-07-09 11:33:21,950 - INFO -   - 附药: 0 条
2025-07-09 11:33:21,950 - INFO -   - 图片: 0 张
2025-07-09 11:33:21,950 - INFO - 成功添加药材: 黄芩
2025-07-09 11:33:21,954 - INFO - 数据已保存到 zysj_herbal_data.json，当前共 105 条记录
2025-07-09 11:33:23,964 - INFO - 正在处理 [106/464] 黄柏 (清热燥湿药)
2025-07-09 11:33:23,964 - INFO - 正在解析药材详情: 黄柏, URL: https://www.zysj.com.cn/lilunshuji/zhongyaoxue/1484.html
2025-07-09 11:33:26,343 - INFO - 成功解析药材: 黄柏 (清热燥湿药)
2025-07-09 11:33:26,343 - INFO -   - 拼音: 
2025-07-09 11:33:26,343 - INFO -   - 药用部位: 本品为云香科植物黄蘗或黄皮数除去外皮的树皮。
2025-07-09 11:33:26,343 - INFO -   - 性味归经: 苦，寒。入肾、膀胱、大肠经。
2025-07-09 11:33:26,343 - INFO -   - 药性: 寒
2025-07-09 11:33:26,343 - INFO -   - 药味: 苦
2025-07-09 11:33:26,343 - INFO -   - 归经: 肾经, 膀胱经, 大肠经
2025-07-09 11:33:26,343 - INFO -   - 功效: 清热燥湿，泻火解毒，清虚热。
2025-07-09 11:33:26,343 - INFO -   - 功效列表: 3 条
2025-07-09 11:33:26,343 - INFO -   - 临床应用: 3 条
2025-07-09 11:33:26,343 - INFO -   - 处方用名: 川柏、川黄柏（生用，泻实火）、盐水炒黄柏（盐水炒，清虚热，泻肾火）
2025-07-09 11:33:26,343 - INFO -   - 用法用量: 一钱至三钱，煎服。外用适量。
2025-07-09 11:33:26,343 - INFO -   - 按语: 1 条
2025-07-09 11:33:26,343 - INFO -   - 方剂举例: 1 条
2025-07-09 11:33:26,343 - INFO -   - 文献摘录: 0 条
2025-07-09 11:33:26,343 - INFO -   - 附药: 0 条
2025-07-09 11:33:26,343 - INFO -   - 图片: 0 张
2025-07-09 11:33:26,343 - INFO - 成功添加药材: 黄柏
2025-07-09 11:33:28,357 - INFO - 正在处理 [107/464] 胡黄连 (清热燥湿药)
2025-07-09 11:33:28,357 - INFO - 正在解析药材详情: 胡黄连, URL: https://www.zysj.com.cn/lilunshuji/zhongyaoxue/1485.html
2025-07-09 11:33:30,717 - INFO - 成功解析药材: 胡黄连 (清热燥湿药)
2025-07-09 11:33:30,717 - INFO -   - 拼音: 
2025-07-09 11:33:30,717 - INFO -   - 药用部位: 本品为玄参科植物胡黄连的根茎与根。
2025-07-09 11:33:30,717 - INFO -   - 性味归经: 苦，寒。入肝、胃、大肠经。
2025-07-09 11:33:30,717 - INFO -   - 药性: 寒
2025-07-09 11:33:30,717 - INFO -   - 药味: 苦
2025-07-09 11:33:30,717 - INFO -   - 归经: 肝经, 胃经, 大肠经
2025-07-09 11:33:30,717 - INFO -   - 功效: 清热燥湿，退骨蒸。
2025-07-09 11:33:30,717 - INFO -   - 功效列表: 2 条
2025-07-09 11:33:30,718 - INFO -   - 临床应用: 2 条
2025-07-09 11:33:30,718 - INFO -   - 处方用名: 胡黄连（洗净，晒干，切片用）
2025-07-09 11:33:30,718 - INFO -   - 用法用量: 一钱至三钱，煎服。
2025-07-09 11:33:30,718 - INFO -   - 按语: 0 条
2025-07-09 11:33:30,718 - INFO -   - 方剂举例: 1 条
2025-07-09 11:33:30,718 - INFO -   - 文献摘录: 0 条
2025-07-09 11:33:30,718 - INFO -   - 附药: 0 条
2025-07-09 11:33:30,718 - INFO -   - 图片: 0 张
2025-07-09 11:33:30,718 - INFO - 成功添加药材: 胡黄连
2025-07-09 11:33:32,719 - INFO - 正在处理 [108/464] 龙胆草 (清热燥湿药)
2025-07-09 11:33:32,719 - INFO - 正在解析药材详情: 龙胆草, URL: https://www.zysj.com.cn/lilunshuji/zhongyaoxue/1486.html
2025-07-09 11:33:35,096 - INFO - 成功解析药材: 龙胆草 (清热燥湿药)
2025-07-09 11:33:35,096 - INFO -   - 拼音: 
2025-07-09 11:33:35,096 - INFO -   - 药用部位: 本品为龙胆科植物龙胆草或其变种的根茎及根。
2025-07-09 11:33:35,096 - INFO -   - 性味归经: 苦、寒。入肝、胆经。
2025-07-09 11:33:35,096 - INFO -   - 药性: 寒
2025-07-09 11:33:35,096 - INFO -   - 药味: 苦
2025-07-09 11:33:35,096 - INFO -   - 归经: 肝经, 胆经
2025-07-09 11:33:35,096 - INFO -   - 功效: 清热燥湿，泻火定惊。
2025-07-09 11:33:35,096 - INFO -   - 功效列表: 2 条
2025-07-09 11:33:35,096 - INFO -   - 临床应用: 2 条
2025-07-09 11:33:35,096 - INFO -   - 处方用名: 龙胆草（洗净，晒干，切碎用）
2025-07-09 11:33:35,096 - INFO -   - 用法用量: 一钱至三钱，煎服。
2025-07-09 11:33:35,096 - INFO -   - 按语: 1 条
2025-07-09 11:33:35,096 - INFO -   - 方剂举例: 1 条
2025-07-09 11:33:35,096 - INFO -   - 文献摘录: 0 条
2025-07-09 11:33:35,096 - INFO -   - 附药: 0 条
2025-07-09 11:33:35,096 - INFO -   - 图片: 0 张
2025-07-09 11:33:35,096 - INFO - 成功添加药材: 龙胆草
2025-07-09 11:33:37,100 - INFO - 正在处理 [109/464] 秦皮 (清热燥湿药)
2025-07-09 11:33:37,101 - INFO - 正在解析药材详情: 秦皮, URL: https://www.zysj.com.cn/lilunshuji/zhongyaoxue/1487.html
2025-07-09 11:33:40,566 - INFO - 成功解析药材: 秦皮 (清热燥湿药)
2025-07-09 11:33:40,566 - INFO -   - 拼音: 
2025-07-09 11:33:40,566 - INFO -   - 药用部位: 本品为木犀科植物大叶梣（苦枥白蜡树）的干皮或枝皮。
2025-07-09 11:33:40,566 - INFO -   - 性味归经: 苦、涩，寒。入肝、胆、大肠经。
2025-07-09 11:33:40,566 - INFO -   - 药性: 寒
2025-07-09 11:33:40,566 - INFO -   - 药味: 苦、涩
2025-07-09 11:33:40,566 - INFO -   - 归经: 肝经, 胆经, 大肠经
2025-07-09 11:33:40,566 - INFO -   - 功效: 清热燥湿，清肝明目。
2025-07-09 11:33:40,566 - INFO -   - 功效列表: 2 条
2025-07-09 11:33:40,566 - INFO -   - 临床应用: 2 条
2025-07-09 11:33:40,566 - INFO -   - 处方用名: 秦皮、北秦皮（洗净，晒干，切片用）
2025-07-09 11:33:40,566 - INFO -   - 用法用量: 一钱至三钱，煎服。
2025-07-09 11:33:40,566 - INFO -   - 按语: 1 条
2025-07-09 11:33:40,566 - INFO -   - 方剂举例: 1 条
2025-07-09 11:33:40,566 - INFO -   - 文献摘录: 0 条
2025-07-09 11:33:40,566 - INFO -   - 附药: 0 条
2025-07-09 11:33:40,566 - INFO -   - 图片: 0 张
2025-07-09 11:33:40,566 - INFO - 成功添加药材: 秦皮
2025-07-09 11:33:42,572 - INFO - 正在处理 [110/464] 苦参 (清热燥湿药)
2025-07-09 11:33:42,572 - INFO - 正在解析药材详情: 苦参, URL: https://www.zysj.com.cn/lilunshuji/zhongyaoxue/1488.html
2025-07-09 11:33:44,937 - INFO - 成功解析药材: 苦参 (清热燥湿药)
2025-07-09 11:33:44,938 - INFO -   - 拼音: 
2025-07-09 11:33:44,938 - INFO -   - 药用部位: 本品为豆科植物苦参的根。
2025-07-09 11:33:44,938 - INFO -   - 性味归经: 苦，寒。入心、肝、小肠、大肠、胃经。
2025-07-09 11:33:44,938 - INFO -   - 药性: 寒
2025-07-09 11:33:44,938 - INFO -   - 药味: 苦
2025-07-09 11:33:44,938 - INFO -   - 归经: 心经, 肝经, 小肠经, 大肠经, 胃经
2025-07-09 11:33:44,938 - INFO -   - 功效: 清热燥湿，祛风杀虫。
2025-07-09 11:33:44,938 - INFO -   - 功效列表: 2 条
2025-07-09 11:33:44,938 - INFO -   - 临床应用: 2 条
2025-07-09 11:33:44,938 - INFO -   - 处方用名: 苦参、苦参片（洗净，晒干，切片用）
2025-07-09 11:33:44,938 - INFO -   - 用法用量: 一钱至三钱，煎服。
2025-07-09 11:33:44,938 - INFO -   - 按语: 1 条
2025-07-09 11:33:44,938 - INFO -   - 方剂举例: 1 条
2025-07-09 11:33:44,938 - INFO -   - 文献摘录: 0 条
2025-07-09 11:33:44,938 - INFO -   - 附药: 0 条
2025-07-09 11:33:44,938 - INFO -   - 图片: 0 张
2025-07-09 11:33:44,938 - INFO - 成功添加药材: 苦参
2025-07-09 11:33:44,942 - INFO - 数据已保存到 zysj_herbal_data.json，当前共 110 条记录
2025-07-09 11:33:46,951 - INFO - 正在处理 [111/464] 白藓皮 (清热燥湿药)
2025-07-09 11:33:46,951 - INFO - 正在解析药材详情: 白藓皮, URL: https://www.zysj.com.cn/lilunshuji/zhongyaoxue/1489.html
2025-07-09 11:33:49,294 - INFO - 成功解析药材: 白藓皮 (清热燥湿药)
2025-07-09 11:33:49,294 - INFO -   - 拼音: 
2025-07-09 11:33:49,294 - INFO -   - 药用部位: 本品为云香科植物白藓的根或根皮。
2025-07-09 11:33:49,294 - INFO -   - 性味归经: 苦，寒。入脾、胃、膀胱、小肠经。
2025-07-09 11:33:49,294 - INFO -   - 药性: 寒
2025-07-09 11:33:49,294 - INFO -   - 药味: 苦
2025-07-09 11:33:49,294 - INFO -   - 归经: 脾经, 胃经, 膀胱经, 小肠经
2025-07-09 11:33:49,294 - INFO -   - 功效: 清热燥湿，祛风，解毒。
2025-07-09 11:33:49,294 - INFO -   - 功效列表: 3 条
2025-07-09 11:33:49,294 - INFO -   - 临床应用: 2 条
2025-07-09 11:33:49,294 - INFO -   - 处方用名: 白藓皮、白鲜皮（洗净，晒干，切片用）
2025-07-09 11:33:49,294 - INFO -   - 用法用量: 一钱至三钱，煎服。外用适量。
2025-07-09 11:33:49,294 - INFO -   - 按语: 0 条
2025-07-09 11:33:49,294 - INFO -   - 方剂举例: 1 条
2025-07-09 11:33:49,294 - INFO -   - 文献摘录: 0 条
2025-07-09 11:33:49,294 - INFO -   - 附药: 0 条
2025-07-09 11:33:49,294 - INFO -   - 图片: 0 张
2025-07-09 11:33:49,294 - INFO - 成功添加药材: 白藓皮
2025-07-09 11:33:51,297 - INFO - 正在处理 [112/464] 银柴胡 (清虚热药)
2025-07-09 11:33:51,297 - INFO - 正在解析药材详情: 银柴胡, URL: https://www.zysj.com.cn/lilunshuji/zhongyaoxue/1491.html
2025-07-09 11:33:53,657 - INFO - 成功解析药材: 银柴胡 (清虚热药)
2025-07-09 11:33:53,657 - INFO -   - 拼音: 
2025-07-09 11:33:53,657 - INFO -   - 药用部位: 本品为石竹科植物银柴胡的根。
2025-07-09 11:33:53,657 - INFO -   - 性味归经: 甘，微寒。入肾、胃经。
2025-07-09 11:33:53,657 - INFO -   - 药性: 微寒
2025-07-09 11:33:53,657 - INFO -   - 药味: 甘
2025-07-09 11:33:53,657 - INFO -   - 归经: 肾经, 胃经
2025-07-09 11:33:53,657 - INFO -   - 功效: 凉血，退虚热。
2025-07-09 11:33:53,657 - INFO -   - 功效列表: 2 条
2025-07-09 11:33:53,657 - INFO -   - 临床应用: 2 条
2025-07-09 11:33:53,657 - INFO -   - 处方用名: 银柴胡（洗净，晒干，切片用）
2025-07-09 11:33:53,657 - INFO -   - 用法用量: 一钱至三钱，煎服。
2025-07-09 11:33:53,657 - INFO -   - 按语: 1 条
2025-07-09 11:33:53,657 - INFO -   - 方剂举例: 1 条
2025-07-09 11:33:53,657 - INFO -   - 文献摘录: 0 条
2025-07-09 11:33:53,657 - INFO -   - 附药: 0 条
2025-07-09 11:33:53,657 - INFO -   - 图片: 0 张
2025-07-09 11:33:53,657 - INFO - 成功添加药材: 银柴胡
2025-07-09 11:33:55,665 - INFO - 正在处理 [113/464] 地骨皮 (清虚热药)
2025-07-09 11:33:55,666 - INFO - 正在解析药材详情: 地骨皮, URL: https://www.zysj.com.cn/lilunshuji/zhongyaoxue/1492.html
2025-07-09 11:33:58,059 - INFO - 成功解析药材: 地骨皮 (清虚热药)
2025-07-09 11:33:58,059 - INFO -   - 拼音: 
2025-07-09 11:33:58,059 - INFO -   - 药用部位: 本品为茄科植物宁夏枸杞及枸杞的根皮。
2025-07-09 11:33:58,059 - INFO -   - 性味归经: 甘、淡，寒。入肺、肾经。
2025-07-09 11:33:58,059 - INFO -   - 药性: 寒
2025-07-09 11:33:58,059 - INFO -   - 药味: 甘、淡
2025-07-09 11:33:58,059 - INFO -   - 归经: 肺经, 肾经
2025-07-09 11:33:58,059 - INFO -   - 功效: 清热凉血，退虚热。
2025-07-09 11:33:58,059 - INFO -   - 功效列表: 2 条
2025-07-09 11:33:58,059 - INFO -   - 临床应用: 3 条
2025-07-09 11:33:58,059 - INFO -   - 处方用名: 地骨皮（洗净，晒干，切碎用）
2025-07-09 11:33:58,059 - INFO -   - 用法用量: 三钱至五钱，煎服。
2025-07-09 11:33:58,059 - INFO -   - 按语: 3 条
2025-07-09 11:33:58,059 - INFO -   - 方剂举例: 1 条
2025-07-09 11:33:58,059 - INFO -   - 文献摘录: 0 条
2025-07-09 11:33:58,059 - INFO -   - 附药: 0 条
2025-07-09 11:33:58,059 - INFO -   - 图片: 0 张
2025-07-09 11:33:58,059 - INFO - 成功添加药材: 地骨皮
2025-07-09 11:34:00,064 - INFO - 正在处理 [114/464] 青蒿 (清虚热药)
2025-07-09 11:34:00,065 - INFO - 正在解析药材详情: 青蒿, URL: https://www.zysj.com.cn/lilunshuji/zhongyaoxue/1493.html
2025-07-09 11:34:02,426 - INFO - 成功解析药材: 青蒿 (清虚热药)
2025-07-09 11:34:02,426 - INFO -   - 拼音: 
2025-07-09 11:34:02,426 - INFO -   - 药用部位: 本品为菊科植物青蒿或牡蒿或其它同属植物的地上部份。
2025-07-09 11:34:02,426 - INFO -   - 性味归经: 苦，寒。入肝、胆经。
2025-07-09 11:34:02,426 - INFO -   - 药性: 寒
2025-07-09 11:34:02,426 - INFO -   - 药味: 苦
2025-07-09 11:34:02,426 - INFO -   - 归经: 肝经, 胆经
2025-07-09 11:34:02,426 - INFO -   - 功效: 清热解暑，退虚热。
2025-07-09 11:34:02,426 - INFO -   - 功效列表: 2 条
2025-07-09 11:34:02,426 - INFO -   - 临床应用: 2 条
2025-07-09 11:34:02,426 - INFO -   - 处方用名: 青蒿、香青蒿（洗净，晒干，切碎用）
2025-07-09 11:34:02,426 - INFO -   - 用法用量: 一钱至三钱，煎服。
2025-07-09 11:34:02,426 - INFO -   - 按语: 1 条
2025-07-09 11:34:02,426 - INFO -   - 方剂举例: 1 条
2025-07-09 11:34:02,426 - INFO -   - 文献摘录: 0 条
2025-07-09 11:34:02,426 - INFO -   - 附药: 0 条
2025-07-09 11:34:02,426 - INFO -   - 图片: 0 张
2025-07-09 11:34:02,426 - INFO - 成功添加药材: 青蒿
2025-07-09 11:34:04,432 - INFO - 正在处理 [115/464] 白薇 (清虚热药)
2025-07-09 11:34:04,434 - INFO - 正在解析药材详情: 白薇, URL: https://www.zysj.com.cn/lilunshuji/zhongyaoxue/1494.html
2025-07-09 11:34:06,806 - INFO - 成功解析药材: 白薇 (清虚热药)
2025-07-09 11:34:06,806 - INFO -   - 拼音: 
2025-07-09 11:34:06,806 - INFO -   - 药用部位: 本品为萝藦科植物白薇的根及根茎。
2025-07-09 11:34:06,806 - INFO -   - 性味归经: 苦、咸，寒。入肝、胃经。
2025-07-09 11:34:06,806 - INFO -   - 药性: 寒
2025-07-09 11:34:06,806 - INFO -   - 药味: 苦、咸
2025-07-09 11:34:06,806 - INFO -   - 归经: 肝经, 胃经
2025-07-09 11:34:06,806 - INFO -   - 功效: 清热凉血。
2025-07-09 11:34:06,806 - INFO -   - 功效列表: 1 条
2025-07-09 11:34:06,807 - INFO -   - 临床应用: 3 条
2025-07-09 11:34:06,807 - INFO -   - 处方用名: 嫩白薇、香白薇（洗净，晒干，切碎用）
2025-07-09 11:34:06,807 - INFO -   - 用法用量: 一钱至三钱，煎服。
2025-07-09 11:34:06,807 - INFO -   - 按语: 1 条
2025-07-09 11:34:06,807 - INFO -   - 方剂举例: 1 条
2025-07-09 11:34:06,807 - INFO -   - 文献摘录: 0 条
2025-07-09 11:34:06,807 - INFO -   - 附药: 0 条
2025-07-09 11:34:06,807 - INFO -   - 图片: 0 张
2025-07-09 11:34:06,807 - INFO - 成功添加药材: 白薇
2025-07-09 11:34:06,811 - INFO - 数据已保存到 zysj_herbal_data.json，当前共 115 条记录
2025-07-09 11:34:08,824 - INFO - 正在处理 [116/464] 葎草 (清虚热药)
2025-07-09 11:34:08,824 - INFO - 正在解析药材详情: 葎草, URL: https://www.zysj.com.cn/lilunshuji/zhongyaoxue/1495.html
2025-07-09 11:34:11,203 - INFO - 成功解析药材: 葎草 (清虚热药)
2025-07-09 11:34:11,204 - INFO -   - 拼音: 
2025-07-09 11:34:11,204 - INFO -   - 药用部位: 本品为大麻科植物葎草的全草。
2025-07-09 11:34:11,204 - INFO -   - 性味归经: 甘、苦，寒。
2025-07-09 11:34:11,204 - INFO -   - 药性: 寒
2025-07-09 11:34:11,204 - INFO -   - 药味: 甘、苦
2025-07-09 11:34:11,204 - INFO -   - 归经: 无
2025-07-09 11:34:11,204 - INFO -   - 功效: 清热解毒，利尿，退虚热。
2025-07-09 11:34:11,204 - INFO -   - 功效列表: 3 条
2025-07-09 11:34:11,204 - INFO -   - 临床应用: 3 条
2025-07-09 11:34:11,204 - INFO -   - 处方用名: 葎草（洗净，晒干，切碎用）
2025-07-09 11:34:11,204 - INFO -   - 用法用量: 五钱至一两，煎服。外用适量。
2025-07-09 11:34:11,204 - INFO -   - 按语: 0 条
2025-07-09 11:34:11,204 - INFO -   - 方剂举例: 0 条
2025-07-09 11:34:11,204 - INFO -   - 文献摘录: 0 条
2025-07-09 11:34:11,204 - INFO -   - 附药: 0 条
2025-07-09 11:34:11,204 - INFO -   - 图片: 0 张
2025-07-09 11:34:11,204 - INFO - 成功添加药材: 葎草
2025-07-09 11:34:13,213 - INFO - 正在处理 [117/464] 大黄 (攻下药)
2025-07-09 11:34:13,214 - INFO - 正在解析药材详情: 大黄, URL: https://www.zysj.com.cn/lilunshuji/zhongyaoxue/1500.html
2025-07-09 11:34:15,618 - INFO - 成功解析药材: 大黄 (攻下药)
2025-07-09 11:34:15,618 - INFO -   - 拼音: 
2025-07-09 11:34:15,618 - INFO -   - 药用部位: 本品为蓼科植物掌叶大黄或药大黄的根茎。
2025-07-09 11:34:15,618 - INFO -   - 性味归经: 苦，寒。入脾、胃、大肠、心包、肝经。
2025-07-09 11:34:15,618 - INFO -   - 药性: 寒
2025-07-09 11:34:15,618 - INFO -   - 药味: 苦
2025-07-09 11:34:15,618 - INFO -   - 归经: 脾经, 胃经, 大肠经, 心包经, 肝经
2025-07-09 11:34:15,618 - INFO -   - 功效: 攻积导滞，泻火凉血，行瘀通经。
2025-07-09 11:34:15,618 - INFO -   - 功效列表: 3 条
2025-07-09 11:34:15,618 - INFO -   - 临床应用: 3 条
2025-07-09 11:34:15,618 - INFO -   - 处方用名: 生军、生川军、生锦纹、生大黄（生用，泻下力猛）酒川军、酒洗大黄（用生大黄喷黄酒，烘干后应用，可增强活血行瘀之功）
制军、制川军、制大黄（用黄酒拌匀后蒸熟成黑色，泻下力较缓，能清热化湿）
2025-07-09 11:34:15,618 - INFO -   - 用法用量: 一钱至三钱，煎服。用作通便宜后下。研粉吞服，每次二至三
分。
2025-07-09 11:34:15,618 - INFO -   - 按语: 4 条
2025-07-09 11:34:15,619 - INFO -   - 方剂举例: 1 条
2025-07-09 11:34:15,619 - INFO -   - 文献摘录: 0 条
2025-07-09 11:34:15,619 - INFO -   - 附药: 0 条
2025-07-09 11:34:15,619 - INFO -   - 图片: 0 张
2025-07-09 11:34:15,619 - INFO - 成功添加药材: 大黄
2025-07-09 11:34:17,628 - INFO - 正在处理 [118/464] 芒硝（附：西瓜霜） (攻下药)
2025-07-09 11:34:17,628 - INFO - 正在解析药材详情: 芒硝（附：西瓜霜）, URL: https://www.zysj.com.cn/lilunshuji/zhongyaoxue/1501.html
2025-07-09 11:34:20,031 - INFO - 成功解析药材: 芒硝（附：西瓜霜） (攻下药)
2025-07-09 11:34:20,031 - INFO -   - 拼音: 
2025-07-09 11:34:20,031 - INFO -   - 药用部位: 本品为天然产的硫酸钠经精制而成。
2025-07-09 11:34:20,031 - INFO -   - 性味归经: 辛、咸、苦，大寒。入胃、大肠、三焦经。
2025-07-09 11:34:20,031 - INFO -   - 药性: 大寒
2025-07-09 11:34:20,031 - INFO -   - 药味: 辛、咸、苦
2025-07-09 11:34:20,031 - INFO -   - 归经: 胃经, 大肠经, 三焦经
2025-07-09 11:34:20,031 - INFO -   - 功效: 泻热通便。
2025-07-09 11:34:20,031 - INFO -   - 功效列表: 1 条
2025-07-09 11:34:20,031 - INFO -   - 临床应用: 3 条
2025-07-09 11:34:20,031 - INFO -   - 处方用名: 芒硝、朴硝、玄明粉、元明粉（现上海药店均付芒硝，详见按语）
风化硝（将芒硝至于空气中，失去结晶水后，形成的白色粉末，功效与芒硝相似）
皮硝（为芒硝的粗制品，一般作为外用）
2025-07-09 11:34:20,031 - INFO -   - 用法用量: 一钱至三钱，冲入药汁内或开水中溶化后服，不入汤剂。外用适量。孕妇忌用。
2025-07-09 11:34:20,031 - INFO -   - 按语: 4 条
2025-07-09 11:34:20,031 - INFO -   - 方剂举例: 1 条
2025-07-09 11:34:20,031 - INFO -   - 文献摘录: 0 条
2025-07-09 11:34:20,031 - INFO -   - 附药: 1 条
2025-07-09 11:34:20,031 - INFO -   - 图片: 0 张
2025-07-09 11:34:20,031 - INFO - 成功添加药材: 芒硝（附：西瓜霜）
2025-07-09 11:34:22,032 - INFO - 正在处理 [119/464] 铁扁担 (攻下药)
2025-07-09 11:34:22,033 - INFO - 正在解析药材详情: 铁扁担, URL: https://www.zysj.com.cn/lilunshuji/zhongyaoxue/1502.html
2025-07-09 11:34:24,400 - INFO - 成功解析药材: 铁扁担 (攻下药)
2025-07-09 11:34:24,400 - INFO -   - 拼音: 
2025-07-09 11:34:24,400 - INFO -   - 药用部位: 本品为鸢尾科植物铁扁担的全草或块根。
2025-07-09 11:34:24,400 - INFO -   - 性味归经: 苦，寒。
2025-07-09 11:34:24,400 - INFO -   - 药性: 寒
2025-07-09 11:34:24,400 - INFO -   - 药味: 苦
2025-07-09 11:34:24,400 - INFO -   - 归经: 无
2025-07-09 11:34:24,400 - INFO -   - 功效: 泻下通便，解毒。
2025-07-09 11:34:24,400 - INFO -   - 功效列表: 2 条
2025-07-09 11:34:24,400 - INFO -   - 临床应用: 2 条
2025-07-09 11:34:24,400 - INFO -   - 处方用名: 铁扁担（鲜用或洗净，晒干，切碎用）
2025-07-09 11:34:24,400 - INFO -   - 用法用量: 三钱至五钱，新鲜的叶五钱至一两，煎服。
2025-07-09 11:34:24,400 - INFO -   - 按语: 1 条
2025-07-09 11:34:24,400 - INFO -   - 方剂举例: 0 条
2025-07-09 11:34:24,400 - INFO -   - 文献摘录: 0 条
2025-07-09 11:34:24,400 - INFO -   - 附药: 0 条
2025-07-09 11:34:24,400 - INFO -   - 图片: 0 张
2025-07-09 11:34:24,400 - INFO - 成功添加药材: 铁扁担
2025-07-09 11:34:26,406 - INFO - 正在处理 [120/464] 番泻叶 (攻下药)
2025-07-09 11:34:26,408 - INFO - 正在解析药材详情: 番泻叶, URL: https://www.zysj.com.cn/lilunshuji/zhongyaoxue/1503.html
2025-07-09 11:34:28,809 - INFO - 成功解析药材: 番泻叶 (攻下药)
2025-07-09 11:34:28,809 - INFO -   - 拼音: 
2025-07-09 11:34:28,809 - INFO -   - 药用部位: 本品为豆科植物狭番泻叶或尖番泻叶的叶片。
2025-07-09 11:34:28,809 - INFO -   - 性味归经: 甘、苦，大寒。入大肠经。
2025-07-09 11:34:28,809 - INFO -   - 药性: 大寒
2025-07-09 11:34:28,809 - INFO -   - 药味: 甘、苦
2025-07-09 11:34:28,809 - INFO -   - 归经: 大肠经
2025-07-09 11:34:28,810 - INFO -   - 功效: 泻热导滞。
2025-07-09 11:34:28,810 - INFO -   - 功效列表: 1 条
2025-07-09 11:34:28,810 - INFO -   - 临床应用: 2 条
2025-07-09 11:34:28,810 - INFO -   - 处方用名: 番泻叶（洗净，晒干用）
2025-07-09 11:34:28,810 - INFO -   - 用法用量: 五分至一钱五分，用开水泡汁或煎服）
2025-07-09 11:34:28,810 - INFO -   - 按语: 0 条
2025-07-09 11:34:28,810 - INFO -   - 方剂举例: 1 条
2025-07-09 11:34:28,810 - INFO -   - 文献摘录: 0 条
2025-07-09 11:34:28,810 - INFO -   - 附药: 0 条
2025-07-09 11:34:28,810 - INFO -   - 图片: 0 张
2025-07-09 11:34:28,810 - INFO - 成功添加药材: 番泻叶
2025-07-09 11:34:28,815 - INFO - 数据已保存到 zysj_herbal_data.json，当前共 120 条记录
2025-07-09 11:34:30,819 - INFO - 正在处理 [121/464] 芦荟 (攻下药)
2025-07-09 11:34:30,819 - INFO - 正在解析药材详情: 芦荟, URL: https://www.zysj.com.cn/lilunshuji/zhongyaoxue/1504.html
2025-07-09 11:34:33,274 - INFO - 成功解析药材: 芦荟 (攻下药)
2025-07-09 11:34:33,274 - INFO -   - 拼音: 
2025-07-09 11:34:33,274 - INFO -   - 药用部位: 本品为百合科植物库拉索芦荟草、好望角芦荟草或其同属他种植物叶...
2025-07-09 11:34:33,274 - INFO -   - 性味归经: 苦，寒。入肝、胃、大肠经。
2025-07-09 11:34:33,274 - INFO -   - 药性: 寒
2025-07-09 11:34:33,274 - INFO -   - 药味: 苦
2025-07-09 11:34:33,274 - INFO -   - 归经: 肝经, 胃经, 大肠经
2025-07-09 11:34:33,274 - INFO -   - 功效: 泻热通便，杀虫，凉肝。
2025-07-09 11:34:33,274 - INFO -   - 功效列表: 3 条
2025-07-09 11:34:33,274 - INFO -   - 临床应用: 3 条
2025-07-09 11:34:33,274 - INFO -   - 处方用名: 芦荟、真芦荟（生用）
2025-07-09 11:34:33,274 - INFO -   - 用法用量: 三分至八分，宜作丸、散剂用，一般不入煎剂。
2025-07-09 11:34:33,274 - INFO -   - 按语: 0 条
2025-07-09 11:34:33,274 - INFO -   - 方剂举例: 1 条
2025-07-09 11:34:33,274 - INFO -   - 文献摘录: 0 条
2025-07-09 11:34:33,275 - INFO -   - 附药: 0 条
2025-07-09 11:34:33,275 - INFO -   - 图片: 0 张
2025-07-09 11:34:33,275 - INFO - 成功添加药材: 芦荟
2025-07-09 11:34:35,283 - INFO - 正在处理 [122/464] 火麻仁 (润下药)
2025-07-09 11:34:35,284 - INFO - 正在解析药材详情: 火麻仁, URL: https://www.zysj.com.cn/lilunshuji/zhongyaoxue/1506.html
2025-07-09 11:34:37,682 - INFO - 成功解析药材: 火麻仁 (润下药)
2025-07-09 11:34:37,682 - INFO -   - 拼音: 
2025-07-09 11:34:37,682 - INFO -   - 药用部位: 本品为大麻科植物大麻的果实。
2025-07-09 11:34:37,682 - INFO -   - 性味归经: 甘，平。入脾、胃、大肠经。
2025-07-09 11:34:37,682 - INFO -   - 药性: 平
2025-07-09 11:34:37,682 - INFO -   - 药味: 甘
2025-07-09 11:34:37,682 - INFO -   - 归经: 脾经, 胃经, 大肠经
2025-07-09 11:34:37,682 - INFO -   - 功效: 润肠通便。
2025-07-09 11:34:37,682 - INFO -   - 功效列表: 1 条
2025-07-09 11:34:37,682 - INFO -   - 临床应用: 2 条
2025-07-09 11:34:37,682 - INFO -   - 处方用名: 大麻仁、火麻仁（打碎用）
2025-07-09 11:34:37,682 - INFO -   - 用法用量: 三钱至五钱，煎服。
2025-07-09 11:34:37,682 - INFO -   - 按语: 0 条
2025-07-09 11:34:37,682 - INFO -   - 方剂举例: 1 条
2025-07-09 11:34:37,682 - INFO -   - 文献摘录: 0 条
2025-07-09 11:34:37,682 - INFO -   - 附药: 0 条
2025-07-09 11:34:37,682 - INFO -   - 图片: 0 张
2025-07-09 11:34:37,683 - INFO - 成功添加药材: 火麻仁
2025-07-09 11:34:39,693 - INFO - 正在处理 [123/464] 郁李仁 (润下药)
2025-07-09 11:34:39,693 - INFO - 正在解析药材详情: 郁李仁, URL: https://www.zysj.com.cn/lilunshuji/zhongyaoxue/1507.html
2025-07-09 11:34:42,060 - INFO - 成功解析药材: 郁李仁 (润下药)
2025-07-09 11:34:42,060 - INFO -   - 拼音: 
2025-07-09 11:34:42,060 - INFO -   - 药用部位: 本品蔷薇科植物郁李的成熟种子。
2025-07-09 11:34:42,060 - INFO -   - 性味归经: 辛、苦、甘，平。入大肠、小肠、脾经。
2025-07-09 11:34:42,060 - INFO -   - 药性: 平
2025-07-09 11:34:42,060 - INFO -   - 药味: 辛、苦、甘
2025-07-09 11:34:42,060 - INFO -   - 归经: 大肠经, 小肠经, 脾经
2025-07-09 11:34:42,060 - INFO -   - 功效: 润肠通便，利尿消肿。
2025-07-09 11:34:42,060 - INFO -   - 功效列表: 2 条
2025-07-09 11:34:42,060 - INFO -   - 临床应用: 2 条
2025-07-09 11:34:42,060 - INFO -   - 处方用名: 郁李仁（即郁李仁肉，用时打碎）
2025-07-09 11:34:42,060 - INFO -   - 用法用量: 一钱至三钱，煎服。
2025-07-09 11:34:42,060 - INFO -   - 按语: 2 条
2025-07-09 11:34:42,060 - INFO -   - 方剂举例: 1 条
2025-07-09 11:34:42,060 - INFO -   - 文献摘录: 0 条
2025-07-09 11:34:42,060 - INFO -   - 附药: 0 条
2025-07-09 11:34:42,061 - INFO -   - 图片: 0 张
2025-07-09 11:34:42,061 - INFO - 成功添加药材: 郁李仁
2025-07-09 11:34:44,068 - INFO - 正在处理 [124/464] 胡麻仁 (润下药)
2025-07-09 11:34:44,069 - INFO - 正在解析药材详情: 胡麻仁, URL: https://www.zysj.com.cn/lilunshuji/zhongyaoxue/1508.html
2025-07-09 11:34:46,431 - INFO - 成功解析药材: 胡麻仁 (润下药)
2025-07-09 11:34:46,431 - INFO -   - 拼音: 
2025-07-09 11:34:46,431 - INFO -   - 药用部位: 本品为胡麻科植物胡麻的成熟种子。
2025-07-09 11:34:46,431 - INFO -   - 性味归经: 甘，平。入肺、脾、肝、肾经。
2025-07-09 11:34:46,432 - INFO -   - 药性: 平
2025-07-09 11:34:46,432 - INFO -   - 药味: 甘
2025-07-09 11:34:46,432 - INFO -   - 归经: 肺经, 脾经, 肝经, 肾经
2025-07-09 11:34:46,432 - INFO -   - 功效: 润燥滑肠，滋养肝肾。
2025-07-09 11:34:46,432 - INFO -   - 功效列表: 2 条
2025-07-09 11:34:46,432 - INFO -   - 临床应用: 2 条
2025-07-09 11:34:46,432 - INFO -   - 处方用名: 黑脂麻、黑芝麻、胡麻仁（打碎用）
2025-07-09 11:34:46,432 - INFO -   - 用法用量: 三钱至一两，打碎，煎服；或炒熟研细，用白开水或蜂蜜调服；也可用炒熟研细，制成丸药吞服。
2025-07-09 11:34:46,432 - INFO -   - 按语: 0 条
2025-07-09 11:34:46,432 - INFO -   - 方剂举例: 1 条
2025-07-09 11:34:46,432 - INFO -   - 文献摘录: 0 条
2025-07-09 11:34:46,432 - INFO -   - 附药: 0 条
2025-07-09 11:34:46,432 - INFO -   - 图片: 0 张
2025-07-09 11:34:46,432 - INFO - 成功添加药材: 胡麻仁
2025-07-09 11:34:48,445 - INFO - 正在处理 [125/464] 蜂蜜 (润下药)
2025-07-09 11:34:48,445 - INFO - 正在解析药材详情: 蜂蜜, URL: https://www.zysj.com.cn/lilunshuji/zhongyaoxue/1509.html
2025-07-09 11:34:50,774 - INFO - 成功解析药材: 蜂蜜 (润下药)
2025-07-09 11:34:50,774 - INFO -   - 拼音: 
2025-07-09 11:34:50,774 - INFO -   - 药用部位: 本品为蜜蜂科昆虫中华蜜蜂等酿成的糖类物质。
2025-07-09 11:34:50,774 - INFO -   - 性味归经: 甘，平。入肺、脾、大肠经。
2025-07-09 11:34:50,774 - INFO -   - 药性: 平
2025-07-09 11:34:50,774 - INFO -   - 药味: 甘
2025-07-09 11:34:50,774 - INFO -   - 归经: 肺经, 脾经, 大肠经
2025-07-09 11:34:50,774 - INFO -   - 功效: 滑肠通便，补肺润中，缓急，解毒。
2025-07-09 11:34:50,774 - INFO -   - 功效列表: 4 条
2025-07-09 11:34:50,774 - INFO -   - 临床应用: 2 条
2025-07-09 11:34:50,774 - INFO -   - 处方用名: 蜂蜜、白蜜、炼蜜（即经过熬制，在做丸药时应用）
2025-07-09 11:34:50,774 - INFO -   - 用法用量: 三钱至一两，用开水冲服。
2025-07-09 11:34:50,774 - INFO -   - 按语: 0 条
2025-07-09 11:34:50,774 - INFO -   - 方剂举例: 0 条
2025-07-09 11:34:50,774 - INFO -   - 文献摘录: 0 条
2025-07-09 11:34:50,774 - INFO -   - 附药: 0 条
2025-07-09 11:34:50,774 - INFO -   - 图片: 0 张
2025-07-09 11:34:50,774 - INFO - 成功添加药材: 蜂蜜
2025-07-09 11:34:50,779 - INFO - 数据已保存到 zysj_herbal_data.json，当前共 125 条记录
2025-07-09 11:34:52,792 - INFO - 正在处理 [126/464] 牵牛子 (峻下逐水药)
2025-07-09 11:34:52,793 - INFO - 正在解析药材详情: 牵牛子, URL: https://www.zysj.com.cn/lilunshuji/zhongyaoxue/1511.html
2025-07-09 11:34:55,177 - INFO - 成功解析药材: 牵牛子 (峻下逐水药)
2025-07-09 11:34:55,177 - INFO -   - 拼音: 
2025-07-09 11:34:55,178 - INFO -   - 药用部位: 本品为旋花科植物牵牛的种子。
2025-07-09 11:34:55,178 - INFO -   - 性味归经: 苦，寒。有毒。入肺、肾、大肠经。
2025-07-09 11:34:55,178 - INFO -   - 药性: 寒
2025-07-09 11:34:55,178 - INFO -   - 药味: 苦
2025-07-09 11:34:55,178 - INFO -   - 归经: 肺经, 肾经, 大肠经
2025-07-09 11:34:55,178 - INFO -   - 功效: 泻水消肿，袪痰逐饮，杀虫攻积。
2025-07-09 11:34:55,178 - INFO -   - 功效列表: 3 条
2025-07-09 11:34:55,178 - INFO -   - 临床应用: 3 条
2025-07-09 11:34:55,178 - INFO -   - 处方用名: 牵牛子、黑丑（均配黑牵牛子，打碎用）、白牵牛、白丑（配白牵牛子、打碎用）、二丑、黑白丑（配黑、白丑各半。目前上海地区配方已于简化，黑、白丑不分，两者混合，打碎用）
2025-07-09 11:34:55,178 - INFO -   - 用法用量: 牵牛散《普济方》：牵牛子、木通、白朮、桑根白皮、木香、肉桂、陈皮。治水气肢体浮肿、大小便涩，上气喘促。
牵牛散《沉氏尊生》：牵牛子、大黄、槟榔、雄黄。治虫积。
2025-07-09 11:34:55,178 - INFO -   - 按语: 1 条
2025-07-09 11:34:55,178 - INFO -   - 方剂举例: 0 条
2025-07-09 11:34:55,178 - INFO -   - 文献摘录: 0 条
2025-07-09 11:34:55,178 - INFO -   - 附药: 0 条
2025-07-09 11:34:55,178 - INFO -   - 图片: 0 张
2025-07-09 11:34:55,178 - INFO - 成功添加药材: 牵牛子
2025-07-09 11:34:57,188 - INFO - 正在处理 [127/464] 甘遂 (峻下逐水药)
2025-07-09 11:34:57,189 - INFO - 正在解析药材详情: 甘遂, URL: https://www.zysj.com.cn/lilunshuji/zhongyaoxue/1512.html
2025-07-09 11:34:59,539 - INFO - 成功解析药材: 甘遂 (峻下逐水药)
2025-07-09 11:34:59,539 - INFO -   - 拼音: 
2025-07-09 11:34:59,539 - INFO -   - 药用部位: 本品为大戟科植物甘遂的块根。
2025-07-09 11:34:59,539 - INFO -   - 性味归经: 苦，寒。有毒。入肺、脾、肾经。
2025-07-09 11:34:59,539 - INFO -   - 药性: 寒
2025-07-09 11:34:59,539 - INFO -   - 药味: 苦
2025-07-09 11:34:59,539 - INFO -   - 归经: 肺经, 脾经, 肾经
2025-07-09 11:34:59,539 - INFO -   - 功效: 泻水逐饮，消肿散结。
2025-07-09 11:34:59,539 - INFO -   - 功效列表: 2 条
2025-07-09 11:34:59,539 - INFO -   - 临床应用: 2 条
2025-07-09 11:34:59,539 - INFO -   - 处方用名: 甘遂、煨甘遂（系煨熟后应用。现上海地区将本品与豆腐同煮后，去豆腐，晒干用。
生甘遂（生用，只作外用，不宜内服）
2025-07-09 11:34:59,539 - INFO -   - 用法用量: 五分至一钱，煎服。研末吞服，每次二分至三分。本品药性峻烈，非气壮邪实者禁用。
2025-07-09 11:34:59,539 - INFO -   - 按语: 0 条
2025-07-09 11:34:59,539 - INFO -   - 方剂举例: 1 条
2025-07-09 11:34:59,539 - INFO -   - 文献摘录: 0 条
2025-07-09 11:34:59,540 - INFO -   - 附药: 0 条
2025-07-09 11:34:59,540 - INFO -   - 图片: 0 张
2025-07-09 11:34:59,540 - INFO - 成功添加药材: 甘遂
2025-07-09 11:35:01,547 - INFO - 正在处理 [128/464] 大戟 (峻下逐水药)
2025-07-09 11:35:01,547 - INFO - 正在解析药材详情: 大戟, URL: https://www.zysj.com.cn/lilunshuji/zhongyaoxue/1513.html
2025-07-09 11:35:03,935 - INFO - 成功解析药材: 大戟 (峻下逐水药)
2025-07-09 11:35:03,935 - INFO -   - 拼音: 
2025-07-09 11:35:03,935 - INFO -   - 药用部位: 本品为茜草科植物红芽大戟、或大戟科植物京大戟的根。
2025-07-09 11:35:03,936 - INFO -   - 性味归经: 苦，寒。有毒。入肺、脾、肾经。
2025-07-09 11:35:03,936 - INFO -   - 药性: 寒
2025-07-09 11:35:03,936 - INFO -   - 药味: 苦
2025-07-09 11:35:03,936 - INFO -   - 归经: 肺经, 脾经, 肾经
2025-07-09 11:35:03,936 - INFO -   - 功效: 泻水逐饮，消肿散结。
2025-07-09 11:35:03,936 - INFO -   - 功效列表: 2 条
2025-07-09 11:35:03,936 - INFO -   - 临床应用: 2 条
2025-07-09 11:35:03,936 - INFO -   - 处方用名: 大戟、红芽大戟（洗净，晒干，切片用）
2025-07-09 11:35:03,936 - INFO -   - 用法用量: 五分至一钱五分，煎服。研末吞服，每次三分，每天一次。孕妇忌服。
2025-07-09 11:35:03,936 - INFO -   - 按语: 0 条
2025-07-09 11:35:03,936 - INFO -   - 方剂举例: 1 条
2025-07-09 11:35:03,936 - INFO -   - 文献摘录: 0 条
2025-07-09 11:35:03,936 - INFO -   - 附药: 0 条
2025-07-09 11:35:03,936 - INFO -   - 图片: 0 张
2025-07-09 11:35:03,936 - INFO - 成功添加药材: 大戟
2025-07-09 11:35:05,940 - INFO - 正在处理 [129/464] 芫花 (峻下逐水药)
2025-07-09 11:35:05,940 - INFO - 正在解析药材详情: 芫花, URL: https://www.zysj.com.cn/lilunshuji/zhongyaoxue/1514.html
2025-07-09 11:35:08,311 - INFO - 成功解析药材: 芫花 (峻下逐水药)
2025-07-09 11:35:08,312 - INFO -   - 拼音: 
2025-07-09 11:35:08,312 - INFO -   - 药用部位: 本品为瑞香科植物芫花的花蕾。
2025-07-09 11:35:08,312 - INFO -   - 性味归经: 辛，温。有毒。入肺、脾、肾经。
2025-07-09 11:35:08,312 - INFO -   - 药性: 温
2025-07-09 11:35:08,312 - INFO -   - 药味: 辛
2025-07-09 11:35:08,312 - INFO -   - 归经: 肺经, 脾经, 肾经
2025-07-09 11:35:08,312 - INFO -   - 功效: 泻水逐饮。
2025-07-09 11:35:08,312 - INFO -   - 功效列表: 1 条
2025-07-09 11:35:08,312 - INFO -   - 临床应用: 3 条
2025-07-09 11:35:08,312 - INFO -   - 处方用名: 芫花、陈芫花（生用或醋煮用）
2025-07-09 11:35:08,312 - INFO -   - 用法用量: 五分至一钱，煎服。研末吞服，每次二分，每天一次。外用适量。孕妇忌服。
2025-07-09 11:35:08,312 - INFO -   - 按语: 0 条
2025-07-09 11:35:08,312 - INFO -   - 方剂举例: 1 条
2025-07-09 11:35:08,312 - INFO -   - 文献摘录: 0 条
2025-07-09 11:35:08,312 - INFO -   - 附药: 0 条
2025-07-09 11:35:08,312 - INFO -   - 图片: 0 张
2025-07-09 11:35:08,312 - INFO - 成功添加药材: 芫花
2025-07-09 11:35:10,319 - INFO - 正在处理 [130/464] 续随子 (峻下逐水药)
2025-07-09 11:35:10,319 - INFO - 正在解析药材详情: 续随子, URL: https://www.zysj.com.cn/lilunshuji/zhongyaoxue/1515.html
2025-07-09 11:35:12,732 - INFO - 成功解析药材: 续随子 (峻下逐水药)
2025-07-09 11:35:12,732 - INFO -   - 拼音: 
2025-07-09 11:35:12,732 - INFO -   - 药用部位: 本品为大戟科植物续随子的成熟种子。
2025-07-09 11:35:12,732 - INFO -   - 性味归经: 辛，温。有毒。入肝、肾经。
2025-07-09 11:35:12,732 - INFO -   - 药性: 温
2025-07-09 11:35:12,732 - INFO -   - 药味: 辛
2025-07-09 11:35:12,732 - INFO -   - 归经: 肝经, 肾经
2025-07-09 11:35:12,732 - INFO -   - 功效: 泻下逐水，破血散症。
2025-07-09 11:35:12,732 - INFO -   - 功效列表: 2 条
2025-07-09 11:35:12,732 - INFO -   - 临床应用: 2 条
2025-07-09 11:35:12,732 - INFO -   - 处方用名: 千金子霜、续随子霜（榨去油用）
2025-07-09 11:35:12,732 - INFO -   - 用法用量: 内服每次三厘至五厘，一般不入煎剂，多配入丸散应用。本品峻烈有毒，凡中气虚弱者于孕妇忌用。
2025-07-09 11:35:12,732 - INFO -   - 按语: 1 条
2025-07-09 11:35:12,732 - INFO -   - 方剂举例: 1 条
2025-07-09 11:35:12,732 - INFO -   - 文献摘录: 0 条
2025-07-09 11:35:12,732 - INFO -   - 附药: 0 条
2025-07-09 11:35:12,732 - INFO -   - 图片: 0 张
2025-07-09 11:35:12,732 - INFO - 成功添加药材: 续随子
2025-07-09 11:35:12,738 - INFO - 数据已保存到 zysj_herbal_data.json，当前共 130 条记录
2025-07-09 11:35:14,748 - INFO - 正在处理 [131/464] 商陆 (峻下逐水药)
2025-07-09 11:35:14,749 - INFO - 正在解析药材详情: 商陆, URL: https://www.zysj.com.cn/lilunshuji/zhongyaoxue/1516.html
2025-07-09 11:35:17,114 - INFO - 成功解析药材: 商陆 (峻下逐水药)
2025-07-09 11:35:17,114 - INFO -   - 拼音: 
2025-07-09 11:35:17,115 - INFO -   - 药用部位: 本品为商陆科植物商陆的根。
2025-07-09 11:35:17,115 - INFO -   - 性味归经: 苦，寒。有毒。入肺、脾、肾、大肠经。
2025-07-09 11:35:17,115 - INFO -   - 药性: 寒
2025-07-09 11:35:17,115 - INFO -   - 药味: 苦
2025-07-09 11:35:17,115 - INFO -   - 归经: 肺经, 脾经, 肾经, 大肠经
2025-07-09 11:35:17,115 - INFO -   - 功效: 逐水、消肿。
2025-07-09 11:35:17,115 - INFO -   - 功效列表: 2 条
2025-07-09 11:35:17,115 - INFO -   - 临床应用: 2 条
2025-07-09 11:35:17,115 - INFO -   - 处方用名: 商陆（洗净，晒干，切碎用）
2025-07-09 11:35:17,115 - INFO -   - 用法用量: 一钱至三钱，煎服。
2025-07-09 11:35:17,115 - INFO -   - 按语: 1 条
2025-07-09 11:35:17,115 - INFO -   - 方剂举例: 1 条
2025-07-09 11:35:17,115 - INFO -   - 文献摘录: 0 条
2025-07-09 11:35:17,115 - INFO -   - 附药: 0 条
2025-07-09 11:35:17,115 - INFO -   - 图片: 0 张
2025-07-09 11:35:17,115 - INFO - 成功添加药材: 商陆
2025-07-09 11:35:19,123 - INFO - 正在处理 [132/464] 乌臼根皮 (峻下逐水药)
2025-07-09 11:35:19,123 - INFO - 正在解析药材详情: 乌臼根皮, URL: https://www.zysj.com.cn/lilunshuji/zhongyaoxue/1517.html
2025-07-09 11:35:21,477 - INFO - 成功解析药材: 乌臼根皮 (峻下逐水药)
2025-07-09 11:35:21,477 - INFO -   - 拼音: 
2025-07-09 11:35:21,477 - INFO -   - 药用部位: 本品为大戟科植物乌臼树的根白皮。
2025-07-09 11:35:21,477 - INFO -   - 性味归经: 苦，微温。入肺、脾、肾、大肠经。
2025-07-09 11:35:21,477 - INFO -   - 药性: 微温
2025-07-09 11:35:21,477 - INFO -   - 药味: 苦
2025-07-09 11:35:21,477 - INFO -   - 归经: 肺经, 脾经, 肾经, 大肠经
2025-07-09 11:35:21,477 - INFO -   - 功效: 泻下逐水。
2025-07-09 11:35:21,478 - INFO -   - 功效列表: 1 条
2025-07-09 11:35:21,478 - INFO -   - 临床应用: 2 条
2025-07-09 11:35:21,478 - INFO -   - 处方用名: 乌臼根皮（洗净，晒干，切碎用）
2025-07-09 11:35:21,478 - INFO -   - 用法用量: 三钱至四钱，煎服。
2025-07-09 11:35:21,478 - INFO -   - 按语: 0 条
2025-07-09 11:35:21,478 - INFO -   - 方剂举例: 0 条
2025-07-09 11:35:21,478 - INFO -   - 文献摘录: 0 条
2025-07-09 11:35:21,478 - INFO -   - 附药: 0 条
2025-07-09 11:35:21,478 - INFO -   - 图片: 0 张
2025-07-09 11:35:21,478 - INFO - 成功添加药材: 乌臼根皮
2025-07-09 11:35:23,481 - INFO - 正在处理 [133/464] 巴豆 (峻下逐水药)
2025-07-09 11:35:23,481 - INFO - 正在解析药材详情: 巴豆, URL: https://www.zysj.com.cn/lilunshuji/zhongyaoxue/1518.html
2025-07-09 11:35:25,846 - INFO - 成功解析药材: 巴豆 (峻下逐水药)
2025-07-09 11:35:25,846 - INFO -   - 拼音: 
2025-07-09 11:35:25,847 - INFO -   - 药用部位: 本品为大戟科植物巴豆树的成熟种子。
2025-07-09 11:35:25,847 - INFO -   - 性味归经: 辛、热。有大毒。入胃、大肠经。
2025-07-09 11:35:25,847 - INFO -   - 药性: 热
2025-07-09 11:35:25,847 - INFO -   - 药味: 辛
2025-07-09 11:35:25,847 - INFO -   - 归经: 胃经, 大肠经
2025-07-09 11:35:25,847 - INFO -   - 功效: 泻下逐水，劫痰，蚀疮。
2025-07-09 11:35:25,847 - INFO -   - 功效列表: 3 条
2025-07-09 11:35:25,847 - INFO -   - 临床应用: 5 条
2025-07-09 11:35:25,847 - INFO -   - 处方用名: 巴豆霜（榨去油用）
2025-07-09 11:35:25,847 - INFO -   - 用法用量: 内服每次一厘到三厘，一般不入煎剂，多配入丸散应用。外用适量。本品有大毒，故非急症必须时，不得轻易使用。孕妇及体虚者忌用。
2025-07-09 11:35:25,847 - INFO -   - 按语: 1 条
2025-07-09 11:35:25,847 - INFO -   - 方剂举例: 1 条
2025-07-09 11:35:25,847 - INFO -   - 文献摘录: 0 条
2025-07-09 11:35:25,847 - INFO -   - 附药: 0 条
2025-07-09 11:35:25,847 - INFO -   - 图片: 0 张
2025-07-09 11:35:25,847 - INFO - 成功添加药材: 巴豆
2025-07-09 11:35:27,855 - INFO - 正在处理 [134/464] 茯苓 (利水渗湿药)
2025-07-09 11:35:27,855 - INFO - 正在解析药材详情: 茯苓, URL: https://www.zysj.com.cn/lilunshuji/zhongyaoxue/1522.html
2025-07-09 11:35:30,276 - INFO - 成功解析药材: 茯苓 (利水渗湿药)
2025-07-09 11:35:30,276 - INFO -   - 拼音: 
2025-07-09 11:35:30,276 - INFO -   - 药用部位: 多孔菌科真菌茯苓Poriacocos（Schw.）Wolf菌...
2025-07-09 11:35:30,276 - INFO -   - 性味归经: 甘、淡，平。归心、肺、脾、肾经。
2025-07-09 11:35:30,276 - INFO -   - 药性: 平
2025-07-09 11:35:30,276 - INFO -   - 药味: 甘、淡
2025-07-09 11:35:30,276 - INFO -   - 归经: 心经, 肺经, 脾经, 肾经
2025-07-09 11:35:30,276 - INFO -   - 功效: 利水渗湿，健脾，化痰，宁心安神
2025-07-09 11:35:30,276 - INFO -   - 功效列表: 4 条
2025-07-09 11:35:30,276 - INFO -   - 临床应用: 4 条
2025-07-09 11:35:30,276 - INFO -   - 处方用名: 1.茯苓、白茯苓、云茯苓、云苓（去皮，蒸熟，切片，晒干用。偏于健脾宁心）
2.赤茯苓、赤苓（去皮，取菌核的淡红色部份，蒸透切片，或辗碎用。偏于渗湿泄热）
3.朱茯苓、辰茯苓、朱砂拌茯苓（取白茯苓净片，用朱砂2％拌匀后用。可增强宁心安神的作用。）
2025-07-09 11:35:30,276 - INFO -   - 用法用量: 三钱至五钱，煎服
2025-07-09 11:35:30,276 - INFO -   - 按语: 1 条
2025-07-09 11:35:30,276 - INFO -   - 方剂举例: 1 条
2025-07-09 11:35:30,276 - INFO -   - 文献摘录: 3 条
2025-07-09 11:35:30,276 - INFO -   - 附药: 2 条
2025-07-09 11:35:30,276 - INFO -   - 图片: 0 张
2025-07-09 11:35:30,277 - INFO - 成功添加药材: 茯苓
2025-07-09 11:35:32,291 - INFO - 正在处理 [135/464] 猪苓 (利水渗湿药)
2025-07-09 11:35:32,291 - INFO - 正在解析药材详情: 猪苓, URL: https://www.zysj.com.cn/lilunshuji/zhongyaoxue/1523.html
2025-07-09 11:35:34,658 - INFO - 成功解析药材: 猪苓 (利水渗湿药)
2025-07-09 11:35:34,658 - INFO -   - 拼音: 
2025-07-09 11:35:34,658 - INFO -   - 药用部位: 多孔菌科真菌猪苓Polyporusumbellatus（Pe...
2025-07-09 11:35:34,658 - INFO -   - 性味归经: 甘、淡，平。归肾、膀胱经。
2025-07-09 11:35:34,658 - INFO -   - 药性: 平
2025-07-09 11:35:34,658 - INFO -   - 药味: 甘、淡
2025-07-09 11:35:34,658 - INFO -   - 归经: 肾经, 膀胱经
2025-07-09 11:35:34,658 - INFO -   - 功效: 利水渗湿
2025-07-09 11:35:34,658 - INFO -   - 功效列表: 1 条
2025-07-09 11:35:34,658 - INFO -   - 临床应用: 1 条
2025-07-09 11:35:34,658 - INFO -   - 处方用名: 猪苓、粉猪苓（洗净，晒干，切片用）
2025-07-09 11:35:34,658 - INFO -   - 用法用量: 一钱至三钱，煎服
2025-07-09 11:35:34,658 - INFO -   - 按语: 1 条
2025-07-09 11:35:34,659 - INFO -   - 方剂举例: 1 条
2025-07-09 11:35:34,659 - INFO -   - 文献摘录: 5 条
2025-07-09 11:35:34,659 - INFO -   - 附药: 0 条
2025-07-09 11:35:34,659 - INFO -   - 图片: 0 张
2025-07-09 11:35:34,659 - INFO - 成功添加药材: 猪苓
2025-07-09 11:35:34,664 - INFO - 数据已保存到 zysj_herbal_data.json，当前共 135 条记录
2025-07-09 11:35:36,672 - INFO - 正在处理 [136/464] 泽泻 (利水渗湿药)
2025-07-09 11:35:36,672 - INFO - 正在解析药材详情: 泽泻, URL: https://www.zysj.com.cn/lilunshuji/zhongyaoxue/1524.html
2025-07-09 11:35:39,259 - INFO - 成功解析药材: 泽泻 (利水渗湿药)
2025-07-09 11:35:39,259 - INFO -   - 拼音: 
2025-07-09 11:35:39,259 - INFO -   - 药用部位: 泽泻科沼泽植物泽泻Alismaorientalis（Sam....
2025-07-09 11:35:39,259 - INFO -   - 性味归经: 甘，寒。归肾、膀胱经。
2025-07-09 11:35:39,259 - INFO -   - 药性: 寒
2025-07-09 11:35:39,259 - INFO -   - 药味: 甘
2025-07-09 11:35:39,259 - INFO -   - 归经: 肾经, 膀胱经
2025-07-09 11:35:39,259 - INFO -   - 功效: 利水渗湿，泄热。
2025-07-09 11:35:39,259 - INFO -   - 功效列表: 2 条
2025-07-09 11:35:39,259 - INFO -   - 临床应用: 1 条
2025-07-09 11:35:39,259 - INFO -   - 处方用名: 泽泻、建泽泻、福泽泻（洗净，晒干，切片用）、炒泽泻（炒用，多用于利水止泻）
2025-07-09 11:35:39,259 - INFO -   - 用法用量: 一钱至三钱，煎服。
2025-07-09 11:35:39,259 - INFO -   - 按语: 2 条
2025-07-09 11:35:39,259 - INFO -   - 方剂举例: 1 条
2025-07-09 11:35:39,259 - INFO -   - 文献摘录: 4 条
2025-07-09 11:35:39,259 - INFO -   - 附药: 0 条
2025-07-09 11:35:39,259 - INFO -   - 图片: 0 张
2025-07-09 11:35:39,259 - INFO - 成功添加药材: 泽泻
2025-07-09 11:35:41,270 - INFO - 正在处理 [137/464] 薏苡仁 (利水渗湿药)
2025-07-09 11:35:41,270 - INFO - 正在解析药材详情: 薏苡仁, URL: https://www.zysj.com.cn/lilunshuji/zhongyaoxue/1525.html
2025-07-09 11:35:43,654 - INFO - 成功解析药材: 薏苡仁 (利水渗湿药)
2025-07-09 11:35:43,654 - INFO -   - 拼音: 
2025-07-09 11:35:43,654 - INFO -   - 药用部位: 禾本科草本植物薏苡Coixlacryma-jobiL.var...
2025-07-09 11:35:43,654 - INFO -   - 性味归经: 甘、淡，微寒。归脾、肾、肺经。
2025-07-09 11:35:43,654 - INFO -   - 药性: 微寒
2025-07-09 11:35:43,654 - INFO -   - 药味: 甘、淡
2025-07-09 11:35:43,654 - INFO -   - 归经: 脾经, 肾经, 肺经
2025-07-09 11:35:43,654 - INFO -   - 功效: 利水渗湿，健脾，除痹，排脓消痈。
2025-07-09 11:35:43,654 - INFO -   - 功效列表: 4 条
2025-07-09 11:35:43,654 - INFO -   - 临床应用: 4 条
2025-07-09 11:35:43,654 - INFO -   - 处方用名: 1.薏苡仁（薏米仁）、苡仁、米仁、生苡仁、生米仁（去壳晒干用，清利湿热宜生用）
2.炒薏苡仁（炒用，健脾宜炒用）
2025-07-09 11:35:43,654 - INFO -   - 用法用量: 五钱至一两，煎服。
2025-07-09 11:35:43,654 - INFO -   - 按语: 2 条
2025-07-09 11:35:43,655 - INFO -   - 方剂举例: 1 条
2025-07-09 11:35:43,655 - INFO -   - 文献摘录: 4 条
2025-07-09 11:35:43,655 - INFO -   - 附药: 0 条
2025-07-09 11:35:43,655 - INFO -   - 图片: 0 张
2025-07-09 11:35:43,655 - INFO - 成功添加药材: 薏苡仁
2025-07-09 11:35:45,667 - INFO - 正在处理 [138/464] 灯心草 (利水渗湿药)
2025-07-09 11:35:45,667 - INFO - 正在解析药材详情: 灯心草, URL: https://www.zysj.com.cn/lilunshuji/zhongyaoxue/1526.html
2025-07-09 11:35:48,102 - INFO - 成功解析药材: 灯心草 (利水渗湿药)
2025-07-09 11:35:48,102 - INFO -   - 拼音: 
2025-07-09 11:35:48,102 - INFO -   - 药用部位: 灯心草科草本植物灯心草JuncuseffususL.的茎髓
2025-07-09 11:35:48,102 - INFO -   - 性味归经: 甘、淡，微寒。归心、肺、小肠经。
2025-07-09 11:35:48,102 - INFO -   - 药性: 微寒
2025-07-09 11:35:48,102 - INFO -   - 药味: 甘、淡
2025-07-09 11:35:48,102 - INFO -   - 归经: 心经, 肺经, 小肠经
2025-07-09 11:35:48,102 - INFO -   - 功效: 清热利水，清心除烦。
2025-07-09 11:35:48,102 - INFO -   - 功效列表: 2 条
2025-07-09 11:35:48,102 - INFO -   - 临床应用: 2 条
2025-07-09 11:35:48,102 - INFO -   - 处方用名: 1.灯心草、灯芯草、灯草、白灯草（去皮，晒干用）
2.朱灯心（用朱砂拌匀，有清心安神的作用）
3.青黛拌登心草（用青黛拌匀，增强清热作用）
4.灯心草灰（焖"火段"成黑灰，用于吹喉）
2025-07-09 11:35:48,102 - INFO -   - 用法用量: 三分至一钱，煎服；外用适量。本品质轻，内服用量不宜过大。
2025-07-09 11:35:48,102 - INFO -   - 按语: 0 条
2025-07-09 11:35:48,102 - INFO -   - 方剂举例: 1 条
2025-07-09 11:35:48,102 - INFO -   - 文献摘录: 2 条
2025-07-09 11:35:48,102 - INFO -   - 附药: 0 条
2025-07-09 11:35:48,102 - INFO -   - 图片: 0 张
2025-07-09 11:35:48,103 - INFO - 成功添加药材: 灯心草
2025-07-09 11:35:50,117 - INFO - 正在处理 [139/464] 通草（附：梗通草） (利水渗湿药)
2025-07-09 11:35:50,117 - INFO - 正在解析药材详情: 通草（附：梗通草）, URL: https://www.zysj.com.cn/lilunshuji/zhongyaoxue/1527.html
2025-07-09 11:35:52,502 - INFO - 成功解析药材: 通草（附：梗通草） (利水渗湿药)
2025-07-09 11:35:52,502 - INFO -   - 拼音: 
2025-07-09 11:35:52,502 - INFO -   - 药用部位: 五加科灌木通脱木Tetrapanaxpapyriferus（...
2025-07-09 11:35:52,502 - INFO -   - 性味归经: 甘、淡，寒。归肺、胃经。
2025-07-09 11:35:52,502 - INFO -   - 药性: 寒
2025-07-09 11:35:52,502 - INFO -   - 药味: 甘、淡
2025-07-09 11:35:52,502 - INFO -   - 归经: 肺经, 胃经
2025-07-09 11:35:52,502 - INFO -   - 功效: 清热利水，通乳。
【临床功效】1.用于小便短赤，湿温等症
通...
2025-07-09 11:35:52,502 - INFO -   - 功效列表: 22 条
2025-07-09 11:35:52,502 - INFO -   - 临床应用: 0 条
2025-07-09 11:35:52,503 - INFO -   - 处方用名: 通草、方通草、丝通草、穿方通（去皮，晒干，切碎用）
2025-07-09 11:35:52,503 - INFO -   - 用法用量: 一钱至钱半，煎服。本品质轻，不宜用大量，孕妇禁用。
【附用】梗通草：即豆科植物合盟的茎髓。性味苦、平。归肺、胃经。功效、用量、用法与通草相同。
2025-07-09 11:35:52,503 - INFO -   - 按语: 0 条
2025-07-09 11:35:52,503 - INFO -   - 方剂举例: 1 条
2025-07-09 11:35:52,503 - INFO -   - 文献摘录: 0 条
2025-07-09 11:35:52,503 - INFO -   - 附药: 0 条
2025-07-09 11:35:52,503 - INFO -   - 图片: 0 张
2025-07-09 11:35:52,503 - INFO - 成功添加药材: 通草（附：梗通草）
2025-07-09 11:35:54,508 - INFO - 正在处理 [140/464] 冬葵子 (利水渗湿药)
2025-07-09 11:35:54,508 - INFO - 正在解析药材详情: 冬葵子, URL: https://www.zysj.com.cn/lilunshuji/zhongyaoxue/1528.html
2025-07-09 11:35:56,864 - INFO - 成功解析药材: 冬葵子 (利水渗湿药)
2025-07-09 11:35:56,864 - INFO -   - 拼音: 
2025-07-09 11:35:56,864 - INFO -   - 药用部位: 锦葵科草本植物？？麻Abutilontheophrastii...
2025-07-09 11:35:56,864 - INFO -   - 性味归经: 甘，寒。归大肠、小肠经。
2025-07-09 11:35:56,864 - INFO -   - 药性: 寒
2025-07-09 11:35:56,864 - INFO -   - 药味: 甘
2025-07-09 11:35:56,864 - INFO -   - 归经: 大肠经, 小肠经
2025-07-09 11:35:56,864 - INFO -   - 功效: 清热利水通淋，通乳，润肠。
2025-07-09 11:35:56,865 - INFO -   - 功效列表: 3 条
2025-07-09 11:35:56,865 - INFO -   - 临床应用: 2 条
2025-07-09 11:35:56,865 - INFO -   - 处方用名: 冬葵子（晒干用）
2025-07-09 11:35:56,865 - INFO -   - 用法用量: 一钱至三钱，煎服。
2025-07-09 11:35:56,865 - INFO -   - 按语: 0 条
2025-07-09 11:35:56,865 - INFO -   - 方剂举例: 1 条
2025-07-09 11:35:56,865 - INFO -   - 文献摘录: 0 条
2025-07-09 11:35:56,865 - INFO -   - 附药: 0 条
2025-07-09 11:35:56,865 - INFO -   - 图片: 0 张
2025-07-09 11:35:56,865 - INFO - 成功添加药材: 冬葵子
2025-07-09 11:35:56,870 - INFO - 数据已保存到 zysj_herbal_data.json，当前共 140 条记录
2025-07-09 11:35:58,873 - INFO - 正在处理 [141/464] 车前子（附：车前草） (利水渗湿药)
2025-07-09 11:35:58,874 - INFO - 正在解析药材详情: 车前子（附：车前草）, URL: https://www.zysj.com.cn/lilunshuji/zhongyaoxue/1529.html
2025-07-09 11:36:01,287 - INFO - 成功解析药材: 车前子（附：车前草） (利水渗湿药)
2025-07-09 11:36:01,287 - INFO -   - 拼音: 
2025-07-09 11:36:01,287 - INFO -   - 药用部位: 车前科草植物车前PlantagoasiaticaL.或平车前...
2025-07-09 11:36:01,287 - INFO -   - 性味归经: 甘，寒。归肝、肾、小肠、肺经。
2025-07-09 11:36:01,287 - INFO -   - 药性: 寒
2025-07-09 11:36:01,287 - INFO -   - 药味: 甘
2025-07-09 11:36:01,287 - INFO -   - 归经: 肝经, 肾经, 小肠经, 肺经
2025-07-09 11:36:01,287 - INFO -   - 功效: 清热利水通淋，渗湿止泻，清肝明目，祛痰止咳。
【淋床应用】1...
2025-07-09 11:36:01,287 - INFO -   - 功效列表: 55 条
2025-07-09 11:36:01,287 - INFO -   - 临床应用: 0 条
2025-07-09 11:36:01,287 - INFO -   - 处方用名: 
2025-07-09 11:36:01,287 - INFO -   - 用法用量: 一钱至三钱，包煎。
2025-07-09 11:36:01,287 - INFO -   - 按语: 2 条
2025-07-09 11:36:01,287 - INFO -   - 方剂举例: 1 条
2025-07-09 11:36:01,287 - INFO -   - 文献摘录: 0 条
2025-07-09 11:36:01,287 - INFO -   - 附药: 1 条
2025-07-09 11:36:01,287 - INFO -   - 图片: 0 张
2025-07-09 11:36:01,287 - INFO - 成功添加药材: 车前子（附：车前草）
2025-07-09 11:36:03,301 - INFO - 正在处理 [142/464] 木通 (利水渗湿药)
2025-07-09 11:36:03,301 - INFO - 正在解析药材详情: 木通, URL: https://www.zysj.com.cn/lilunshuji/zhongyaoxue/1530.html
2025-07-09 11:36:05,700 - INFO - 成功解析药材: 木通 (利水渗湿药)
2025-07-09 11:36:05,701 - INFO -   - 拼音: 
2025-07-09 11:36:05,701 - INFO -   - 药用部位: 马兜铃科藤本植物东北马兜铃Aristoloehiamansh...
2025-07-09 11:36:05,701 - INFO -   - 性味归经: 
2025-07-09 11:36:05,701 - INFO -   - 药性: 
2025-07-09 11:36:05,701 - INFO -   - 药味: 
2025-07-09 11:36:05,701 - INFO -   - 归经: 无
2025-07-09 11:36:05,701 - INFO -   - 功效: 清热利水通淋，清泄心火，通乳，利痹。
2025-07-09 11:36:05,701 - INFO -   - 功效列表: 4 条
2025-07-09 11:36:05,701 - INFO -   - 临床应用: 4 条
2025-07-09 11:36:05,701 - INFO -   - 处方用名: 木通、关木通、潼木通（晒干，切片用）
2025-07-09 11:36:05,701 - INFO -   - 用法用量: 一钱至三钱，煎服
2025-07-09 11:36:05,701 - INFO -   - 按语: 4 条
2025-07-09 11:36:05,701 - INFO -   - 方剂举例: 1 条
2025-07-09 11:36:05,701 - INFO -   - 文献摘录: 0 条
2025-07-09 11:36:05,701 - INFO -   - 附药: 0 条
2025-07-09 11:36:05,701 - INFO -   - 图片: 0 张
2025-07-09 11:36:05,702 - INFO - 成功添加药材: 木通
2025-07-09 11:36:07,711 - INFO - 正在处理 [143/464] 滑石 (利水渗湿药)
2025-07-09 11:36:07,711 - INFO - 正在解析药材详情: 滑石, URL: https://www.zysj.com.cn/lilunshuji/zhongyaoxue/1531.html
2025-07-09 11:36:10,084 - INFO - 成功解析药材: 滑石 (利水渗湿药)
2025-07-09 11:36:10,084 - INFO -   - 拼音: 
2025-07-09 11:36:10,084 - INFO -   - 药用部位: ？酸盐类矿物滑石族滑石的矿石
2025-07-09 11:36:10,084 - INFO -   - 性味归经: 甘、淡，寒。归胃、膀胱经。
2025-07-09 11:36:10,084 - INFO -   - 药性: 寒
2025-07-09 11:36:10,084 - INFO -   - 药味: 甘、淡
2025-07-09 11:36:10,084 - INFO -   - 归经: 胃经, 膀胱经
2025-07-09 11:36:10,084 - INFO -   - 功效: 清热利水通淋，清解暑热。
2025-07-09 11:36:10,084 - INFO -   - 功效列表: 2 条
2025-07-09 11:36:10,084 - INFO -   - 临床应用: 2 条
2025-07-09 11:36:10,084 - INFO -   - 处方用名: 
2025-07-09 11:36:10,084 - INFO -   - 用法用量: 三钱至五钱，飞滑石须包煎。外用适量。
2025-07-09 11:36:10,084 - INFO -   - 按语: 2 条
2025-07-09 11:36:10,085 - INFO -   - 方剂举例: 0 条
2025-07-09 11:36:10,085 - INFO -   - 文献摘录: 0 条
2025-07-09 11:36:10,085 - INFO -   - 附药: 0 条
2025-07-09 11:36:10,085 - INFO -   - 图片: 0 张
2025-07-09 11:36:10,085 - INFO - 成功添加药材: 滑石
2025-07-09 11:36:12,088 - INFO - 正在处理 [144/464] 金钱草（附：连钱草） (利水渗湿药)
2025-07-09 11:36:12,088 - INFO - 正在解析药材详情: 金钱草（附：连钱草）, URL: https://www.zysj.com.cn/lilunshuji/zhongyaoxue/1532.html
2025-07-09 11:36:14,510 - INFO - 成功解析药材: 金钱草（附：连钱草） (利水渗湿药)
2025-07-09 11:36:14,510 - INFO -   - 拼音: 
2025-07-09 11:36:14,510 - INFO -   - 药用部位: 报春花科草本植物过路黄Lysimachiachristina...
2025-07-09 11:36:14,510 - INFO -   - 性味归经: 甘、淡，寒。归肝、胆、肾、膀胱等经。
2025-07-09 11:36:14,510 - INFO -   - 药性: 寒
2025-07-09 11:36:14,510 - INFO -   - 药味: 甘、淡
2025-07-09 11:36:14,510 - INFO -   - 归经: 肝经, 胆经, 肾经, 膀胱等经
2025-07-09 11:36:14,510 - INFO -   - 功效: 清热利水通淋，除湿退黄，解毒。
2025-07-09 11:36:14,510 - INFO -   - 功效列表: 3 条
2025-07-09 11:36:14,510 - INFO -   - 临床应用: 3 条
2025-07-09 11:36:14,510 - INFO -   - 处方用名: 金钱草、过路黄（生用或鲜用）
2025-07-09 11:36:14,510 - INFO -   - 用法用量: 五钱至一两，煎服。鲜者加倍，煎服或洗净捣汁饮服。
2025-07-09 11:36:14,510 - INFO -   - 按语: 2 条
2025-07-09 11:36:14,510 - INFO -   - 方剂举例: 1 条
2025-07-09 11:36:14,510 - INFO -   - 文献摘录: 0 条
2025-07-09 11:36:14,511 - INFO -   - 附药: 1 条
2025-07-09 11:36:14,511 - INFO -   - 图片: 0 张
2025-07-09 11:36:14,511 - INFO - 成功添加药材: 金钱草（附：连钱草）
2025-07-09 11:36:16,523 - INFO - 正在处理 [145/464] 海金沙 (利水渗湿药)
2025-07-09 11:36:16,523 - INFO - 正在解析药材详情: 海金沙, URL: https://www.zysj.com.cn/lilunshuji/zhongyaoxue/1533.html
2025-07-09 11:36:18,870 - INFO - 成功解析药材: 海金沙 (利水渗湿药)
2025-07-09 11:36:18,870 - INFO -   - 拼音: 
2025-07-09 11:36:18,870 - INFO -   - 药用部位: 海金沙科蕨类植物海金沙Lygodiumjaponicum（T...
2025-07-09 11:36:18,870 - INFO -   - 性味归经: 甘，寒。归小肠、膀胱经。
2025-07-09 11:36:18,870 - INFO -   - 药性: 寒
2025-07-09 11:36:18,871 - INFO -   - 药味: 甘
2025-07-09 11:36:18,871 - INFO -   - 归经: 小肠经, 膀胱经
2025-07-09 11:36:18,871 - INFO -   - 功效: 清惹利水通淋。
2025-07-09 11:36:18,871 - INFO -   - 功效列表: 1 条
2025-07-09 11:36:18,871 - INFO -   - 临床应用: 2 条
2025-07-09 11:36:18,871 - INFO -   - 处方用名: 
2025-07-09 11:36:18,871 - INFO -   - 用法用量: 三钱至五钱，包煎。
2025-07-09 11:36:18,871 - INFO -   - 按语: 0 条
2025-07-09 11:36:18,871 - INFO -   - 方剂举例: 1 条
2025-07-09 11:36:18,871 - INFO -   - 文献摘录: 0 条
2025-07-09 11:36:18,871 - INFO -   - 附药: 0 条
2025-07-09 11:36:18,871 - INFO -   - 图片: 0 张
2025-07-09 11:36:18,871 - INFO - 成功添加药材: 海金沙
2025-07-09 11:36:18,878 - INFO - 数据已保存到 zysj_herbal_data.json，当前共 145 条记录
2025-07-09 11:36:20,888 - INFO - 正在处理 [146/464] 石苇 (利水渗湿药)
2025-07-09 11:36:20,888 - INFO - 正在解析药材详情: 石苇, URL: https://www.zysj.com.cn/lilunshuji/zhongyaoxue/1534.html
2025-07-09 11:36:23,270 - INFO - 成功解析药材: 石苇 (利水渗湿药)
2025-07-09 11:36:23,270 - INFO -   - 拼音: 
2025-07-09 11:36:23,270 - INFO -   - 药用部位: 水龙骨科草本植物庐山石苇Pyrrosiasheareri（B...
2025-07-09 11:36:23,270 - INFO -   - 性味归经: 苦，甘，微寒。归肺，膀胱经。
2025-07-09 11:36:23,270 - INFO -   - 药性: 微寒
2025-07-09 11:36:23,270 - INFO -   - 药味: 苦、甘
2025-07-09 11:36:23,270 - INFO -   - 归经: 肺经, 膀胱经
2025-07-09 11:36:23,270 - INFO -   - 功效: 清热利水通淋，清肺化痰。
【淋床应用】1.用于热淋，石淋，血...
2025-07-09 11:36:23,270 - INFO -   - 功效列表: 21 条
2025-07-09 11:36:23,270 - INFO -   - 临床应用: 0 条
2025-07-09 11:36:23,270 - INFO -   - 处方用名: 石苇石韦（洗净，晒干，切碎用）
2025-07-09 11:36:23,270 - INFO -   - 用法用量: 一钱至三钱，煎服。
2025-07-09 11:36:23,270 - INFO -   - 按语: 0 条
2025-07-09 11:36:23,270 - INFO -   - 方剂举例: 1 条
2025-07-09 11:36:23,270 - INFO -   - 文献摘录: 0 条
2025-07-09 11:36:23,270 - INFO -   - 附药: 0 条
2025-07-09 11:36:23,270 - INFO -   - 图片: 0 张
2025-07-09 11:36:23,271 - INFO - 成功添加药材: 石苇
2025-07-09 11:36:25,280 - INFO - 正在处理 [147/464] 萹蓄 (利水渗湿药)
2025-07-09 11:36:25,280 - INFO - 正在解析药材详情: 萹蓄, URL: https://www.zysj.com.cn/lilunshuji/zhongyaoxue/1535.html
2025-07-09 11:36:27,671 - INFO - 成功解析药材: 萹蓄 (利水渗湿药)
2025-07-09 11:36:27,671 - INFO -   - 拼音: 
2025-07-09 11:36:27,671 - INFO -   - 药用部位: 蓼科草本植物萹蓄PolygonumaviculareL.的地...
2025-07-09 11:36:27,671 - INFO -   - 性味归经: 苦，寒。归膀胱经。
2025-07-09 11:36:27,671 - INFO -   - 药性: 寒
2025-07-09 11:36:27,671 - INFO -   - 药味: 苦
2025-07-09 11:36:27,671 - INFO -   - 归经: 膀胱经
2025-07-09 11:36:27,671 - INFO -   - 功效: 清热利水通淋，杀虫止痒。
2025-07-09 11:36:27,671 - INFO -   - 功效列表: 2 条
2025-07-09 11:36:27,671 - INFO -   - 临床应用: 2 条
2025-07-09 11:36:27,671 - INFO -   - 处方用名: 萹蓄萹蓄草（洗净，晒干，切碎用）
2025-07-09 11:36:27,671 - INFO -   - 用法用量: 一钱至三钱，大剂量三钱至五钱，煎服。外用适量
2025-07-09 11:36:27,671 - INFO -   - 按语: 0 条
2025-07-09 11:36:27,671 - INFO -   - 方剂举例: 0 条
2025-07-09 11:36:27,671 - INFO -   - 文献摘录: 0 条
2025-07-09 11:36:27,672 - INFO -   - 附药: 0 条
2025-07-09 11:36:27,672 - INFO -   - 图片: 0 张
2025-07-09 11:36:27,672 - INFO - 成功添加药材: 萹蓄
2025-07-09 11:36:29,682 - INFO - 正在处理 [148/464] 瞿麦 (利水渗湿药)
2025-07-09 11:36:29,682 - INFO - 正在解析药材详情: 瞿麦, URL: https://www.zysj.com.cn/lilunshuji/zhongyaoxue/1536.html
2025-07-09 11:36:32,072 - INFO - 成功解析药材: 瞿麦 (利水渗湿药)
2025-07-09 11:36:32,072 - INFO -   - 拼音: 
2025-07-09 11:36:32,072 - INFO -   - 药用部位: 石竹科草本植物瞿麦DianthussuperbusL.或石竹...
2025-07-09 11:36:32,072 - INFO -   - 性味归经: 苦，寒。归心、小肠经。
2025-07-09 11:36:32,072 - INFO -   - 药性: 寒
2025-07-09 11:36:32,072 - INFO -   - 药味: 苦
2025-07-09 11:36:32,072 - INFO -   - 归经: 心经, 小肠经
2025-07-09 11:36:32,072 - INFO -   - 功效: 利水通淋。
2025-07-09 11:36:32,072 - INFO -   - 功效列表: 1 条
2025-07-09 11:36:32,072 - INFO -   - 临床应用: 3 条
2025-07-09 11:36:32,072 - INFO -   - 处方用名: 瞿麦瞿麦穗（洗净，晒干，切碎用）
2025-07-09 11:36:32,072 - INFO -   - 用法用量: 一钱至三钱，煎服。
2025-07-09 11:36:32,072 - INFO -   - 按语: 0 条
2025-07-09 11:36:32,072 - INFO -   - 方剂举例: 1 条
2025-07-09 11:36:32,072 - INFO -   - 文献摘录: 3 条
2025-07-09 11:36:32,072 - INFO -   - 附药: 0 条
2025-07-09 11:36:32,073 - INFO -   - 图片: 0 张
2025-07-09 11:36:32,073 - INFO - 成功添加药材: 瞿麦
2025-07-09 11:36:34,087 - INFO - 正在处理 [149/464] 萆薢 (利水渗湿药)
2025-07-09 11:36:34,087 - INFO - 正在解析药材详情: 萆薢, URL: https://www.zysj.com.cn/lilunshuji/zhongyaoxue/1537.html
2025-07-09 11:36:36,506 - INFO - 成功解析药材: 萆薢 (利水渗湿药)
2025-07-09 11:36:36,506 - INFO -   - 拼音: 
2025-07-09 11:36:36,506 - INFO -   - 药用部位: 薯蓣科草本植物背薯蓣DioscoreahypoglaucaP...
2025-07-09 11:36:36,506 - INFO -   - 性味归经: 苦，平。归肝、胃、膀胱经。
2025-07-09 11:36:36,506 - INFO -   - 药性: 平
2025-07-09 11:36:36,506 - INFO -   - 药味: 苦
2025-07-09 11:36:36,506 - INFO -   - 归经: 肝经, 胃经, 膀胱经
2025-07-09 11:36:36,506 - INFO -   - 功效: 利湿通淋，祛除风湿。
2025-07-09 11:36:36,506 - INFO -   - 功效列表: 2 条
2025-07-09 11:36:36,506 - INFO -   - 临床应用: 2 条
2025-07-09 11:36:36,506 - INFO -   - 处方用名: 1.萆薢、川萆薢、绵萆薢（生用，长于祛风湿）
2.粉萆薢（生用，长于利湿浊）
2025-07-09 11:36:36,506 - INFO -   - 用法用量: 三钱至五钱，煎服。
2025-07-09 11:36:36,506 - INFO -   - 按语: 0 条
2025-07-09 11:36:36,507 - INFO -   - 方剂举例: 1 条
2025-07-09 11:36:36,507 - INFO -   - 文献摘录: 2 条
2025-07-09 11:36:36,507 - INFO -   - 附药: 0 条
2025-07-09 11:36:36,507 - INFO -   - 图片: 0 张
2025-07-09 11:36:36,507 - INFO - 成功添加药材: 萆薢
2025-07-09 11:36:38,518 - INFO - 正在处理 [150/464] 赤小豆 (利水渗湿药)
2025-07-09 11:36:38,518 - INFO - 正在解析药材详情: 赤小豆, URL: https://www.zysj.com.cn/lilunshuji/zhongyaoxue/1538.html
2025-07-09 11:36:40,919 - INFO - 成功解析药材: 赤小豆 (利水渗湿药)
2025-07-09 11:36:40,919 - INFO -   - 拼音: 
2025-07-09 11:36:40,919 - INFO -   - 药用部位: 豆科本草植物赤小豆PhaseoluscalcartusRox...
2025-07-09 11:36:40,919 - INFO -   - 性味归经: 甘、酸，平。归心、小肠经。
2025-07-09 11:36:40,919 - INFO -   - 药性: 平
2025-07-09 11:36:40,919 - INFO -   - 药味: 甘、酸
2025-07-09 11:36:40,919 - INFO -   - 归经: 心经, 小肠经
2025-07-09 11:36:40,919 - INFO -   - 功效: 利水消肿，利湿退黄，消肿排脓。
2025-07-09 11:36:40,919 - INFO -   - 功效列表: 3 条
2025-07-09 11:36:40,919 - INFO -   - 临床应用: 3 条
2025-07-09 11:36:40,919 - INFO -   - 处方用名: 赤小豆、野赤豆、杜赤豆、饭赤豆（洗净，晒干，打碎用）
2025-07-09 11:36:40,919 - INFO -   - 用法用量: 三钱至一两，煎服。外用适量。
2025-07-09 11:36:40,920 - INFO -   - 按语: 0 条
2025-07-09 11:36:40,920 - INFO -   - 方剂举例: 1 条
2025-07-09 11:36:40,920 - INFO -   - 文献摘录: 3 条
2025-07-09 11:36:40,920 - INFO -   - 附药: 0 条
2025-07-09 11:36:40,920 - INFO -   - 图片: 0 张
2025-07-09 11:36:40,920 - INFO - 成功添加药材: 赤小豆
2025-07-09 11:36:40,926 - INFO - 数据已保存到 zysj_herbal_data.json，当前共 150 条记录
2025-07-09 11:36:42,941 - INFO - 正在处理 [151/464] 玉米须 (利水渗湿药)
2025-07-09 11:36:42,941 - INFO - 正在解析药材详情: 玉米须, URL: https://www.zysj.com.cn/lilunshuji/zhongyaoxue/1539.html
2025-07-09 11:36:45,300 - INFO - 成功解析药材: 玉米须 (利水渗湿药)
2025-07-09 11:36:45,301 - INFO -   - 拼音: 
2025-07-09 11:36:45,301 - INFO -   - 药用部位: 禾本科草本植物玉蜀黍ZeamaysL.的花柱和花头。
2025-07-09 11:36:45,301 - INFO -   - 性味归经: 甘、淡，平。归膀胱、肝、胆经。
2025-07-09 11:36:45,301 - INFO -   - 药性: 平
2025-07-09 11:36:45,301 - INFO -   - 药味: 甘、淡
2025-07-09 11:36:45,301 - INFO -   - 归经: 膀胱经, 肝经, 胆经
2025-07-09 11:36:45,301 - INFO -   - 功效: 利水消肿。
2025-07-09 11:36:45,301 - INFO -   - 功效列表: 1 条
2025-07-09 11:36:45,301 - INFO -   - 临床应用: 3 条
2025-07-09 11:36:45,301 - INFO -   - 处方用名: 玉米须（晒干用）
2025-07-09 11:36:45,302 - INFO -   - 用法用量: 三钱至一两，煎服。
2025-07-09 11:36:45,302 - INFO -   - 按语: 0 条
2025-07-09 11:36:45,302 - INFO -   - 方剂举例: 1 条
2025-07-09 11:36:45,302 - INFO -   - 文献摘录: 0 条
2025-07-09 11:36:45,302 - INFO -   - 附药: 0 条
2025-07-09 11:36:45,302 - INFO -   - 图片: 0 张
2025-07-09 11:36:45,302 - INFO - 成功添加药材: 玉米须
2025-07-09 11:36:47,310 - INFO - 正在处理 [152/464] 葫芦壳 (利水渗湿药)
2025-07-09 11:36:47,310 - INFO - 正在解析药材详情: 葫芦壳, URL: https://www.zysj.com.cn/lilunshuji/zhongyaoxue/1540.html
2025-07-09 11:36:49,665 - INFO - 成功解析药材: 葫芦壳 (利水渗湿药)
2025-07-09 11:36:49,665 - INFO -   - 拼音: 
2025-07-09 11:36:49,665 - INFO -   - 药用部位: 葫芦科草本植物瓢瓜Lagenariasiceraria（Mo...
2025-07-09 11:36:49,665 - INFO -   - 性味归经: 甘，平。归心、小肠经。
2025-07-09 11:36:49,665 - INFO -   - 药性: 平
2025-07-09 11:36:49,665 - INFO -   - 药味: 甘
2025-07-09 11:36:49,665 - INFO -   - 归经: 心经, 小肠经
2025-07-09 11:36:49,665 - INFO -   - 功效: 利水消肿
2025-07-09 11:36:49,665 - INFO -   - 功效列表: 1 条
2025-07-09 11:36:49,665 - INFO -   - 临床应用: 2 条
2025-07-09 11:36:49,665 - INFO -   - 处方用名: 葫芦壳、陈葫芦（洗净，晒干，切碎用）
2025-07-09 11:36:49,665 - INFO -   - 用法用量: 三钱至一两，煎服。
2025-07-09 11:36:49,666 - INFO -   - 按语: 0 条
2025-07-09 11:36:49,666 - INFO -   - 方剂举例: 0 条
2025-07-09 11:36:49,666 - INFO -   - 文献摘录: 0 条
2025-07-09 11:36:49,666 - INFO -   - 附药: 0 条
2025-07-09 11:36:49,666 - INFO -   - 图片: 0 张
2025-07-09 11:36:49,666 - INFO - 成功添加药材: 葫芦壳
2025-07-09 11:36:51,680 - INFO - 正在处理 [153/464] 冬瓜皮（附：冬瓜子） (利水渗湿药)
2025-07-09 11:36:51,680 - INFO - 正在解析药材详情: 冬瓜皮（附：冬瓜子）, URL: https://www.zysj.com.cn/lilunshuji/zhongyaoxue/1541.html
2025-07-09 11:36:54,085 - INFO - 成功解析药材: 冬瓜皮（附：冬瓜子） (利水渗湿药)
2025-07-09 11:36:54,085 - INFO -   - 拼音: 
2025-07-09 11:36:54,085 - INFO -   - 药用部位: 葫芦科草本植物冬瓜Benincasahispida（Thum...
2025-07-09 11:36:54,085 - INFO -   - 性味归经: 甘，微寒。归脾、胃、大肠、小肠经。
2025-07-09 11:36:54,085 - INFO -   - 药性: 微寒
2025-07-09 11:36:54,085 - INFO -   - 药味: 甘
2025-07-09 11:36:54,085 - INFO -   - 归经: 脾经, 胃经, 大肠经, 小肠经
2025-07-09 11:36:54,085 - INFO -   - 功效: 利水消肿
2025-07-09 11:36:54,085 - INFO -   - 功效列表: 1 条
2025-07-09 11:36:54,085 - INFO -   - 临床应用: 2 条
2025-07-09 11:36:54,085 - INFO -   - 处方用名: 冬瓜皮（洗净，晒干，切碎用）
2025-07-09 11:36:54,085 - INFO -   - 用法用量: 三钱至一两，煎服。
2025-07-09 11:36:54,085 - INFO -   - 按语: 0 条
2025-07-09 11:36:54,085 - INFO -   - 方剂举例: 0 条
2025-07-09 11:36:54,085 - INFO -   - 文献摘录: 0 条
2025-07-09 11:36:54,085 - INFO -   - 附药: 1 条
2025-07-09 11:36:54,085 - INFO -   - 图片: 0 张
2025-07-09 11:36:54,085 - INFO - 成功添加药材: 冬瓜皮（附：冬瓜子）
2025-07-09 11:36:56,095 - INFO - 正在处理 [154/464] 泽漆 (利水渗湿药)
2025-07-09 11:36:56,096 - INFO - 正在解析药材详情: 泽漆, URL: https://www.zysj.com.cn/lilunshuji/zhongyaoxue/1542.html
2025-07-09 11:36:58,455 - INFO - 成功解析药材: 泽漆 (利水渗湿药)
2025-07-09 11:36:58,456 - INFO -   - 拼音: 
2025-07-09 11:36:58,456 - INFO -   - 药用部位: 大戟科草本植物泽漆EuphorbiahelioscopiaL...
2025-07-09 11:36:58,456 - INFO -   - 性味归经: 辛、苦，微寒；有毒。归肺、小肠、大肠经。
2025-07-09 11:36:58,456 - INFO -   - 药性: 微寒
2025-07-09 11:36:58,456 - INFO -   - 药味: 辛、苦
2025-07-09 11:36:58,456 - INFO -   - 归经: 肺经, 小肠经, 大肠经
2025-07-09 11:36:58,456 - INFO -   - 功效: 利水消肿，化痰散结。
2025-07-09 11:36:58,456 - INFO -   - 功效列表: 2 条
2025-07-09 11:36:58,456 - INFO -   - 临床应用: 2 条
2025-07-09 11:36:58,456 - INFO -   - 处方用名: 泽漆（洗净，晒干，切碎用）
2025-07-09 11:36:58,456 - INFO -   - 用法用量: 三钱至五钱，煎服，外用适量。
2025-07-09 11:36:58,456 - INFO -   - 按语: 0 条
2025-07-09 11:36:58,456 - INFO -   - 方剂举例: 1 条
2025-07-09 11:36:58,456 - INFO -   - 文献摘录: 0 条
2025-07-09 11:36:58,456 - INFO -   - 附药: 0 条
2025-07-09 11:36:58,456 - INFO -   - 图片: 0 张
2025-07-09 11:36:58,456 - INFO - 成功添加药材: 泽漆
2025-07-09 11:37:00,459 - INFO - 正在处理 [155/464] 蝼蛄 (利水渗湿药)
2025-07-09 11:37:00,459 - INFO - 正在解析药材详情: 蝼蛄, URL: https://www.zysj.com.cn/lilunshuji/zhongyaoxue/1543.html
2025-07-09 11:37:02,840 - INFO - 成功解析药材: 蝼蛄 (利水渗湿药)
2025-07-09 11:37:02,840 - INFO -   - 拼音: 
2025-07-09 11:37:02,840 - INFO -   - 药用部位: 蝼蛄科昆虫蝼蛄GryllotalpaafricanaPali...
2025-07-09 11:37:02,840 - INFO -   - 性味归经: 咸，寒。有小毒。归膀胱、大肠、小肠经。
2025-07-09 11:37:02,840 - INFO -   - 药性: 寒
2025-07-09 11:37:02,840 - INFO -   - 药味: 咸
2025-07-09 11:37:02,840 - INFO -   - 归经: 膀胱经, 大肠经, 小肠经
2025-07-09 11:37:02,840 - INFO -   - 功效: 利水消肿。
2025-07-09 11:37:02,840 - INFO -   - 功效列表: 1 条
2025-07-09 11:37:02,840 - INFO -   - 临床应用: 2 条
2025-07-09 11:37:02,840 - INFO -   - 处方用名: 蝼蛄（晒干用）
2025-07-09 11:37:02,840 - INFO -   - 用法用量: 三至五只，煎服。研末服，每次一至二只。体虚者不宜用。
2025-07-09 11:37:02,840 - INFO -   - 按语: 0 条
2025-07-09 11:37:02,840 - INFO -   - 方剂举例: 1 条
2025-07-09 11:37:02,840 - INFO -   - 文献摘录: 0 条
2025-07-09 11:37:02,841 - INFO -   - 附药: 0 条
2025-07-09 11:37:02,841 - INFO -   - 图片: 0 张
2025-07-09 11:37:02,841 - INFO - 成功添加药材: 蝼蛄
2025-07-09 11:37:02,848 - INFO - 数据已保存到 zysj_herbal_data.json，当前共 155 条记录
2025-07-09 11:37:04,851 - INFO - 正在处理 [156/464] 茵陈蒿（附：铃茵陈） (利水渗湿药)
2025-07-09 11:37:04,851 - INFO - 正在解析药材详情: 茵陈蒿（附：铃茵陈）, URL: https://www.zysj.com.cn/lilunshuji/zhongyaoxue/1544.html
2025-07-09 11:37:07,230 - INFO - 成功解析药材: 茵陈蒿（附：铃茵陈） (利水渗湿药)
2025-07-09 11:37:07,230 - INFO -   - 拼音: 
2025-07-09 11:37:07,230 - INFO -   - 药用部位: 菊科草本植物滨蒿ArtemisiascopariaWalds...
2025-07-09 11:37:07,230 - INFO -   - 性味归经: 苦，微寒。归脾、胃、肝、胆经。
2025-07-09 11:37:07,230 - INFO -   - 药性: 微寒
2025-07-09 11:37:07,230 - INFO -   - 药味: 苦
2025-07-09 11:37:07,230 - INFO -   - 归经: 脾经, 胃经, 肝经, 胆经
2025-07-09 11:37:07,230 - INFO -   - 功效: 清热利湿，退黄疸。
2025-07-09 11:37:07,230 - INFO -   - 功效列表: 2 条
2025-07-09 11:37:07,230 - INFO -   - 临床应用: 2 条
2025-07-09 11:37:07,230 - INFO -   - 处方用名: 茵陈蒿、茵陈、绵茵陈、西茵陈（洗净，晒干，切碎用）
2025-07-09 11:37:07,230 - INFO -   - 用法用量: 三钱至一两，煎服。
2025-07-09 11:37:07,230 - INFO -   - 按语: 3 条
2025-07-09 11:37:07,230 - INFO -   - 方剂举例: 1 条
2025-07-09 11:37:07,230 - INFO -   - 文献摘录: 3 条
2025-07-09 11:37:07,230 - INFO -   - 附药: 1 条
2025-07-09 11:37:07,230 - INFO -   - 图片: 0 张
2025-07-09 11:37:07,230 - INFO - 成功添加药材: 茵陈蒿（附：铃茵陈）
2025-07-09 11:37:09,241 - INFO - 正在处理 [157/464] 藿香 (化湿药)
2025-07-09 11:37:09,241 - INFO - 正在解析药材详情: 藿香, URL: https://www.zysj.com.cn/lilunshuji/zhongyaoxue/1550.html
2025-07-09 11:37:11,594 - INFO - 成功解析药材: 藿香 (化湿药)
2025-07-09 11:37:11,595 - INFO -   - 拼音: 
2025-07-09 11:37:11,595 - INFO -   - 药用部位: 唇形科草本植物广藿香Pogostemincablin（Bla...
2025-07-09 11:37:11,595 - INFO -   - 性味归经: 辛，温。归脾、胃、肺经。
2025-07-09 11:37:11,595 - INFO -   - 药性: 温
2025-07-09 11:37:11,595 - INFO -   - 药味: 辛
2025-07-09 11:37:11,595 - INFO -   - 归经: 脾经, 胃经, 肺经
2025-07-09 11:37:11,596 - INFO -   - 功效: 化脾醒湿，辟秽和中，解暑，发表。
2025-07-09 11:37:11,596 - INFO -   - 功效列表: 4 条
2025-07-09 11:37:11,596 - INFO -   - 临床应用: 4 条
2025-07-09 11:37:11,596 - INFO -   - 处方用名: 藿香、土藿香（洗净，晒干，切碎用）
广藿香（产广东者，一般认为功效较好。洗净，晒干，切碎用）
鲜藿香（新鲜者，洗净，切碎用。主要用于解暑）
2025-07-09 11:37:11,596 - INFO -   - 用法用量: 一钱至三钱，鲜者加倍，煎服。
2025-07-09 11:37:11,596 - INFO -   - 按语: 3 条
2025-07-09 11:37:11,596 - INFO -   - 方剂举例: 1 条
2025-07-09 11:37:11,597 - INFO -   - 文献摘录: 0 条
2025-07-09 11:37:11,597 - INFO -   - 附药: 0 条
2025-07-09 11:37:11,597 - INFO -   - 图片: 0 张
2025-07-09 11:37:11,597 - INFO - 成功添加药材: 藿香
2025-07-09 11:37:13,608 - INFO - 正在处理 [158/464] 佩兰 (化湿药)
2025-07-09 11:37:13,608 - INFO - 正在解析药材详情: 佩兰, URL: https://www.zysj.com.cn/lilunshuji/zhongyaoxue/1551.html
2025-07-09 11:37:15,987 - INFO - 成功解析药材: 佩兰 (化湿药)
2025-07-09 11:37:15,987 - INFO -   - 拼音: 
2025-07-09 11:37:15,987 - INFO -   - 药用部位: 菊科草本植物佩兰EurpatoriumfortuneiTur...
2025-07-09 11:37:15,987 - INFO -   - 性味归经: 辛，平。归脾、胃经。
2025-07-09 11:37:15,987 - INFO -   - 药性: 平
2025-07-09 11:37:15,987 - INFO -   - 药味: 辛
2025-07-09 11:37:15,987 - INFO -   - 归经: 脾经, 胃经
2025-07-09 11:37:15,987 - INFO -   - 功效: 化湿醒脾，解暑。
2025-07-09 11:37:15,987 - INFO -   - 功效列表: 2 条
2025-07-09 11:37:15,987 - INFO -   - 临床应用: 2 条
2025-07-09 11:37:15,987 - INFO -   - 处方用名: 佩兰、佩兰叶、陈佩兰（洗净，晒干，切碎用）、鲜佩兰（新鲜者，洗净，切碎用。主要用以解暑）
2025-07-09 11:37:15,987 - INFO -   - 用法用量: 一钱至三钱，鲜者加倍，煎服。
2025-07-09 11:37:15,988 - INFO -   - 按语: 2 条
2025-07-09 11:37:15,988 - INFO -   - 方剂举例: 1 条
2025-07-09 11:37:15,988 - INFO -   - 文献摘录: 3 条
2025-07-09 11:37:15,988 - INFO -   - 附药: 0 条
2025-07-09 11:37:15,988 - INFO -   - 图片: 0 张
2025-07-09 11:37:15,988 - INFO - 成功添加药材: 佩兰
2025-07-09 11:37:17,998 - INFO - 正在处理 [159/464] 苍朮 (化湿药)
2025-07-09 11:37:17,998 - INFO - 正在解析药材详情: 苍朮, URL: https://www.zysj.com.cn/lilunshuji/zhongyaoxue/1554.html
2025-07-09 11:37:20,367 - INFO - 成功解析药材: 苍朮 (化湿药)
2025-07-09 11:37:20,367 - INFO -   - 拼音: 
2025-07-09 11:37:20,367 - INFO -   - 药用部位: 菊科草本植物茅苍朮Atractlodeslancea（Thu...
2025-07-09 11:37:20,367 - INFO -   - 性味归经: 辛、苦，温。归脾、胃经。
2025-07-09 11:37:20,367 - INFO -   - 药性: 温
2025-07-09 11:37:20,367 - INFO -   - 药味: 辛、苦
2025-07-09 11:37:20,367 - INFO -   - 归经: 脾经, 胃经
2025-07-09 11:37:20,367 - INFO -   - 功效: 燥湿健脾，祛风湿，解表，明目。
2025-07-09 11:37:20,367 - INFO -   - 功效列表: 4 条
2025-07-09 11:37:20,367 - INFO -   - 临床应用: 4 条
2025-07-09 11:37:20,367 - INFO -   - 处方用名: 制苍朮（用米泔水浸透，再蒸黑，减少辛燥之性。）
炒苍朮（用麸皮拌炒至微黄色为度，减少它辛燥之性。）
生苍朮（用米泔水浸润，切片，晒干。药性较辛燥。）
茅朮、炒茅朮、焦茅朮、灸茅朮（麸皮拌炒）
2025-07-09 11:37:20,367 - INFO -   - 用法用量: 一钱至三钱，煎服。
2025-07-09 11:37:20,368 - INFO -   - 按语: 2 条
2025-07-09 11:37:20,368 - INFO -   - 方剂举例: 1 条
2025-07-09 11:37:20,368 - INFO -   - 文献摘录: 3 条
2025-07-09 11:37:20,368 - INFO -   - 附药: 0 条
2025-07-09 11:37:20,368 - INFO -   - 图片: 0 张
2025-07-09 11:37:20,368 - INFO - 成功添加药材: 苍朮
2025-07-09 11:37:22,377 - INFO - 正在处理 [160/464] 厚朴（附：厚朴花） (化湿药)
2025-07-09 11:37:22,377 - INFO - 正在解析药材详情: 厚朴（附：厚朴花）, URL: https://www.zysj.com.cn/lilunshuji/zhongyaoxue/1555.html
2025-07-09 11:37:24,785 - INFO - 成功解析药材: 厚朴（附：厚朴花） (化湿药)
2025-07-09 11:37:24,785 - INFO -   - 拼音: 
2025-07-09 11:37:24,785 - INFO -   - 药用部位: 木兰科乔木厚朴MagnoliaofficinalisRshd...
2025-07-09 11:37:24,785 - INFO -   - 性味归经: 苦、辛，温。归脾、胃、肺、大肠经。
2025-07-09 11:37:24,786 - INFO -   - 药性: 温
2025-07-09 11:37:24,786 - INFO -   - 药味: 苦、辛
2025-07-09 11:37:24,786 - INFO -   - 归经: 脾经, 胃经, 肺经, 大肠经
2025-07-09 11:37:24,786 - INFO -   - 功效: 燥湿行气，降逆平喘。
2025-07-09 11:37:24,786 - INFO -   - 功效列表: 2 条
2025-07-09 11:37:24,786 - INFO -   - 临床应用: 2 条
2025-07-09 11:37:24,786 - INFO -   - 处方用名: 厚朴、制川朴、制厚朴（用生姜、苏叶煎汁，趁热拌入，吸匀拌透，干燥后用。以增强温中散寒之功。）
2025-07-09 11:37:24,786 - INFO -   - 用法用量: 一钱至三钱，煎服。
2025-07-09 11:37:24,786 - INFO -   - 按语: 2 条
2025-07-09 11:37:24,786 - INFO -   - 方剂举例: 1 条
2025-07-09 11:37:24,786 - INFO -   - 文献摘录: 3 条
2025-07-09 11:37:24,786 - INFO -   - 附药: 1 条
2025-07-09 11:37:24,786 - INFO -   - 图片: 0 张
2025-07-09 11:37:24,786 - INFO - 成功添加药材: 厚朴（附：厚朴花）
2025-07-09 11:37:24,793 - INFO - 数据已保存到 zysj_herbal_data.json，当前共 160 条记录
2025-07-09 11:37:26,806 - INFO - 正在处理 [161/464] 草豆蔻 (化湿药)
2025-07-09 11:37:26,806 - INFO - 正在解析药材详情: 草豆蔻, URL: https://www.zysj.com.cn/lilunshuji/zhongyaoxue/1556.html
2025-07-09 11:37:29,211 - INFO - 成功解析药材: 草豆蔻 (化湿药)
2025-07-09 11:37:29,211 - INFO -   - 拼音: 
2025-07-09 11:37:29,211 - INFO -   - 药用部位: 姜科草本植物草豆蔻AlpiniaKatsumadaiHaya...
2025-07-09 11:37:29,211 - INFO -   - 性味归经: 辛，温。归脾、胃经。
2025-07-09 11:37:29,211 - INFO -   - 药性: 温
2025-07-09 11:37:29,211 - INFO -   - 药味: 辛
2025-07-09 11:37:29,211 - INFO -   - 归经: 脾经, 胃经
2025-07-09 11:37:29,212 - INFO -   - 功效: 燥湿行气，温胃止呕。
2025-07-09 11:37:29,212 - INFO -   - 功效列表: 2 条
2025-07-09 11:37:29,212 - INFO -   - 临床应用: 2 条
2025-07-09 11:37:29,212 - INFO -   - 处方用名: 草豆蔻（打碎用）
2025-07-09 11:37:29,212 - INFO -   - 用法用量: 一钱至二钱，煎服。
2025-07-09 11:37:29,212 - INFO -   - 按语: 0 条
2025-07-09 11:37:29,212 - INFO -   - 方剂举例: 1 条
2025-07-09 11:37:29,212 - INFO -   - 文献摘录: 3 条
2025-07-09 11:37:29,212 - INFO -   - 附药: 0 条
2025-07-09 11:37:29,212 - INFO -   - 图片: 0 张
2025-07-09 11:37:29,212 - INFO - 成功添加药材: 草豆蔻
2025-07-09 11:37:31,222 - INFO - 正在处理 [162/464] 草果 (化湿药)
2025-07-09 11:37:31,222 - INFO - 正在解析药材详情: 草果, URL: https://www.zysj.com.cn/lilunshuji/zhongyaoxue/1557.html
2025-07-09 11:37:33,612 - INFO - 成功解析药材: 草果 (化湿药)
2025-07-09 11:37:33,612 - INFO -   - 拼音: 
2025-07-09 11:37:33,612 - INFO -   - 药用部位: 姜科草本植物草果Amomumtaso-kocrevostet...
2025-07-09 11:37:33,612 - INFO -   - 性味归经: 辛，温。归脾、胃经。
2025-07-09 11:37:33,612 - INFO -   - 药性: 温
2025-07-09 11:37:33,612 - INFO -   - 药味: 辛
2025-07-09 11:37:33,612 - INFO -   - 归经: 脾经, 胃经
2025-07-09 11:37:33,612 - INFO -   - 功效: 燥湿散寒，截疟。
2025-07-09 11:37:33,612 - INFO -   - 功效列表: 2 条
2025-07-09 11:37:33,612 - INFO -   - 临床应用: 2 条
2025-07-09 11:37:33,612 - INFO -   - 处方用名: 草果、草果仁、炒草果仁（炒，打碎用）
2025-07-09 11:37:33,612 - INFO -   - 用法用量: 一钱至二钱，煎服。
2025-07-09 11:37:33,612 - INFO -   - 按语: 0 条
2025-07-09 11:37:33,612 - INFO -   - 方剂举例: 1 条
2025-07-09 11:37:33,612 - INFO -   - 文献摘录: 3 条
2025-07-09 11:37:33,612 - INFO -   - 附药: 0 条
2025-07-09 11:37:33,612 - INFO -   - 图片: 0 张
2025-07-09 11:37:33,612 - INFO - 成功添加药材: 草果
2025-07-09 11:37:35,617 - INFO - 正在处理 [163/464] 独活 (祛风湿药)
2025-07-09 11:37:35,618 - INFO - 正在解析药材详情: 独活, URL: https://www.zysj.com.cn/lilunshuji/zhongyaoxue/1561.html
2025-07-09 11:37:37,994 - INFO - 成功解析药材: 独活 (祛风湿药)
2025-07-09 11:37:37,994 - INFO -   - 拼音: 
2025-07-09 11:37:37,994 - INFO -   - 药用部位: 伞形科草本植物重齿毛当归AngelicapubescenaM...
2025-07-09 11:37:37,994 - INFO -   - 性味归经: 辛、温，微苦。归肝、肾、膀胱经。
2025-07-09 11:37:37,994 - INFO -   - 药性: 
2025-07-09 11:37:37,994 - INFO -   - 药味: 辛、温、微苦
2025-07-09 11:37:37,994 - INFO -   - 归经: 肝经, 肾经, 膀胱经
2025-07-09 11:37:37,994 - INFO -   - 功效: 祛除风湿，散寒解表。
2025-07-09 11:37:37,994 - INFO -   - 功效列表: 2 条
2025-07-09 11:37:37,994 - INFO -   - 临床应用: 2 条
2025-07-09 11:37:37,994 - INFO -   - 处方用名: 独活、川独活（洗净，晒干，切碎用）
2025-07-09 11:37:37,994 - INFO -   - 用法用量: 一钱至三钱，煎服。
2025-07-09 11:37:37,995 - INFO -   - 按语: 2 条
2025-07-09 11:37:37,995 - INFO -   - 方剂举例: 1 条
2025-07-09 11:37:37,995 - INFO -   - 文献摘录: 5 条
2025-07-09 11:37:37,995 - INFO -   - 附药: 0 条
2025-07-09 11:37:37,995 - INFO -   - 图片: 0 张
2025-07-09 11:37:37,995 - INFO - 成功添加药材: 独活
2025-07-09 11:37:40,004 - INFO - 正在处理 [164/464] 威灵仙 (祛风湿药)
2025-07-09 11:37:40,004 - INFO - 正在解析药材详情: 威灵仙, URL: https://www.zysj.com.cn/lilunshuji/zhongyaoxue/1562.html
2025-07-09 11:37:42,420 - INFO - 成功解析药材: 威灵仙 (祛风湿药)
2025-07-09 11:37:42,420 - INFO -   - 拼音: 
2025-07-09 11:37:42,421 - INFO -   - 药用部位: 毛茛科植物威灵仙ClematischinensisOsbec...
2025-07-09 11:37:42,421 - INFO -   - 性味归经: 辛、咸，温。归膀胱经。
2025-07-09 11:37:42,421 - INFO -   - 药性: 温
2025-07-09 11:37:42,421 - INFO -   - 药味: 辛、咸
2025-07-09 11:37:42,421 - INFO -   - 归经: 膀胱经
2025-07-09 11:37:42,421 - INFO -   - 功效: 祛除风湿，治骨鲠。
2025-07-09 11:37:42,421 - INFO -   - 功效列表: 2 条
2025-07-09 11:37:42,421 - INFO -   - 临床应用: 2 条
2025-07-09 11:37:42,421 - INFO -   - 处方用名: 威灵仙（洗净，晒干，切碎用）
2025-07-09 11:37:42,421 - INFO -   - 用法用量: 一钱至三钱，煎服。
2025-07-09 11:37:42,421 - INFO -   - 按语: 0 条
2025-07-09 11:37:42,421 - INFO -   - 方剂举例: 1 条
2025-07-09 11:37:42,421 - INFO -   - 文献摘录: 3 条
2025-07-09 11:37:42,421 - INFO -   - 附药: 0 条
2025-07-09 11:37:42,421 - INFO -   - 图片: 0 张
2025-07-09 11:37:42,421 - INFO - 成功添加药材: 威灵仙
2025-07-09 11:37:44,435 - INFO - 正在处理 [165/464] 秦艽 (祛风湿药)
2025-07-09 11:37:44,435 - INFO - 正在解析药材详情: 秦艽, URL: https://www.zysj.com.cn/lilunshuji/zhongyaoxue/1563.html
2025-07-09 11:37:46,834 - INFO - 成功解析药材: 秦艽 (祛风湿药)
2025-07-09 11:37:46,834 - INFO -   - 拼音: 
2025-07-09 11:37:46,834 - INFO -   - 药用部位: 龙胆科草本植物秦艽GentianamacrophyllaPa...
2025-07-09 11:37:46,834 - INFO -   - 性味归经: 苦、辛，平。归胃、肝、胆经。
2025-07-09 11:37:46,834 - INFO -   - 药性: 平
2025-07-09 11:37:46,834 - INFO -   - 药味: 苦、辛
2025-07-09 11:37:46,834 - INFO -   - 归经: 胃经, 肝经, 胆经
2025-07-09 11:37:46,834 - INFO -   - 功效: 祛除风湿，退黄胆，除虚热。
2025-07-09 11:37:46,834 - INFO -   - 功效列表: 3 条
2025-07-09 11:37:46,834 - INFO -   - 临床应用: 3 条
2025-07-09 11:37:46,834 - INFO -   - 处方用名: 秦艽、西秦艽、左秦艽（洗净，晒干，切片用）
2025-07-09 11:37:46,834 - INFO -   - 用法用量: 一钱至三钱，煎服。
2025-07-09 11:37:46,835 - INFO -   - 按语: 2 条
2025-07-09 11:37:46,835 - INFO -   - 方剂举例: 1 条
2025-07-09 11:37:46,835 - INFO -   - 文献摘录: 6 条
2025-07-09 11:37:46,835 - INFO -   - 附药: 0 条
2025-07-09 11:37:46,835 - INFO -   - 图片: 0 张
2025-07-09 11:37:46,835 - INFO - 成功添加药材: 秦艽
2025-07-09 11:37:46,843 - INFO - 数据已保存到 zysj_herbal_data.json，当前共 165 条记录
2025-07-09 11:37:48,849 - INFO - 正在处理 [166/464] 防己 (祛风湿药)
2025-07-09 11:37:48,850 - INFO - 正在解析药材详情: 防己, URL: https://www.zysj.com.cn/lilunshuji/zhongyaoxue/1564.html
2025-07-09 11:37:51,255 - INFO - 成功解析药材: 防己 (祛风湿药)
2025-07-09 11:37:51,256 - INFO -   - 拼音: 
2025-07-09 11:37:51,256 - INFO -   - 药用部位: 防己科藤本植物粉防己StephaniatetrandraMo...
2025-07-09 11:37:51,256 - INFO -   - 性味归经: 苦、辛，寒。归膀胱、肺经。
2025-07-09 11:37:51,256 - INFO -   - 药性: 寒
2025-07-09 11:37:51,256 - INFO -   - 药味: 苦、辛
2025-07-09 11:37:51,256 - INFO -   - 归经: 膀胱经, 肺经
2025-07-09 11:37:51,256 - INFO -   - 功效: 祛除风湿，利水消肿。
2025-07-09 11:37:51,256 - INFO -   - 功效列表: 2 条
2025-07-09 11:37:51,256 - INFO -   - 临床应用: 2 条
2025-07-09 11:37:51,256 - INFO -   - 处方用名: 汉防己、粉防己（长于利水，亦能祛风。洗净，晒干，切碎用）、木防己、广防己（长于祛风，亦能利水。洗净，晒干，切碎用）
2025-07-09 11:37:51,256 - INFO -   - 用法用量: 一钱至三钱，煎服。
2025-07-09 11:37:51,256 - INFO -   - 按语: 2 条
2025-07-09 11:37:51,256 - INFO -   - 方剂举例: 0 条
2025-07-09 11:37:51,256 - INFO -   - 文献摘录: 2 条
2025-07-09 11:37:51,256 - INFO -   - 附药: 0 条
2025-07-09 11:37:51,256 - INFO -   - 图片: 0 张
2025-07-09 11:37:51,256 - INFO - 成功添加药材: 防己
2025-07-09 11:37:53,258 - INFO - 正在处理 [167/464] 臭梧桐 (祛风湿药)
2025-07-09 11:37:53,258 - INFO - 正在解析药材详情: 臭梧桐, URL: https://www.zysj.com.cn/lilunshuji/zhongyaoxue/1565.html
2025-07-09 11:37:55,650 - INFO - 成功解析药材: 臭梧桐 (祛风湿药)
2025-07-09 11:37:55,650 - INFO -   - 拼音: 
2025-07-09 11:37:55,650 - INFO -   - 药用部位: 马鞭草科灌木或小乔木海州常山clerodendrumtric...
2025-07-09 11:37:55,650 - INFO -   - 性味归经: 辛、苦，寒。归肝经。
2025-07-09 11:37:55,650 - INFO -   - 药性: 寒
2025-07-09 11:37:55,650 - INFO -   - 药味: 辛、苦
2025-07-09 11:37:55,650 - INFO -   - 归经: 肝经
2025-07-09 11:37:55,650 - INFO -   - 功效: 祛除风湿，降压。
2025-07-09 11:37:55,650 - INFO -   - 功效列表: 2 条
2025-07-09 11:37:55,650 - INFO -   - 临床应用: 2 条
2025-07-09 11:37:55,650 - INFO -   - 处方用名: 臭梧桐（晒干用）
2025-07-09 11:37:55,650 - INFO -   - 用法用量: 一钱至三钱，煎服。如研粉吞服，每服三克，日服三次。外用适量。
2025-07-09 11:37:55,650 - INFO -   - 按语: 0 条
2025-07-09 11:37:55,650 - INFO -   - 方剂举例: 0 条
2025-07-09 11:37:55,650 - INFO -   - 文献摘录: 1 条
2025-07-09 11:37:55,650 - INFO -   - 附药: 0 条
2025-07-09 11:37:55,650 - INFO -   - 图片: 0 张
2025-07-09 11:37:55,650 - INFO - 成功添加药材: 臭梧桐
2025-07-09 11:37:57,660 - INFO - 正在处理 [168/464] 老鹤草 (祛风湿药)
2025-07-09 11:37:57,660 - INFO - 正在解析药材详情: 老鹤草, URL: https://www.zysj.com.cn/lilunshuji/zhongyaoxue/1566.html
2025-07-09 11:38:00,002 - INFO - 成功解析药材: 老鹤草 (祛风湿药)
2025-07-09 11:38:00,002 - INFO -   - 拼音: 
2025-07-09 11:38:00,002 - INFO -   - 药用部位: ？？牛儿苗科草本植物？？牛儿苗Erodiumstephani...
2025-07-09 11:38:00,002 - INFO -   - 性味归经: 苦、为辛，平。归肝、肾、大肠经。
2025-07-09 11:38:00,003 - INFO -   - 药性: 平
2025-07-09 11:38:00,003 - INFO -   - 药味: 苦、为辛
2025-07-09 11:38:00,003 - INFO -   - 归经: 肝经, 肾经, 大肠经
2025-07-09 11:38:00,003 - INFO -   - 功效: 祛除风湿。
2025-07-09 11:38:00,003 - INFO -   - 功效列表: 1 条
2025-07-09 11:38:00,003 - INFO -   - 临床应用: 3 条
2025-07-09 11:38:00,003 - INFO -   - 处方用名: 老鹤草（洗净，晒干，切碎用）
2025-07-09 11:38:00,003 - INFO -   - 用法用量: 三钱至五钱，煎服。
2025-07-09 11:38:00,003 - INFO -   - 按语: 0 条
2025-07-09 11:38:00,003 - INFO -   - 方剂举例: 0 条
2025-07-09 11:38:00,003 - INFO -   - 文献摘录: 2 条
2025-07-09 11:38:00,003 - INFO -   - 附药: 0 条
2025-07-09 11:38:00,003 - INFO -   - 图片: 0 张
2025-07-09 11:38:00,003 - INFO - 成功添加药材: 老鹤草
2025-07-09 11:38:02,014 - INFO - 正在处理 [169/464] 虎杖 (祛风湿药)
2025-07-09 11:38:02,014 - INFO - 正在解析药材详情: 虎杖, URL: https://www.zysj.com.cn/lilunshuji/zhongyaoxue/1567.html
2025-07-09 11:38:04,367 - INFO - 成功解析药材: 虎杖 (祛风湿药)
2025-07-09 11:38:04,368 - INFO -   - 拼音: 
2025-07-09 11:38:04,368 - INFO -   - 药用部位: 蓼科草本植物虎杖PolygonumCuspidatumSie...
2025-07-09 11:38:04,368 - INFO -   - 性味归经: 苦，寒。归肝、胆、肺经。
2025-07-09 11:38:04,368 - INFO -   - 药性: 寒
2025-07-09 11:38:04,368 - INFO -   - 药味: 苦
2025-07-09 11:38:04,368 - INFO -   - 归经: 肝经, 胆经, 肺经
2025-07-09 11:38:04,368 - INFO -   - 功效: 祛除风湿，利湿退黄，活血通经，祛痰止咳，清热解毒。
2025-07-09 11:38:04,368 - INFO -   - 功效列表: 5 条
2025-07-09 11:38:04,368 - INFO -   - 临床应用: 5 条
2025-07-09 11:38:04,368 - INFO -   - 处方用名: 虎杖根、阴阳莲、花斑筑、大叶蛇总管（洗净，晒干，切片用）
2025-07-09 11:38:04,368 - INFO -   - 用法用量: 三钱至五钱，煎服。外用适量。
2025-07-09 11:38:04,368 - INFO -   - 按语: 0 条
2025-07-09 11:38:04,368 - INFO -   - 方剂举例: 1 条
2025-07-09 11:38:04,368 - INFO -   - 文献摘录: 4 条
2025-07-09 11:38:04,368 - INFO -   - 附药: 0 条
2025-07-09 11:38:04,368 - INFO -   - 图片: 0 张
2025-07-09 11:38:04,368 - INFO - 成功添加药材: 虎杖
2025-07-09 11:38:06,383 - INFO - 正在处理 [170/464] 透骨草（附：急性子） (祛风湿药)
2025-07-09 11:38:06,383 - INFO - 正在解析药材详情: 透骨草（附：急性子）, URL: https://www.zysj.com.cn/lilunshuji/zhongyaoxue/1568.html
2025-07-09 11:38:08,751 - INFO - 成功解析药材: 透骨草（附：急性子） (祛风湿药)
2025-07-09 11:38:08,751 - INFO -   - 拼音: 
2025-07-09 11:38:08,751 - INFO -   - 药用部位: 凤仙花科草本植物凤仙花ImpatiensbalsaminaL...
2025-07-09 11:38:08,751 - INFO -   - 性味归经: 辛、温。有小毒。归肝、肾经。
2025-07-09 11:38:08,751 - INFO -   - 药性: 温
2025-07-09 11:38:08,751 - INFO -   - 药味: 辛
2025-07-09 11:38:08,751 - INFO -   - 归经: 肝经, 肾经
2025-07-09 11:38:08,751 - INFO -   - 功效: 祛除风湿，活血止痛。
2025-07-09 11:38:08,751 - INFO -   - 功效列表: 2 条
2025-07-09 11:38:08,751 - INFO -   - 临床应用: 2 条
2025-07-09 11:38:08,751 - INFO -   - 处方用名: 透骨草风鲜花梗（洗净，晒干，切碎用）
2025-07-09 11:38:08,751 - INFO -   - 用法用量: 三钱至五钱，煎服。外用适量。
2025-07-09 11:38:08,751 - INFO -   - 按语: 0 条
2025-07-09 11:38:08,751 - INFO -   - 方剂举例: 0 条
2025-07-09 11:38:08,751 - INFO -   - 文献摘录: 1 条
2025-07-09 11:38:08,751 - INFO -   - 附药: 1 条
2025-07-09 11:38:08,751 - INFO -   - 图片: 0 张
2025-07-09 11:38:08,751 - INFO - 成功添加药材: 透骨草（附：急性子）
2025-07-09 11:38:08,760 - INFO - 数据已保存到 zysj_herbal_data.json，当前共 170 条记录
2025-07-09 11:38:10,768 - INFO - 正在处理 [171/464] 桑寄生 (祛风湿药)
2025-07-09 11:38:10,768 - INFO - 正在解析药材详情: 桑寄生, URL: https://www.zysj.com.cn/lilunshuji/zhongyaoxue/1569.html
2025-07-09 11:38:13,374 - INFO - 成功解析药材: 桑寄生 (祛风湿药)
2025-07-09 11:38:13,374 - INFO -   - 拼音: 
2025-07-09 11:38:13,376 - INFO -   - 药用部位: 桑寄生科小灌木斛寄生Taxilluschinesis（DC....
2025-07-09 11:38:13,376 - INFO -   - 性味归经: 苦，平。归肝、肾经。
2025-07-09 11:38:13,376 - INFO -   - 药性: 平
2025-07-09 11:38:13,376 - INFO -   - 药味: 苦
2025-07-09 11:38:13,376 - INFO -   - 归经: 肝经, 肾经
2025-07-09 11:38:13,376 - INFO -   - 功效: 祛除风湿，补肝肾，强筋骨，养血安胎。
2025-07-09 11:38:13,378 - INFO -   - 功效列表: 4 条
2025-07-09 11:38:13,379 - INFO -   - 临床应用: 3 条
2025-07-09 11:38:13,379 - INFO -   - 处方用名: 桑寄生寄生杜寄生北寄生（洗净，晒干，切碎用）
2025-07-09 11:38:13,379 - INFO -   - 用法用量: 三钱至五钱，煎服。
2025-07-09 11:38:13,379 - INFO -   - 按语: 1 条
2025-07-09 11:38:13,379 - INFO -   - 方剂举例: 0 条
2025-07-09 11:38:13,379 - INFO -   - 文献摘录: 2 条
2025-07-09 11:38:13,379 - INFO -   - 附药: 0 条
2025-07-09 11:38:13,379 - INFO -   - 图片: 0 张
2025-07-09 11:38:13,380 - INFO - 成功添加药材: 桑寄生
2025-07-09 11:38:15,386 - INFO - 正在处理 [172/464] 五加皮 (祛风湿药)
2025-07-09 11:38:15,386 - INFO - 正在解析药材详情: 五加皮, URL: https://www.zysj.com.cn/lilunshuji/zhongyaoxue/1570.html
2025-07-09 11:38:17,824 - INFO - 成功解析药材: 五加皮 (祛风湿药)
2025-07-09 11:38:17,824 - INFO -   - 拼音: 
2025-07-09 11:38:17,824 - INFO -   - 药用部位: 五加科小灌木系住五加Acabthopanaxgracilli...
2025-07-09 11:38:17,825 - INFO -   - 性味归经: 辛、苦。温。归肝，肾经。
2025-07-09 11:38:17,825 - INFO -   - 药性: 
2025-07-09 11:38:17,825 - INFO -   - 药味: 辛、苦
2025-07-09 11:38:17,825 - INFO -   - 归经: 肝经, 肾经
2025-07-09 11:38:17,825 - INFO -   - 功效: 祛除风湿，补肝肾，强筋骨，利水消肿。
2025-07-09 11:38:17,825 - INFO -   - 功效列表: 4 条
2025-07-09 11:38:17,825 - INFO -   - 临床应用: 3 条
2025-07-09 11:38:17,825 - INFO -   - 处方用名: 五加皮、南五加皮（洗净，晒干，切碎用）
2025-07-09 11:38:17,825 - INFO -   - 用法用量: 一钱至三钱，煎服。
2025-07-09 11:38:17,825 - INFO -   - 按语: 3 条
2025-07-09 11:38:17,825 - INFO -   - 方剂举例: 1 条
2025-07-09 11:38:17,825 - INFO -   - 文献摘录: 0 条
2025-07-09 11:38:17,825 - INFO -   - 附药: 0 条
2025-07-09 11:38:17,825 - INFO -   - 图片: 0 张
2025-07-09 11:38:17,825 - INFO - 成功添加药材: 五加皮
2025-07-09 11:38:19,832 - INFO - 正在处理 [173/464] 鹿啼草 (祛风湿药)
2025-07-09 11:38:19,833 - INFO - 正在解析药材详情: 鹿啼草, URL: https://www.zysj.com.cn/lilunshuji/zhongyaoxue/1571.html
2025-07-09 11:38:22,223 - INFO - 成功解析药材: 鹿啼草 (祛风湿药)
2025-07-09 11:38:22,223 - INFO -   - 拼音: 
2025-07-09 11:38:22,223 - INFO -   - 药用部位: 鹿蹄草科草本植物鹿蹄草ParolaCallianthaH.A...
2025-07-09 11:38:22,223 - INFO -   - 性味归经: 苦，平。归肝、肾经。
2025-07-09 11:38:22,223 - INFO -   - 药性: 平
2025-07-09 11:38:22,223 - INFO -   - 药味: 苦
2025-07-09 11:38:22,224 - INFO -   - 归经: 肝经, 肾经
2025-07-09 11:38:22,224 - INFO -   - 功效: 祛除风湿，补肝肾，强筋骨，止血。
2025-07-09 11:38:22,224 - INFO -   - 功效列表: 4 条
2025-07-09 11:38:22,224 - INFO -   - 临床应用: 3 条
2025-07-09 11:38:22,224 - INFO -   - 处方用名: 鹿蹄草鹿含草鹿嫌草（洗净，晒干，切碎用）
2025-07-09 11:38:22,224 - INFO -   - 用法用量: 三钱至五钱，煎服外用适量。
2025-07-09 11:38:22,224 - INFO -   - 按语: 0 条
2025-07-09 11:38:22,224 - INFO -   - 方剂举例: 0 条
2025-07-09 11:38:22,224 - INFO -   - 文献摘录: 1 条
2025-07-09 11:38:22,224 - INFO -   - 附药: 0 条
2025-07-09 11:38:22,224 - INFO -   - 图片: 0 张
2025-07-09 11:38:22,224 - INFO - 成功添加药材: 鹿啼草
2025-07-09 11:38:24,238 - INFO - 正在处理 [174/464] 豨签草 (祛风湿药)
2025-07-09 11:38:24,238 - INFO - 正在解析药材详情: 豨签草, URL: https://www.zysj.com.cn/lilunshuji/zhongyaoxue/1572.html
2025-07-09 11:38:26,613 - INFO - 成功解析药材: 豨签草 (祛风湿药)
2025-07-09 11:38:26,614 - INFO -   - 拼音: 
2025-07-09 11:38:26,614 - INFO -   - 药用部位: 菊科草本植物豨签Siegesbeckiaprientalis...
2025-07-09 11:38:26,614 - INFO -   - 性味归经: 苦，寒。归肝、肾经。
2025-07-09 11:38:26,614 - INFO -   - 药性: 寒
2025-07-09 11:38:26,614 - INFO -   - 药味: 苦
2025-07-09 11:38:26,614 - INFO -   - 归经: 肝经, 肾经
2025-07-09 11:38:26,614 - INFO -   - 功效: 祛除风湿，强健筋骨，清热解毒。
2025-07-09 11:38:26,614 - INFO -   - 功效列表: 3 条
2025-07-09 11:38:26,614 - INFO -   - 临床应用: 3 条
2025-07-09 11:38:26,614 - INFO -   - 处方用名: 豨签草（洗净，晒干，切碎用）、致豨签草（黄酒拌匀后蒸制）
2025-07-09 11:38:26,614 - INFO -   - 用法用量: 一钱至三钱，煎服。
2025-07-09 11:38:26,614 - INFO -   - 按语: 1 条
2025-07-09 11:38:26,614 - INFO -   - 方剂举例: 1 条
2025-07-09 11:38:26,614 - INFO -   - 文献摘录: 3 条
2025-07-09 11:38:26,614 - INFO -   - 附药: 0 条
2025-07-09 11:38:26,614 - INFO -   - 图片: 0 张
2025-07-09 11:38:26,614 - INFO - 成功添加药材: 豨签草
2025-07-09 11:38:28,622 - INFO - 正在处理 [175/464] 千年健 (祛风湿药)
2025-07-09 11:38:28,622 - INFO - 正在解析药材详情: 千年健, URL: https://www.zysj.com.cn/lilunshuji/zhongyaoxue/1573.html
2025-07-09 11:38:31,109 - INFO - 成功解析药材: 千年健 (祛风湿药)
2025-07-09 11:38:31,109 - INFO -   - 拼音: 
2025-07-09 11:38:31,109 - INFO -   - 药用部位: 天南星科草本植物千年健Homalomenaocculta（l...
2025-07-09 11:38:31,109 - INFO -   - 性味归经: 苦、辛，温。归肝、肾经。
2025-07-09 11:38:31,109 - INFO -   - 药性: 温
2025-07-09 11:38:31,109 - INFO -   - 药味: 苦、辛
2025-07-09 11:38:31,109 - INFO -   - 归经: 肝经, 肾经
2025-07-09 11:38:31,109 - INFO -   - 功效: 祛除风湿，强健筋骨。
2025-07-09 11:38:31,109 - INFO -   - 功效列表: 2 条
2025-07-09 11:38:31,109 - INFO -   - 临床应用: 2 条
2025-07-09 11:38:31,109 - INFO -   - 处方用名: 千年健（洗净，晒干，切碎用）
2025-07-09 11:38:31,109 - INFO -   - 用法用量: 三钱至五钱，煎服。
2025-07-09 11:38:31,109 - INFO -   - 按语: 0 条
2025-07-09 11:38:31,109 - INFO -   - 方剂举例: 0 条
2025-07-09 11:38:31,109 - INFO -   - 文献摘录: 1 条
2025-07-09 11:38:31,109 - INFO -   - 附药: 0 条
2025-07-09 11:38:31,109 - INFO -   - 图片: 0 张
2025-07-09 11:38:31,109 - INFO - 成功添加药材: 千年健
2025-07-09 11:38:31,117 - INFO - 数据已保存到 zysj_herbal_data.json，当前共 175 条记录
2025-07-09 11:38:33,117 - INFO - 正在处理 [176/464] 虎骨 (祛风湿药)
2025-07-09 11:38:33,118 - INFO - 正在解析药材详情: 虎骨, URL: https://www.zysj.com.cn/lilunshuji/zhongyaoxue/1574.html
2025-07-09 11:38:35,494 - INFO - 成功解析药材: 虎骨 (祛风湿药)
2025-07-09 11:38:35,494 - INFO -   - 拼音: 
2025-07-09 11:38:35,494 - INFO -   - 药用部位: 猫科动物虎PantheratigrisLinnaeus的骨骼...
2025-07-09 11:38:35,494 - INFO -   - 性味归经: 甘、辛，温。归肝、肾经。
2025-07-09 11:38:35,494 - INFO -   - 药性: 温
2025-07-09 11:38:35,494 - INFO -   - 药味: 甘、辛
2025-07-09 11:38:35,494 - INFO -   - 归经: 肝经, 肾经
2025-07-09 11:38:35,494 - INFO -   - 功效: 祛风通络，强筋健骨。
2025-07-09 11:38:35,494 - INFO -   - 功效列表: 2 条
2025-07-09 11:38:35,494 - INFO -   - 临床应用: 2 条
2025-07-09 11:38:35,495 - INFO -   - 处方用名: 虎骨制虎骨虎胫骨（铁沙炙用）
2025-07-09 11:38:35,495 - INFO -   - 用法用量: 一钱至二钱，入丸剂或浸酒服。
2025-07-09 11:38:35,495 - INFO -   - 按语: 3 条
2025-07-09 11:38:35,495 - INFO -   - 方剂举例: 0 条
2025-07-09 11:38:35,495 - INFO -   - 文献摘录: 2 条
2025-07-09 11:38:35,495 - INFO -   - 附药: 0 条
2025-07-09 11:38:35,495 - INFO -   - 图片: 0 张
2025-07-09 11:38:35,495 - INFO - 成功添加药材: 虎骨
2025-07-09 11:38:37,497 - INFO - 正在处理 [177/464] 白花蛇（附：乌梢蛇） (祛风湿药)
2025-07-09 11:38:37,497 - INFO - 正在解析药材详情: 白花蛇（附：乌梢蛇）, URL: https://www.zysj.com.cn/lilunshuji/zhongyaoxue/1575.html
2025-07-09 11:38:39,867 - INFO - 成功解析药材: 白花蛇（附：乌梢蛇） (祛风湿药)
2025-07-09 11:38:39,867 - INFO -   - 拼音: 
2025-07-09 11:38:39,867 - INFO -   - 药用部位: ？科动物五步蛇Agkistrodonacutus（Gunth...
2025-07-09 11:38:39,867 - INFO -   - 性味归经: 甘、咸，温；有毒。归肝经。
2025-07-09 11:38:39,867 - INFO -   - 药性: 温
2025-07-09 11:38:39,867 - INFO -   - 药味: 甘、咸
2025-07-09 11:38:39,867 - INFO -   - 归经: 肝经
2025-07-09 11:38:39,867 - INFO -   - 功效: 祛风通络，定惊止痛。
2025-07-09 11:38:39,867 - INFO -   - 功效列表: 2 条
2025-07-09 11:38:39,867 - INFO -   - 临床应用: 2 条
2025-07-09 11:38:39,867 - INFO -   - 处方用名: 白花蛇？肉蛇（为五步蛇，去内脏，烘干用）、金钱白花蛇（为银环蛇的幼体，烘干用）
2025-07-09 11:38:39,867 - INFO -   - 用法用量: 一钱至三钱，煎服。研末吞服1--2g。
2025-07-09 11:38:39,867 - INFO -   - 按语: 2 条
2025-07-09 11:38:39,867 - INFO -   - 方剂举例: 0 条
2025-07-09 11:38:39,867 - INFO -   - 文献摘录: 2 条
2025-07-09 11:38:39,867 - INFO -   - 附药: 1 条
2025-07-09 11:38:39,867 - INFO -   - 图片: 0 张
2025-07-09 11:38:39,867 - INFO - 成功添加药材: 白花蛇（附：乌梢蛇）
2025-07-09 11:38:41,874 - INFO - 正在处理 [178/464] 徐长卿 (祛风湿药)
2025-07-09 11:38:41,874 - INFO - 正在解析药材详情: 徐长卿, URL: https://www.zysj.com.cn/lilunshuji/zhongyaoxue/1576.html
2025-07-09 11:38:44,287 - INFO - 成功解析药材: 徐长卿 (祛风湿药)
2025-07-09 11:38:44,287 - INFO -   - 拼音: 
2025-07-09 11:38:44,287 - INFO -   - 药用部位: 梦藦科苍本植物徐长卿Cynanchumpaniculatum...
2025-07-09 11:38:44,287 - INFO -   - 性味归经: 辛，温。归肝、胃经。
2025-07-09 11:38:44,287 - INFO -   - 药性: 温
2025-07-09 11:38:44,287 - INFO -   - 药味: 辛
2025-07-09 11:38:44,287 - INFO -   - 归经: 肝经, 胃经
2025-07-09 11:38:44,287 - INFO -   - 功效: 祛风通络，止痛，止痒，解毒消肿。
2025-07-09 11:38:44,287 - INFO -   - 功效列表: 4 条
2025-07-09 11:38:44,287 - INFO -   - 临床应用: 4 条
2025-07-09 11:38:44,287 - INFO -   - 处方用名: 徐长卿、寮刁竹（洗净，晒干，切碎用）
2025-07-09 11:38:44,287 - INFO -   - 用法用量: 一钱至三钱，煎服。
2025-07-09 11:38:44,287 - INFO -   - 按语: 0 条
2025-07-09 11:38:44,287 - INFO -   - 方剂举例: 1 条
2025-07-09 11:38:44,287 - INFO -   - 文献摘录: 0 条
2025-07-09 11:38:44,287 - INFO -   - 附药: 0 条
2025-07-09 11:38:44,287 - INFO -   - 图片: 0 张
2025-07-09 11:38:44,287 - INFO - 成功添加药材: 徐长卿
2025-07-09 11:38:46,295 - INFO - 正在处理 [179/464] 桑枝 (祛风湿药)
2025-07-09 11:38:46,295 - INFO - 正在解析药材详情: 桑枝, URL: https://www.zysj.com.cn/lilunshuji/zhongyaoxue/1577.html
2025-07-09 11:38:48,672 - INFO - 成功解析药材: 桑枝 (祛风湿药)
2025-07-09 11:38:48,672 - INFO -   - 拼音: 
2025-07-09 11:38:48,672 - INFO -   - 药用部位: 桑科乔木桑MorusalbaL.的嫩枝。
2025-07-09 11:38:48,672 - INFO -   - 性味归经: 苦，平。归肝经。
2025-07-09 11:38:48,672 - INFO -   - 药性: 平
2025-07-09 11:38:48,672 - INFO -   - 药味: 苦
2025-07-09 11:38:48,672 - INFO -   - 归经: 肝经
2025-07-09 11:38:48,672 - INFO -   - 功效: 祛风通络。
2025-07-09 11:38:48,672 - INFO -   - 功效列表: 1 条
2025-07-09 11:38:48,672 - INFO -   - 临床应用: 2 条
2025-07-09 11:38:48,672 - INFO -   - 处方用名: 桑枝嫩桑枝童桑枝炒桑枝（清炒微焦用）
2025-07-09 11:38:48,672 - INFO -   - 用法用量: 三钱至五钱，煎服。
2025-07-09 11:38:48,672 - INFO -   - 按语: 0 条
2025-07-09 11:38:48,673 - INFO -   - 方剂举例: 1 条
2025-07-09 11:38:48,673 - INFO -   - 文献摘录: 3 条
2025-07-09 11:38:48,673 - INFO -   - 附药: 0 条
2025-07-09 11:38:48,673 - INFO -   - 图片: 0 张
2025-07-09 11:38:48,673 - INFO - 成功添加药材: 桑枝
2025-07-09 11:38:50,688 - INFO - 正在处理 [180/464] 络石藤（附：海风藤） (祛风湿药)
2025-07-09 11:38:50,688 - INFO - 正在解析药材详情: 络石藤（附：海风藤）, URL: https://www.zysj.com.cn/lilunshuji/zhongyaoxue/1578.html
2025-07-09 11:38:53,063 - INFO - 成功解析药材: 络石藤（附：海风藤） (祛风湿药)
2025-07-09 11:38:53,063 - INFO -   - 拼音: 
2025-07-09 11:38:53,063 - INFO -   - 药用部位: 夹竹桃科潘援藤本植物络石Trachelospermumjas...
2025-07-09 11:38:53,063 - INFO -   - 性味归经: 苦，微寒。归心、干、肾经。
2025-07-09 11:38:53,063 - INFO -   - 药性: 微寒
2025-07-09 11:38:53,063 - INFO -   - 药味: 苦
2025-07-09 11:38:53,063 - INFO -   - 归经: 心经, 肾经
2025-07-09 11:38:53,063 - INFO -   - 功效: 祛风通络，凉血消痈。
2025-07-09 11:38:53,063 - INFO -   - 功效列表: 2 条
2025-07-09 11:38:53,063 - INFO -   - 临床应用: 2 条
2025-07-09 11:38:53,063 - INFO -   - 处方用名: 络石藤（洗净，晒干，切碎用）
2025-07-09 11:38:53,063 - INFO -   - 用法用量: 三钱至五钱，煎服。
2025-07-09 11:38:53,063 - INFO -   - 按语: 0 条
2025-07-09 11:38:53,063 - INFO -   - 方剂举例: 0 条
2025-07-09 11:38:53,064 - INFO -   - 文献摘录: 3 条
2025-07-09 11:38:53,064 - INFO -   - 附药: 1 条
2025-07-09 11:38:53,064 - INFO -   - 图片: 0 张
2025-07-09 11:38:53,064 - INFO - 成功添加药材: 络石藤（附：海风藤）
2025-07-09 11:38:53,071 - INFO - 数据已保存到 zysj_herbal_data.json，当前共 180 条记录
2025-07-09 11:38:55,084 - INFO - 正在处理 [181/464] 寻骨风（附：丝瓜络） (祛风湿药)
2025-07-09 11:38:55,084 - INFO - 正在解析药材详情: 寻骨风（附：丝瓜络）, URL: https://www.zysj.com.cn/lilunshuji/zhongyaoxue/1579.html
2025-07-09 11:38:57,477 - INFO - 成功解析药材: 寻骨风（附：丝瓜络） (祛风湿药)
2025-07-09 11:38:57,477 - INFO -   - 拼音: 
2025-07-09 11:38:57,477 - INFO -   - 药用部位: 马兜铃科草本植物棉毛马兜铃Aristolochiamolli...
2025-07-09 11:38:57,477 - INFO -   - 性味归经: 辛、苦，平。归肝经。
2025-07-09 11:38:57,477 - INFO -   - 药性: 平
2025-07-09 11:38:57,477 - INFO -   - 药味: 辛、苦
2025-07-09 11:38:57,477 - INFO -   - 归经: 肝经
2025-07-09 11:38:57,477 - INFO -   - 功效: 祛风通络，止痛。
2025-07-09 11:38:57,477 - INFO -   - 功效列表: 2 条
2025-07-09 11:38:57,477 - INFO -   - 临床应用: 2 条
2025-07-09 11:38:57,477 - INFO -   - 处方用名: 寻骨风巡骨风（洗净，晒干，切碎用）
2025-07-09 11:38:57,477 - INFO -   - 用法用量: 三钱至五钱，煎服。
2025-07-09 11:38:57,477 - INFO -   - 按语: 0 条
2025-07-09 11:38:57,477 - INFO -   - 方剂举例: 0 条
2025-07-09 11:38:57,477 - INFO -   - 文献摘录: 0 条
2025-07-09 11:38:57,477 - INFO -   - 附药: 1 条
2025-07-09 11:38:57,477 - INFO -   - 图片: 0 张
2025-07-09 11:38:57,477 - INFO - 成功添加药材: 寻骨风（附：丝瓜络）
2025-07-09 11:38:59,486 - INFO - 正在处理 [182/464] 接骨木 (祛风湿药)
2025-07-09 11:38:59,486 - INFO - 正在解析药材详情: 接骨木, URL: https://www.zysj.com.cn/lilunshuji/zhongyaoxue/1580.html
2025-07-09 11:39:01,875 - INFO - 成功解析药材: 接骨木 (祛风湿药)
2025-07-09 11:39:01,875 - INFO -   - 拼音: 
2025-07-09 11:39:01,875 - INFO -   - 药用部位: 忍冬科灌木或乔木接骨木SambucusWilliamsiiH...
2025-07-09 11:39:01,875 - INFO -   - 性味归经: 甘、苦，平。归肝经。
2025-07-09 11:39:01,875 - INFO -   - 药性: 平
2025-07-09 11:39:01,875 - INFO -   - 药味: 甘、苦
2025-07-09 11:39:01,875 - INFO -   - 归经: 肝经
2025-07-09 11:39:01,875 - INFO -   - 功效: 祛风通络，活血止痛，利水消肿。
2025-07-09 11:39:01,875 - INFO -   - 功效列表: 3 条
2025-07-09 11:39:01,875 - INFO -   - 临床应用: 3 条
2025-07-09 11:39:01,875 - INFO -   - 处方用名: 接骨木、扦扦活（洗净，晒干，切碎用）
2025-07-09 11:39:01,875 - INFO -   - 用法用量: 三钱至五钱，煎服。外用适量。
2025-07-09 11:39:01,875 - INFO -   - 按语: 0 条
2025-07-09 11:39:01,875 - INFO -   - 方剂举例: 0 条
2025-07-09 11:39:01,875 - INFO -   - 文献摘录: 1 条
2025-07-09 11:39:01,875 - INFO -   - 附药: 0 条
2025-07-09 11:39:01,875 - INFO -   - 图片: 0 张
2025-07-09 11:39:01,875 - INFO - 成功添加药材: 接骨木
2025-07-09 11:39:03,882 - INFO - 正在处理 [183/464] 木瓜 (祛风湿药)
2025-07-09 11:39:03,883 - INFO - 正在解析药材详情: 木瓜, URL: https://www.zysj.com.cn/lilunshuji/zhongyaoxue/1581.html
2025-07-09 11:39:06,256 - INFO - 成功解析药材: 木瓜 (祛风湿药)
2025-07-09 11:39:06,256 - INFO -   - 拼音: 
2025-07-09 11:39:06,256 - INFO -   - 药用部位: 蔷薇科灌木贴梗海棠Chaenomelesspeciosa（S...
2025-07-09 11:39:06,256 - INFO -   - 性味归经: 酸，温。归肝、脾经。
2025-07-09 11:39:06,256 - INFO -   - 药性: 温
2025-07-09 11:39:06,256 - INFO -   - 药味: 酸
2025-07-09 11:39:06,256 - INFO -   - 归经: 肝经, 脾经
2025-07-09 11:39:06,256 - INFO -   - 功效: 除湿利痹，缓急舒筋，消食，治脚气。
2025-07-09 11:39:06,256 - INFO -   - 功效列表: 4 条
2025-07-09 11:39:06,256 - INFO -   - 临床应用: 2 条
2025-07-09 11:39:06,256 - INFO -   - 处方用名: 木瓜宣木瓜（洗净，晒干，切碎用）
2025-07-09 11:39:06,256 - INFO -   - 用法用量: 一钱至三钱，煎服。
2025-07-09 11:39:06,256 - INFO -   - 按语: 1 条
2025-07-09 11:39:06,256 - INFO -   - 方剂举例: 0 条
2025-07-09 11:39:06,256 - INFO -   - 文献摘录: 0 条
2025-07-09 11:39:06,256 - INFO -   - 附药: 0 条
2025-07-09 11:39:06,256 - INFO -   - 图片: 0 张
2025-07-09 11:39:06,256 - INFO - 成功添加药材: 木瓜
2025-07-09 11:39:08,270 - INFO - 正在处理 [184/464] 蜇砂 (祛风湿药)
2025-07-09 11:39:08,271 - INFO - 正在解析药材详情: 蜇砂, URL: https://www.zysj.com.cn/lilunshuji/zhongyaoxue/1582.html
2025-07-09 11:39:10,808 - INFO - 成功解析药材: 蜇砂 (祛风湿药)
2025-07-09 11:39:10,809 - INFO -   - 拼音: 
2025-07-09 11:39:10,809 - INFO -   - 药用部位: 蜇蛾科昆虫家蜇BombyxmoriLinnaeus的粪便。
2025-07-09 11:39:10,809 - INFO -   - 性味归经: 甘、辛，温。归肝、脾、胃经。
2025-07-09 11:39:10,809 - INFO -   - 药性: 温
2025-07-09 11:39:10,809 - INFO -   - 药味: 甘、辛
2025-07-09 11:39:10,809 - INFO -   - 归经: 肝经, 脾经, 胃经
2025-07-09 11:39:10,809 - INFO -   - 功效: 除湿利痹，缓急舒筋。
2025-07-09 11:39:10,809 - INFO -   - 功效列表: 2 条
2025-07-09 11:39:10,809 - INFO -   - 临床应用: 2 条
2025-07-09 11:39:10,809 - INFO -   - 处方用名: 蜇砂、晚蜇砂、夏蜇砂、二蜇砂、蜇矢（晒干用）
2025-07-09 11:39:10,809 - INFO -   - 用法用量: 一钱至三钱，须包煎。
2025-07-09 11:39:10,809 - INFO -   - 按语: 0 条
2025-07-09 11:39:10,809 - INFO -   - 方剂举例: 1 条
2025-07-09 11:39:10,809 - INFO -   - 文献摘录: 1 条
2025-07-09 11:39:10,809 - INFO -   - 附药: 0 条
2025-07-09 11:39:10,809 - INFO -   - 图片: 0 张
2025-07-09 11:39:10,809 - INFO - 成功添加药材: 蜇砂
2025-07-09 11:39:12,820 - INFO - 正在处理 [185/464] 海桐皮 (祛风湿药)
2025-07-09 11:39:12,820 - INFO - 正在解析药材详情: 海桐皮, URL: https://www.zysj.com.cn/lilunshuji/zhongyaoxue/1584.html
2025-07-09 11:39:15,207 - INFO - 成功解析药材: 海桐皮 (祛风湿药)
2025-07-09 11:39:15,207 - INFO -   - 拼音: 
2025-07-09 11:39:15,207 - INFO -   - 药用部位: 豆科乔木刺桐ErythrinaVariegataL.var....
2025-07-09 11:39:15,207 - INFO -   - 性味归经: 辛、苦，平。归肝、肾经。
2025-07-09 11:39:15,207 - INFO -   - 药性: 平
2025-07-09 11:39:15,207 - INFO -   - 药味: 辛、苦
2025-07-09 11:39:15,207 - INFO -   - 归经: 肝经, 肾经
2025-07-09 11:39:15,207 - INFO -   - 功效: 除湿利痹，清热化湿。
2025-07-09 11:39:15,207 - INFO -   - 功效列表: 2 条
2025-07-09 11:39:15,207 - INFO -   - 临床应用: 2 条
2025-07-09 11:39:15,207 - INFO -   - 处方用名: 海桐皮、赤桐皮、浙桐皮（洗净，晒干，切片用）
2025-07-09 11:39:15,207 - INFO -   - 用法用量: 一钱至三钱，煎服。外用适量。
2025-07-09 11:39:15,207 - INFO -   - 按语: 0 条
2025-07-09 11:39:15,207 - INFO -   - 方剂举例: 1 条
2025-07-09 11:39:15,207 - INFO -   - 文献摘录: 1 条
2025-07-09 11:39:15,207 - INFO -   - 附药: 0 条
2025-07-09 11:39:15,207 - INFO -   - 图片: 0 张
2025-07-09 11:39:15,207 - INFO - 成功添加药材: 海桐皮
2025-07-09 11:39:15,215 - INFO - 数据已保存到 zysj_herbal_data.json，当前共 185 条记录
2025-07-09 11:39:17,229 - INFO - 正在处理 [186/464] 理气药应注意事项 (理气药)
2025-07-09 11:39:17,229 - INFO - 正在解析药材详情: 理气药应注意事项, URL: https://www.zysj.com.cn/lilunshuji/zhongyaoxue/1614.html
2025-07-09 11:39:19,596 - WARNING - 页面似乎不是药材页面 (关键词匹配: 1): https://www.zysj.com.cn/lilunshuji/zhongyaoxue/1614.html
2025-07-09 11:39:19,596 - INFO - 成功解析药材: 理气药应注意事项 (理气药)
2025-07-09 11:39:19,596 - INFO -   - 拼音: 
2025-07-09 11:39:19,596 - INFO -   - 药用部位: 
2025-07-09 11:39:19,596 - INFO -   - 性味归经: 
2025-07-09 11:39:19,596 - INFO -   - 药性: 
2025-07-09 11:39:19,596 - INFO -   - 药味: 
2025-07-09 11:39:19,596 - INFO -   - 归经: 无
2025-07-09 11:39:19,597 - INFO -   - 功效: 
2025-07-09 11:39:19,597 - INFO -   - 功效列表: 0 条
2025-07-09 11:39:19,597 - INFO -   - 临床应用: 0 条
2025-07-09 11:39:19,597 - INFO -   - 处方用名: 
2025-07-09 11:39:19,597 - INFO -   - 用法用量: 
2025-07-09 11:39:19,597 - INFO -   - 按语: 0 条
2025-07-09 11:39:19,597 - INFO -   - 方剂举例: 0 条
2025-07-09 11:39:19,597 - INFO -   - 文献摘录: 0 条
2025-07-09 11:39:19,597 - INFO -   - 附药: 0 条
2025-07-09 11:39:19,597 - INFO -   - 图片: 0 张
2025-07-09 11:39:19,597 - WARNING - 药材 理气药应注意事项 未获取到有效内容，跳过
2025-07-09 11:39:19,604 - INFO - 数据已保存到 zysj_herbal_data.json，当前共 185 条记录
2025-07-09 11:39:21,614 - INFO - 正在处理 [187/464] 枳实 (理气药)
2025-07-09 11:39:21,614 - INFO - 正在解析药材详情: 枳实, URL: https://www.zysj.com.cn/lilunshuji/zhongyaoxue/1588.html
2025-07-09 11:39:24,009 - INFO - 成功解析药材: 枳实 (理气药)
2025-07-09 11:39:24,009 - INFO -   - 拼音: 
2025-07-09 11:39:24,009 - INFO -   - 药用部位: 云相科小聊木酸橙CitrusaurantiumL.及其摘陪变...
2025-07-09 11:39:24,009 - INFO -   - 性味归经: 苦，微寒。归脾、胃、大肠经。
2025-07-09 11:39:24,009 - INFO -   - 药性: 微寒
2025-07-09 11:39:24,009 - INFO -   - 药味: 苦
2025-07-09 11:39:24,010 - INFO -   - 归经: 脾经, 胃经, 大肠经
2025-07-09 11:39:24,010 - INFO -   - 功效: 行气除胀满，化痰开痹，消积导滞。
2025-07-09 11:39:24,010 - INFO -   - 功效列表: 3 条
2025-07-09 11:39:24,010 - INFO -   - 临床应用: 3 条
2025-07-09 11:39:24,010 - INFO -   - 处方用名: 枳实、江枳实、生枳实（生用作用较猛）、炒枳实（麸皮炒至为焦为度）
枳实炭（清炒至外成焦黑色）
2025-07-09 11:39:24,010 - INFO -   - 用法用量: 一钱至三钱，煎服。
2025-07-09 11:39:24,010 - INFO -   - 按语: 3 条
2025-07-09 11:39:24,010 - INFO -   - 方剂举例: 1 条
2025-07-09 11:39:24,010 - INFO -   - 文献摘录: 2 条
2025-07-09 11:39:24,010 - INFO -   - 附药: 1 条
2025-07-09 11:39:24,010 - INFO -   - 图片: 0 张
2025-07-09 11:39:24,010 - INFO - 成功添加药材: 枳实
2025-07-09 11:39:26,015 - INFO - 正在处理 [188/464] 瓜蒌皮（附：全栝蒌） (理气药)
2025-07-09 11:39:26,015 - INFO - 正在解析药材详情: 瓜蒌皮（附：全栝蒌）, URL: https://www.zysj.com.cn/lilunshuji/zhongyaoxue/1589.html
2025-07-09 11:39:28,402 - INFO - 成功解析药材: 瓜蒌皮（附：全栝蒌） (理气药)
2025-07-09 11:39:28,402 - INFO -   - 拼音: 
2025-07-09 11:39:28,402 - INFO -   - 药用部位: 葫芦科藤本植物栝蒌Trichosantheskiritowi...
2025-07-09 11:39:28,402 - INFO -   - 性味归经: 苦，寒。归肺、胃经。
2025-07-09 11:39:28,403 - INFO -   - 药性: 寒
2025-07-09 11:39:28,403 - INFO -   - 药味: 苦
2025-07-09 11:39:28,403 - INFO -   - 归经: 肺经, 胃经
2025-07-09 11:39:28,403 - INFO -   - 功效: 行气除胀满，化痰开痹，清肺止咳。
2025-07-09 11:39:28,403 - INFO -   - 功效列表: 3 条
2025-07-09 11:39:28,403 - INFO -   - 临床应用: 3 条
2025-07-09 11:39:28,403 - INFO -   - 处方用名: 栝蒌皮、瓜蒌皮（清炒至微焦）
2025-07-09 11:39:28,403 - INFO -   - 用法用量: 一钱至三钱，煎服。
2025-07-09 11:39:28,403 - INFO -   - 按语: 1 条
2025-07-09 11:39:28,403 - INFO -   - 方剂举例: 0 条
2025-07-09 11:39:28,403 - INFO -   - 文献摘录: 0 条
2025-07-09 11:39:28,403 - INFO -   - 附药: 1 条
2025-07-09 11:39:28,403 - INFO -   - 图片: 0 张
2025-07-09 11:39:28,403 - INFO - 成功添加药材: 瓜蒌皮（附：全栝蒌）
2025-07-09 11:39:30,406 - INFO - 正在处理 [189/464] 木香 (理气药)
2025-07-09 11:39:30,407 - INFO - 正在解析药材详情: 木香, URL: https://www.zysj.com.cn/lilunshuji/zhongyaoxue/1590.html
2025-07-09 11:39:32,814 - INFO - 成功解析药材: 木香 (理气药)
2025-07-09 11:39:32,814 - INFO -   - 拼音: 
2025-07-09 11:39:32,814 - INFO -   - 药用部位: 菊科本草植物木香AucklandialappaDecne.的...
2025-07-09 11:39:32,814 - INFO -   - 性味归经: 辛、苦，温。归脾、胃、大肠、胆经。
2025-07-09 11:39:32,814 - INFO -   - 药性: 温
2025-07-09 11:39:32,814 - INFO -   - 药味: 辛、苦
2025-07-09 11:39:32,814 - INFO -   - 归经: 脾经, 胃经, 大肠经, 胆经
2025-07-09 11:39:32,814 - INFO -   - 功效: 行气止痛。
2025-07-09 11:39:32,814 - INFO -   - 功效列表: 1 条
2025-07-09 11:39:32,815 - INFO -   - 临床应用: 3 条
2025-07-09 11:39:32,815 - INFO -   - 处方用名: 木香、广木香（生用行气止痛）、煨木香、炙木香、炒木香（麸皮拌炒用以止泻）
2025-07-09 11:39:32,815 - INFO -   - 用法用量: 一钱至三钱，煎服。
2025-07-09 11:39:32,815 - INFO -   - 按语: 2 条
2025-07-09 11:39:32,815 - INFO -   - 方剂举例: 1 条
2025-07-09 11:39:32,815 - INFO -   - 文献摘录: 7 条
2025-07-09 11:39:32,815 - INFO -   - 附药: 0 条
2025-07-09 11:39:32,815 - INFO -   - 图片: 0 张
2025-07-09 11:39:32,815 - INFO - 成功添加药材: 木香
2025-07-09 11:39:34,815 - INFO - 正在处理 [190/464] 乌药 (理气药)
2025-07-09 11:39:34,815 - INFO - 正在解析药材详情: 乌药, URL: https://www.zysj.com.cn/lilunshuji/zhongyaoxue/1591.html
2025-07-09 11:39:37,220 - INFO - 成功解析药材: 乌药 (理气药)
2025-07-09 11:39:37,220 - INFO -   - 拼音: 
2025-07-09 11:39:37,220 - INFO -   - 药用部位: 樟科灌木或小乔木乌药Linderastrychnifolia...
2025-07-09 11:39:37,220 - INFO -   - 性味归经: 辛，温。归脾、肺、肾、膀胱经。
2025-07-09 11:39:37,220 - INFO -   - 药性: 温
2025-07-09 11:39:37,220 - INFO -   - 药味: 辛
2025-07-09 11:39:37,220 - INFO -   - 归经: 脾经, 肺经, 肾经, 膀胱经
2025-07-09 11:39:37,220 - INFO -   - 功效: 行气止痛，温肾散寒。
2025-07-09 11:39:37,220 - INFO -   - 功效列表: 2 条
2025-07-09 11:39:37,220 - INFO -   - 临床应用: 2 条
2025-07-09 11:39:37,220 - INFO -   - 处方用名: 台乌药、乌药（切片晒干用）
2025-07-09 11:39:37,220 - INFO -   - 用法用量: 一钱至三钱，煎服。
2025-07-09 11:39:37,220 - INFO -   - 按语: 2 条
2025-07-09 11:39:37,220 - INFO -   - 方剂举例: 1 条
2025-07-09 11:39:37,220 - INFO -   - 文献摘录: 2 条
2025-07-09 11:39:37,220 - INFO -   - 附药: 0 条
2025-07-09 11:39:37,220 - INFO -   - 图片: 0 张
2025-07-09 11:39:37,220 - INFO - 成功添加药材: 乌药
2025-07-09 11:39:39,222 - INFO - 正在处理 [191/464] 檀香 (理气药)
2025-07-09 11:39:39,223 - INFO - 正在解析药材详情: 檀香, URL: https://www.zysj.com.cn/lilunshuji/zhongyaoxue/1592.html
2025-07-09 11:39:41,605 - INFO - 成功解析药材: 檀香 (理气药)
2025-07-09 11:39:41,605 - INFO -   - 拼音: 
2025-07-09 11:39:41,605 - INFO -   - 药用部位: 檀香科乔木檀香SantalumalbumL.的木材。
2025-07-09 11:39:41,605 - INFO -   - 性味归经: 辛，温。归脾、胃、肺经。
2025-07-09 11:39:41,605 - INFO -   - 药性: 温
2025-07-09 11:39:41,605 - INFO -   - 药味: 辛
2025-07-09 11:39:41,605 - INFO -   - 归经: 脾经, 胃经, 肺经
2025-07-09 11:39:41,605 - INFO -   - 功效: 行气止痛。
2025-07-09 11:39:41,605 - INFO -   - 功效列表: 1 条
2025-07-09 11:39:41,605 - INFO -   - 临床应用: 3 条
2025-07-09 11:39:41,606 - INFO -   - 处方用名: 檀香白檀香檀香屑（去外皮锯断劈碎或刨片用）
2025-07-09 11:39:41,606 - INFO -   - 用法用量: 三分至一钱，煎服。或入丸散。
2025-07-09 11:39:41,606 - INFO -   - 按语: 0 条
2025-07-09 11:39:41,606 - INFO -   - 方剂举例: 1 条
2025-07-09 11:39:41,606 - INFO -   - 文献摘录: 2 条
2025-07-09 11:39:41,606 - INFO -   - 附药: 0 条
2025-07-09 11:39:41,606 - INFO -   - 图片: 0 张
2025-07-09 11:39:41,606 - INFO - 成功添加药材: 檀香
2025-07-09 11:39:41,614 - INFO - 数据已保存到 zysj_herbal_data.json，当前共 190 条记录
2025-07-09 11:39:43,628 - INFO - 正在处理 [192/464] 甘松 (理气药)
2025-07-09 11:39:43,629 - INFO - 正在解析药材详情: 甘松, URL: https://www.zysj.com.cn/lilunshuji/zhongyaoxue/1593.html
2025-07-09 11:39:45,994 - INFO - 成功解析药材: 甘松 (理气药)
2025-07-09 11:39:45,994 - INFO -   - 拼音: 
2025-07-09 11:39:45,994 - INFO -   - 药用部位: 败酱科草本植物甘松Nardostachyschinensis...
2025-07-09 11:39:45,994 - INFO -   - 性味归经: 辛、甘，温。归脾、胃经。
2025-07-09 11:39:45,994 - INFO -   - 药性: 温
2025-07-09 11:39:45,994 - INFO -   - 药味: 辛、甘
2025-07-09 11:39:45,994 - INFO -   - 归经: 脾经, 胃经
2025-07-09 11:39:45,995 - INFO -   - 功效: 行气止痛
2025-07-09 11:39:45,995 - INFO -   - 功效列表: 1 条
2025-07-09 11:39:45,995 - INFO -   - 临床应用: 2 条
2025-07-09 11:39:45,995 - INFO -   - 处方用名: 甘松、香甘松（洗净，晒干）
2025-07-09 11:39:45,995 - INFO -   - 用法用量: 一钱至钱半，煎服。
2025-07-09 11:39:45,995 - INFO -   - 按语: 0 条
2025-07-09 11:39:45,995 - INFO -   - 方剂举例: 1 条
2025-07-09 11:39:45,995 - INFO -   - 文献摘录: 3 条
2025-07-09 11:39:45,995 - INFO -   - 附药: 0 条
2025-07-09 11:39:45,995 - INFO -   - 图片: 0 张
2025-07-09 11:39:45,995 - INFO - 成功添加药材: 甘松
2025-07-09 11:39:48,005 - INFO - 正在处理 [193/464] 九香虫 (理气药)
2025-07-09 11:39:48,005 - INFO - 正在解析药材详情: 九香虫, URL: https://www.zysj.com.cn/lilunshuji/zhongyaoxue/1594.html
2025-07-09 11:39:50,416 - INFO - 成功解析药材: 九香虫 (理气药)
2025-07-09 11:39:50,416 - INFO -   - 拼音: 
2025-07-09 11:39:50,416 - INFO -   - 药用部位: ？？科昆虫九香虫AspongopuschinensisDal...
2025-07-09 11:39:50,416 - INFO -   - 性味归经: 咸，温。归脾、肾、肺经。
2025-07-09 11:39:50,416 - INFO -   - 药性: 温
2025-07-09 11:39:50,416 - INFO -   - 药味: 咸
2025-07-09 11:39:50,416 - INFO -   - 归经: 脾经, 肾经, 肺经
2025-07-09 11:39:50,416 - INFO -   - 功效: 行气止痛，温肾助阳。
2025-07-09 11:39:50,416 - INFO -   - 功效列表: 2 条
2025-07-09 11:39:50,416 - INFO -   - 临床应用: 2 条
2025-07-09 11:39:50,416 - INFO -   - 处方用名: 九香虫、灸九香虫（炒微焦用）
2025-07-09 11:39:50,416 - INFO -   - 用法用量: 一钱至三钱，煎服。
2025-07-09 11:39:50,417 - INFO -   - 按语: 0 条
2025-07-09 11:39:50,417 - INFO -   - 方剂举例: 1 条
2025-07-09 11:39:50,417 - INFO -   - 文献摘录: 2 条
2025-07-09 11:39:50,417 - INFO -   - 附药: 0 条
2025-07-09 11:39:50,417 - INFO -   - 图片: 0 张
2025-07-09 11:39:50,417 - INFO - 成功添加药材: 九香虫
2025-07-09 11:39:52,417 - INFO - 正在处理 [194/464] 路路通（附：白胶香） (理气药)
2025-07-09 11:39:52,417 - INFO - 正在解析药材详情: 路路通（附：白胶香）, URL: https://www.zysj.com.cn/lilunshuji/zhongyaoxue/1595.html
2025-07-09 11:39:54,778 - INFO - 成功解析药材: 路路通（附：白胶香） (理气药)
2025-07-09 11:39:54,778 - INFO -   - 拼音: 
2025-07-09 11:39:54,778 - INFO -   - 药用部位: 金缕梅科乔木LiquiddamberformosanaHan...
2025-07-09 11:39:54,778 - INFO -   - 性味归经: 苦、微涩，平。归肝、胃经。
2025-07-09 11:39:54,779 - INFO -   - 药性: 平
2025-07-09 11:39:54,779 - INFO -   - 药味: 苦、微涩
2025-07-09 11:39:54,779 - INFO -   - 归经: 肝经, 胃经
2025-07-09 11:39:54,779 - INFO -   - 功效: 行气止痛，活血通络，利水消肿。
2025-07-09 11:39:54,779 - INFO -   - 功效列表: 3 条
2025-07-09 11:39:54,779 - INFO -   - 临床应用: 3 条
2025-07-09 11:39:54,779 - INFO -   - 处方用名: 路路通、九孔子、枫树果（炒微焦，擂去刺用）
2025-07-09 11:39:54,779 - INFO -   - 用法用量: 一钱至三钱，煎服。月经过多及孕妇，不宜应用。
2025-07-09 11:39:54,779 - INFO -   - 按语: 0 条
2025-07-09 11:39:54,779 - INFO -   - 方剂举例: 0 条
2025-07-09 11:39:54,779 - INFO -   - 文献摘录: 1 条
2025-07-09 11:39:54,779 - INFO -   - 附药: 1 条
2025-07-09 11:39:54,779 - INFO -   - 图片: 0 张
2025-07-09 11:39:54,779 - INFO - 成功添加药材: 路路通（附：白胶香）
2025-07-09 11:39:56,794 - INFO - 正在处理 [195/464] 大腹皮 (理气药)
2025-07-09 11:39:56,795 - INFO - 正在解析药材详情: 大腹皮, URL: https://www.zysj.com.cn/lilunshuji/zhongyaoxue/1596.html
2025-07-09 11:39:59,175 - INFO - 成功解析药材: 大腹皮 (理气药)
2025-07-09 11:39:59,175 - INFO -   - 拼音: 
2025-07-09 11:39:59,175 - INFO -   - 药用部位: 棕榈科乔木槟榔ArecacatechuL.的果皮。
2025-07-09 11:39:59,175 - INFO -   - 性味归经: 辛，温。归脾、胃、大肠、小肠经。
2025-07-09 11:39:59,176 - INFO -   - 药性: 温
2025-07-09 11:39:59,176 - INFO -   - 药味: 辛
2025-07-09 11:39:59,176 - INFO -   - 归经: 脾经, 胃经, 大肠经, 小肠经
2025-07-09 11:39:59,176 - INFO -   - 功效: 行气止痛，利水消肿。
2025-07-09 11:39:59,176 - INFO -   - 功效列表: 2 条
2025-07-09 11:39:59,176 - INFO -   - 临床应用: 2 条
2025-07-09 11:39:59,176 - INFO -   - 处方用名: 大腹皮、槟榔皮（洗净，晒干用）
2025-07-09 11:39:59,176 - INFO -   - 用法用量: 一钱至三钱，煎服。
2025-07-09 11:39:59,176 - INFO -   - 按语: 0 条
2025-07-09 11:39:59,176 - INFO -   - 方剂举例: 1 条
2025-07-09 11:39:59,176 - INFO -   - 文献摘录: 4 条
2025-07-09 11:39:59,176 - INFO -   - 附药: 0 条
2025-07-09 11:39:59,176 - INFO -   - 图片: 0 张
2025-07-09 11:39:59,176 - INFO - 成功添加药材: 大腹皮
2025-07-09 11:40:01,184 - INFO - 正在处理 [196/464] 枸橘 (理气药)
2025-07-09 11:40:01,184 - INFO - 正在解析药材详情: 枸橘, URL: https://www.zysj.com.cn/lilunshuji/zhongyaoxue/1598.html
2025-07-09 11:40:03,587 - INFO - 成功解析药材: 枸橘 (理气药)
2025-07-09 11:40:03,587 - INFO -   - 拼音: 
2025-07-09 11:40:03,587 - INFO -   - 药用部位: 云香科灌木或小乔木枸橘Poncirustrifoliata（...
2025-07-09 11:40:03,587 - INFO -   - 性味归经: 辛、苦，温。归肝、胃经。
2025-07-09 11:40:03,587 - INFO -   - 药性: 温
2025-07-09 11:40:03,587 - INFO -   - 药味: 辛、苦
2025-07-09 11:40:03,587 - INFO -   - 归经: 肝经, 胃经
2025-07-09 11:40:03,587 - INFO -   - 功效: 疏肝破气，消积化滞。
2025-07-09 11:40:03,587 - INFO -   - 功效列表: 2 条
2025-07-09 11:40:03,587 - INFO -   - 临床应用: 2 条
2025-07-09 11:40:03,587 - INFO -   - 处方用名: 枸橘李枸橘梨（洗净，晒干，切碎用）
2025-07-09 11:40:03,588 - INFO -   - 用法用量: 一钱至三钱，煎服。本品有缓泻作用，脾虚便溏者忌用。
2025-07-09 11:40:03,588 - INFO -   - 按语: 0 条
2025-07-09 11:40:03,588 - INFO -   - 方剂举例: 0 条
2025-07-09 11:40:03,588 - INFO -   - 文献摘录: 0 条
2025-07-09 11:40:03,588 - INFO -   - 附药: 0 条
2025-07-09 11:40:03,588 - INFO -   - 图片: 0 张
2025-07-09 11:40:03,588 - INFO - 成功添加药材: 枸橘
2025-07-09 11:40:03,595 - INFO - 数据已保存到 zysj_herbal_data.json，当前共 195 条记录
2025-07-09 11:40:05,602 - INFO - 正在处理 [197/464] 川楝子 (理气药)
2025-07-09 11:40:05,603 - INFO - 正在解析药材详情: 川楝子, URL: https://www.zysj.com.cn/lilunshuji/zhongyaoxue/1599.html
2025-07-09 11:40:08,003 - INFO - 成功解析药材: 川楝子 (理气药)
2025-07-09 11:40:08,003 - INFO -   - 拼音: 
2025-07-09 11:40:08,003 - INFO -   - 药用部位: 楝科乔木植物川楝MeliatoosendanSieb.etZ...
2025-07-09 11:40:08,003 - INFO -   - 性味归经: 苦、寒。归肝、胃、小肠、膀胱经。
2025-07-09 11:40:08,003 - INFO -   - 药性: 寒
2025-07-09 11:40:08,003 - INFO -   - 药味: 苦
2025-07-09 11:40:08,003 - INFO -   - 归经: 肝经, 胃经, 小肠经, 膀胱经
2025-07-09 11:40:08,003 - INFO -   - 功效: 疏肝理气，杀虫疗癣。
2025-07-09 11:40:08,003 - INFO -   - 功效列表: 2 条
2025-07-09 11:40:08,004 - INFO -   - 临床应用: 2 条
2025-07-09 11:40:08,004 - INFO -   - 处方用名: 川楝子金铃子灸川楝子（清炒至微焦用）
2025-07-09 11:40:08,004 - INFO -   - 用法用量: 一钱至三钱，煎服。外用适量。
2025-07-09 11:40:08,004 - INFO -   - 按语: 1 条
2025-07-09 11:40:08,004 - INFO -   - 方剂举例: 1 条
2025-07-09 11:40:08,004 - INFO -   - 文献摘录: 3 条
2025-07-09 11:40:08,004 - INFO -   - 附药: 0 条
2025-07-09 11:40:08,004 - INFO -   - 图片: 0 张
2025-07-09 11:40:08,004 - INFO - 成功添加药材: 川楝子
2025-07-09 11:40:10,011 - INFO - 正在处理 [198/464] 香附 (理气药)
2025-07-09 11:40:10,011 - INFO - 正在解析药材详情: 香附, URL: https://www.zysj.com.cn/lilunshuji/zhongyaoxue/1600.html
2025-07-09 11:40:12,397 - INFO - 成功解析药材: 香附 (理气药)
2025-07-09 11:40:12,397 - INFO -   - 拼音: 
2025-07-09 11:40:12,397 - INFO -   - 药用部位: 莎草科草本植物莎草CyperusrotundusL.的根茎。
2025-07-09 11:40:12,397 - INFO -   - 性味归经: 辛、微苦、甘，平。归肝、三焦经。
2025-07-09 11:40:12,397 - INFO -   - 药性: 平
2025-07-09 11:40:12,397 - INFO -   - 药味: 辛、微苦、甘
2025-07-09 11:40:12,397 - INFO -   - 归经: 肝经, 三焦经
2025-07-09 11:40:12,397 - INFO -   - 功效: 疏肝理气，活血调经。
2025-07-09 11:40:12,398 - INFO -   - 功效列表: 2 条
2025-07-09 11:40:12,398 - INFO -   - 临床应用: 2 条
2025-07-09 11:40:12,398 - INFO -   - 处方用名: 制香附（用黄酒、醋等同蒸煮后用。疏肝止痛功效较佳）、生香附（洗净，晒干，切碎用）
2025-07-09 11:40:12,398 - INFO -   - 用法用量: 一钱至三钱，煎服。
2025-07-09 11:40:12,398 - INFO -   - 按语: 1 条
2025-07-09 11:40:12,398 - INFO -   - 方剂举例: 1 条
2025-07-09 11:40:12,398 - INFO -   - 文献摘录: 3 条
2025-07-09 11:40:12,398 - INFO -   - 附药: 0 条
2025-07-09 11:40:12,398 - INFO -   - 图片: 0 张
2025-07-09 11:40:12,398 - INFO - 成功添加药材: 香附
2025-07-09 11:40:14,411 - INFO - 正在处理 [199/464] 佛手（附：佛手花） (理气药)
2025-07-09 11:40:14,412 - INFO - 正在解析药材详情: 佛手（附：佛手花）, URL: https://www.zysj.com.cn/lilunshuji/zhongyaoxue/1601.html
2025-07-09 11:40:16,783 - INFO - 成功解析药材: 佛手（附：佛手花） (理气药)
2025-07-09 11:40:16,783 - INFO -   - 拼音: 
2025-07-09 11:40:16,783 - INFO -   - 药用部位: 云香科小乔木或灌木佛手柑CitrusmedicaL.var....
2025-07-09 11:40:16,783 - INFO -   - 性味归经: 辛、苦、酸，温。归肺、脾、胃、肝经。
2025-07-09 11:40:16,783 - INFO -   - 药性: 温
2025-07-09 11:40:16,783 - INFO -   - 药味: 辛、苦、酸
2025-07-09 11:40:16,783 - INFO -   - 归经: 肺经, 脾经, 胃经, 肝经
2025-07-09 11:40:16,783 - INFO -   - 功效: 疏肝理气，化痰宽胸。
2025-07-09 11:40:16,783 - INFO -   - 功效列表: 2 条
2025-07-09 11:40:16,783 - INFO -   - 临床应用: 2 条
2025-07-09 11:40:16,783 - INFO -   - 处方用名: 佛手陈佛手佛手片佛手柑（晒干，切片用）
2025-07-09 11:40:16,783 - INFO -   - 用法用量: 一钱至三钱，煎服。
2025-07-09 11:40:16,783 - INFO -   - 按语: 1 条
2025-07-09 11:40:16,783 - INFO -   - 方剂举例: 0 条
2025-07-09 11:40:16,783 - INFO -   - 文献摘录: 1 条
2025-07-09 11:40:16,783 - INFO -   - 附药: 1 条
2025-07-09 11:40:16,783 - INFO -   - 图片: 0 张
2025-07-09 11:40:16,783 - INFO - 成功添加药材: 佛手（附：佛手花）
2025-07-09 11:40:18,785 - INFO - 正在处理 [200/464] 香橼 (理气药)
2025-07-09 11:40:18,785 - INFO - 正在解析药材详情: 香橼, URL: https://www.zysj.com.cn/lilunshuji/zhongyaoxue/1602.html
2025-07-09 11:40:21,154 - INFO - 成功解析药材: 香橼 (理气药)
2025-07-09 11:40:21,154 - INFO -   - 拼音: 
2025-07-09 11:40:21,154 - INFO -   - 药用部位: 云香科小乔木枸橼CitrusmedicaL.或香圆C.wil...
2025-07-09 11:40:21,154 - INFO -   - 性味归经: 辛、苦、酸，温。归肝、脾、肺经。
2025-07-09 11:40:21,154 - INFO -   - 药性: 温
2025-07-09 11:40:21,154 - INFO -   - 药味: 辛、苦、酸
2025-07-09 11:40:21,154 - INFO -   - 归经: 肝经, 脾经, 肺经
2025-07-09 11:40:21,154 - INFO -   - 功效: 疏肝理气，化痰。
2025-07-09 11:40:21,154 - INFO -   - 功效列表: 2 条
2025-07-09 11:40:21,154 - INFO -   - 临床应用: 2 条
2025-07-09 11:40:21,154 - INFO -   - 处方用名: 香橼香圆陈香橼香橼皮炒香橼灸香橼（麸皮扮炒）
2025-07-09 11:40:21,154 - INFO -   - 用法用量: 一钱至三钱，煎服。
2025-07-09 11:40:21,155 - INFO -   - 按语: 0 条
2025-07-09 11:40:21,155 - INFO -   - 方剂举例: 0 条
2025-07-09 11:40:21,155 - INFO -   - 文献摘录: 0 条
2025-07-09 11:40:21,155 - INFO -   - 附药: 0 条
2025-07-09 11:40:21,155 - INFO -   - 图片: 0 张
2025-07-09 11:40:21,155 - INFO - 成功添加药材: 香橼
2025-07-09 11:40:23,158 - INFO - 正在处理 [201/464] 八月札 (理气药)
2025-07-09 11:40:23,158 - INFO - 正在解析药材详情: 八月札, URL: https://www.zysj.com.cn/lilunshuji/zhongyaoxue/1603.html
2025-07-09 11:40:25,525 - INFO - 成功解析药材: 八月札 (理气药)
2025-07-09 11:40:25,525 - INFO -   - 拼音: 
2025-07-09 11:40:25,525 - INFO -   - 药用部位: 木通科藤本植物木通Akebiaquinata（Thunb.）...
2025-07-09 11:40:25,525 - INFO -   - 性味归经: 苦，平。归肝、胃经。
2025-07-09 11:40:25,525 - INFO -   - 药性: 平
2025-07-09 11:40:25,525 - INFO -   - 药味: 苦
2025-07-09 11:40:25,525 - INFO -   - 归经: 肝经, 胃经
2025-07-09 11:40:25,525 - INFO -   - 功效: 疏肝理气，散结。
2025-07-09 11:40:25,525 - INFO -   - 功效列表: 2 条
2025-07-09 11:40:25,525 - INFO -   - 临床应用: 2 条
2025-07-09 11:40:25,525 - INFO -   - 处方用名: 八月扎八月札预知子（洗净，切片，晒干用）
2025-07-09 11:40:25,525 - INFO -   - 用法用量: 一钱至三钱，煎服。
2025-07-09 11:40:25,525 - INFO -   - 按语: 0 条
2025-07-09 11:40:25,525 - INFO -   - 方剂举例: 0 条
2025-07-09 11:40:25,525 - INFO -   - 文献摘录: 0 条
2025-07-09 11:40:25,525 - INFO -   - 附药: 0 条
2025-07-09 11:40:25,525 - INFO -   - 图片: 0 张
2025-07-09 11:40:25,525 - INFO - 成功添加药材: 八月札
2025-07-09 11:40:25,534 - INFO - 数据已保存到 zysj_herbal_data.json，当前共 200 条记录
2025-07-09 11:40:27,539 - INFO - 正在处理 [202/464] 娑罗子 (理气药)
2025-07-09 11:40:27,540 - INFO - 正在解析药材详情: 娑罗子, URL: https://www.zysj.com.cn/lilunshuji/zhongyaoxue/1604.html
2025-07-09 11:40:29,944 - INFO - 成功解析药材: 娑罗子 (理气药)
2025-07-09 11:40:29,944 - INFO -   - 拼音: 
2025-07-09 11:40:29,944 - INFO -   - 药用部位: 七叶树科乔木七叶树AesculuschinensisBge....
2025-07-09 11:40:29,944 - INFO -   - 性味归经: 甘，温。归肝、胃经。
2025-07-09 11:40:29,944 - INFO -   - 药性: 温
2025-07-09 11:40:29,944 - INFO -   - 药味: 甘
2025-07-09 11:40:29,944 - INFO -   - 归经: 肝经, 胃经
2025-07-09 11:40:29,944 - INFO -   - 功效: 疏肝理气。
2025-07-09 11:40:29,944 - INFO -   - 功效列表: 1 条
2025-07-09 11:40:29,944 - INFO -   - 临床应用: 2 条
2025-07-09 11:40:29,944 - INFO -   - 处方用名: 娑罗子苏罗子开心果天师粟（晒干，用时打碎）
2025-07-09 11:40:29,944 - INFO -   - 用法用量: 一钱至三钱，煎服。
2025-07-09 11:40:29,944 - INFO -   - 按语: 0 条
2025-07-09 11:40:29,944 - INFO -   - 方剂举例: 1 条
2025-07-09 11:40:29,944 - INFO -   - 文献摘录: 1 条
2025-07-09 11:40:29,944 - INFO -   - 附药: 0 条
2025-07-09 11:40:29,944 - INFO -   - 图片: 0 张
2025-07-09 11:40:29,944 - INFO - 成功添加药材: 娑罗子
2025-07-09 11:40:31,947 - INFO - 正在处理 [203/464] 玫瑰花（附：代代花） (理气药)
2025-07-09 11:40:31,948 - INFO - 正在解析药材详情: 玫瑰花（附：代代花）, URL: https://www.zysj.com.cn/lilunshuji/zhongyaoxue/1605.html
2025-07-09 11:40:34,329 - INFO - 成功解析药材: 玫瑰花（附：代代花） (理气药)
2025-07-09 11:40:34,329 - INFO -   - 拼音: 
2025-07-09 11:40:34,329 - INFO -   - 药用部位: 蔷薇科灌木植物玫瑰RosarugosaThunb.的花蕾。
2025-07-09 11:40:34,329 - INFO -   - 性味归经: 甘、微苦，温。归肝、脾经。
2025-07-09 11:40:34,329 - INFO -   - 药性: 温
2025-07-09 11:40:34,330 - INFO -   - 药味: 甘、微苦
2025-07-09 11:40:34,330 - INFO -   - 归经: 肝经, 脾经
2025-07-09 11:40:34,330 - INFO -   - 功效: 疏肝理气，和血散瘀。
2025-07-09 11:40:34,330 - INFO -   - 功效列表: 2 条
2025-07-09 11:40:34,330 - INFO -   - 临床应用: 2 条
2025-07-09 11:40:34,330 - INFO -   - 处方用名: 玫瑰花（晒干用）
2025-07-09 11:40:34,330 - INFO -   - 用法用量: 一钱至钱半，煎服。
2025-07-09 11:40:34,330 - INFO -   - 按语: 0 条
2025-07-09 11:40:34,330 - INFO -   - 方剂举例: 0 条
2025-07-09 11:40:34,330 - INFO -   - 文献摘录: 0 条
2025-07-09 11:40:34,330 - INFO -   - 附药: 1 条
2025-07-09 11:40:34,330 - INFO -   - 图片: 0 张
2025-07-09 11:40:34,330 - INFO - 成功添加药材: 玫瑰花（附：代代花）
2025-07-09 11:40:36,341 - INFO - 正在处理 [204/464] 绿萼梅（附：白残花） (理气药)
2025-07-09 11:40:36,341 - INFO - 正在解析药材详情: 绿萼梅（附：白残花）, URL: https://www.zysj.com.cn/lilunshuji/zhongyaoxue/1606.html
2025-07-09 11:40:38,757 - INFO - 成功解析药材: 绿萼梅（附：白残花） (理气药)
2025-07-09 11:40:38,757 - INFO -   - 拼音: 
2025-07-09 11:40:38,757 - INFO -   - 药用部位: 蔷薇科小乔木梅Prunusmume（Sieb.）Sieb.e...
2025-07-09 11:40:38,757 - INFO -   - 性味归经: 酸、涩，平。归肝、胃经。
2025-07-09 11:40:38,757 - INFO -   - 药性: 平
2025-07-09 11:40:38,757 - INFO -   - 药味: 酸、涩
2025-07-09 11:40:38,757 - INFO -   - 归经: 肝经, 胃经
2025-07-09 11:40:38,757 - INFO -   - 功效: 疏肝理气。
2025-07-09 11:40:38,757 - INFO -   - 功效列表: 1 条
2025-07-09 11:40:38,757 - INFO -   - 临床应用: 2 条
2025-07-09 11:40:38,757 - INFO -   - 处方用名: 绿萼梅绿梅花（晒干用）
2025-07-09 11:40:38,757 - INFO -   - 用法用量: 一钱至钱半，煎服。
2025-07-09 11:40:38,757 - INFO -   - 按语: 0 条
2025-07-09 11:40:38,757 - INFO -   - 方剂举例: 0 条
2025-07-09 11:40:38,757 - INFO -   - 文献摘录: 1 条
2025-07-09 11:40:38,757 - INFO -   - 附药: 1 条
2025-07-09 11:40:38,757 - INFO -   - 图片: 0 张
2025-07-09 11:40:38,757 - INFO - 成功添加药材: 绿萼梅（附：白残花）
2025-07-09 11:40:40,772 - INFO - 正在处理 [205/464] 荔枝核 (理气药)
2025-07-09 11:40:40,773 - INFO - 正在解析药材详情: 荔枝核, URL: https://www.zysj.com.cn/lilunshuji/zhongyaoxue/1607.html
2025-07-09 11:40:43,200 - INFO - 成功解析药材: 荔枝核 (理气药)
2025-07-09 11:40:43,200 - INFO -   - 拼音: 
2025-07-09 11:40:43,200 - INFO -   - 药用部位: 无患子科乔木荔枝LitchichinensisSonn.的成...
2025-07-09 11:40:43,200 - INFO -   - 性味归经: 辛，温。归肝经。
2025-07-09 11:40:43,200 - INFO -   - 药性: 温
2025-07-09 11:40:43,200 - INFO -   - 药味: 辛
2025-07-09 11:40:43,200 - INFO -   - 归经: 肝经
2025-07-09 11:40:43,200 - INFO -   - 功效: 疏肝理气，散结止痛。
2025-07-09 11:40:43,200 - INFO -   - 功效列表: 2 条
2025-07-09 11:40:43,200 - INFO -   - 临床应用: 2 条
2025-07-09 11:40:43,201 - INFO -   - 处方用名: 荔枝核（打碎用）
2025-07-09 11:40:43,201 - INFO -   - 用法用量: 一钱至三钱，煎服。
2025-07-09 11:40:43,201 - INFO -   - 按语: 0 条
2025-07-09 11:40:43,201 - INFO -   - 方剂举例: 0 条
2025-07-09 11:40:43,201 - INFO -   - 文献摘录: 1 条
2025-07-09 11:40:43,201 - INFO -   - 附药: 0 条
2025-07-09 11:40:43,201 - INFO -   - 图片: 0 张
2025-07-09 11:40:43,201 - INFO - 成功添加药材: 荔枝核
2025-07-09 11:40:45,201 - INFO - 正在处理 [206/464] 旋覆花（附：旋覆梗） (理气药)
2025-07-09 11:40:45,201 - INFO - 正在解析药材详情: 旋覆花（附：旋覆梗）, URL: https://www.zysj.com.cn/lilunshuji/zhongyaoxue/1608.html
2025-07-09 11:40:47,591 - INFO - 成功解析药材: 旋覆花（附：旋覆梗） (理气药)
2025-07-09 11:40:47,591 - INFO -   - 拼音: 
2025-07-09 11:40:47,591 - INFO -   - 药用部位: 菊科草本植物旋覆花InulaJaponicaThunb.或欧...
2025-07-09 11:40:47,591 - INFO -   - 性味归经: 苦、辛、咸，微温。归肺、脾、大肠经。
2025-07-09 11:40:47,591 - INFO -   - 药性: 微温
2025-07-09 11:40:47,591 - INFO -   - 药味: 苦、辛、咸
2025-07-09 11:40:47,591 - INFO -   - 归经: 肺经, 脾经, 大肠经
2025-07-09 11:40:47,591 - INFO -   - 功效: 降气止呕，化痰止咳。
2025-07-09 11:40:47,591 - INFO -   - 功效列表: 2 条
2025-07-09 11:40:47,591 - INFO -   - 临床应用: 2 条
2025-07-09 11:40:47,591 - INFO -   - 处方用名: 旋覆花、全福花、金沸花（晒干用）、灸旋覆花（用蜂蜜拌炒，用于咳喘多痰，有润肺作用）
2025-07-09 11:40:47,591 - INFO -   - 用法用量: 一钱至三钱，本品入汤不易澄净，每能刺喉作痒，须布包入煎。
2025-07-09 11:40:47,591 - INFO -   - 按语: 2 条
2025-07-09 11:40:47,591 - INFO -   - 方剂举例: 1 条
2025-07-09 11:40:47,591 - INFO -   - 文献摘录: 3 条
2025-07-09 11:40:47,591 - INFO -   - 附药: 1 条
2025-07-09 11:40:47,591 - INFO -   - 图片: 0 张
2025-07-09 11:40:47,591 - INFO - 成功添加药材: 旋覆花（附：旋覆梗）
2025-07-09 11:40:47,599 - INFO - 数据已保存到 zysj_herbal_data.json，当前共 205 条记录
2025-07-09 11:40:49,601 - INFO - 正在处理 [207/464] 代赭石 (理气药)
2025-07-09 11:40:49,601 - INFO - 正在解析药材详情: 代赭石, URL: https://www.zysj.com.cn/lilunshuji/zhongyaoxue/1609.html
2025-07-09 11:40:51,979 - INFO - 成功解析药材: 代赭石 (理气药)
2025-07-09 11:40:51,979 - INFO -   - 拼音: 
2025-07-09 11:40:51,979 - INFO -   - 药用部位: 氧化物类矿物刚玉族赤铁矿的矿石。
2025-07-09 11:40:51,979 - INFO -   - 性味归经: 苦，寒。归肝、心包经。
2025-07-09 11:40:51,979 - INFO -   - 药性: 寒
2025-07-09 11:40:51,979 - INFO -   - 药味: 苦
2025-07-09 11:40:51,979 - INFO -   - 归经: 肝经, 心包经
2025-07-09 11:40:51,979 - INFO -   - 功效: 降气止呕定喘，凉血止血，平抑肝阳。
2025-07-09 11:40:51,979 - INFO -   - 功效列表: 3 条
2025-07-09 11:40:51,979 - INFO -   - 临床应用: 3 条
2025-07-09 11:40:51,979 - INFO -   - 处方用名: 代赭石（打碎生用，用以降逆）、代赭石、赭石（后醋淬用，用以收敛止血）
2025-07-09 11:40:51,979 - INFO -   - 用法用量: 三钱至一两，生用须先煎。
2025-07-09 11:40:51,979 - INFO -   - 按语: 0 条
2025-07-09 11:40:51,980 - INFO -   - 方剂举例: 1 条
2025-07-09 11:40:51,980 - INFO -   - 文献摘录: 0 条
2025-07-09 11:40:51,980 - INFO -   - 附药: 0 条
2025-07-09 11:40:51,980 - INFO -   - 图片: 0 张
2025-07-09 11:40:51,980 - INFO - 成功添加药材: 代赭石
2025-07-09 11:40:53,991 - INFO - 正在处理 [208/464] 沉香 (理气药)
2025-07-09 11:40:53,991 - INFO - 正在解析药材详情: 沉香, URL: https://www.zysj.com.cn/lilunshuji/zhongyaoxue/1610.html
2025-07-09 11:40:56,361 - INFO - 成功解析药材: 沉香 (理气药)
2025-07-09 11:40:56,361 - INFO -   - 拼音: 
2025-07-09 11:40:56,361 - INFO -   - 药用部位: 瑞香科乔木沉香AquilariaagallochaRoxb....
2025-07-09 11:40:56,361 - INFO -   - 性味归经: 辛、苦，温。归脾、胃、肾经。
2025-07-09 11:40:56,361 - INFO -   - 药性: 温
2025-07-09 11:40:56,361 - INFO -   - 药味: 辛、苦
2025-07-09 11:40:56,361 - INFO -   - 归经: 脾经, 胃经, 肾经
2025-07-09 11:40:56,361 - INFO -   - 功效: 降气止呕，温肾纳气，行气止痛。
2025-07-09 11:40:56,361 - INFO -   - 功效列表: 3 条
2025-07-09 11:40:56,361 - INFO -   - 临床应用: 3 条
2025-07-09 11:40:56,361 - INFO -   - 处方用名: 沉香、海南沉（劈开，打成丝条用）、沉香粉（研成细粉）
2025-07-09 11:40:56,361 - INFO -   - 用法用量: 三分至一钱，入煎应后下。研末冲服，每次0.5--1g。亦可用原药磨汁服。
2025-07-09 11:40:56,362 - INFO -   - 按语: 1 条
2025-07-09 11:40:56,362 - INFO -   - 方剂举例: 1 条
2025-07-09 11:40:56,362 - INFO -   - 文献摘录: 0 条
2025-07-09 11:40:56,362 - INFO -   - 附药: 0 条
2025-07-09 11:40:56,362 - INFO -   - 图片: 0 张
2025-07-09 11:40:56,362 - INFO - 成功添加药材: 沉香
2025-07-09 11:40:58,367 - INFO - 正在处理 [209/464] 丁香 (理气药)
2025-07-09 11:40:58,367 - INFO - 正在解析药材详情: 丁香, URL: https://www.zysj.com.cn/lilunshuji/zhongyaoxue/1611.html
2025-07-09 11:41:00,731 - INFO - 成功解析药材: 丁香 (理气药)
2025-07-09 11:41:00,732 - INFO -   - 拼音: 
2025-07-09 11:41:00,732 - INFO -   - 药用部位: 桃金娘科乔木丁香EugeniacaryophyllataTh...
2025-07-09 11:41:00,732 - INFO -   - 性味归经: 辛，温。归肺、胃、脾、肾经。
2025-07-09 11:41:00,732 - INFO -   - 药性: 温
2025-07-09 11:41:00,732 - INFO -   - 药味: 辛
2025-07-09 11:41:00,732 - INFO -   - 归经: 肺经, 胃经, 脾经, 肾经
2025-07-09 11:41:00,732 - INFO -   - 功效: 降气止呃，温中散寒止痛，温肾助阳。
2025-07-09 11:41:00,732 - INFO -   - 功效列表: 3 条
2025-07-09 11:41:00,732 - INFO -   - 临床应用: 3 条
2025-07-09 11:41:00,732 - INFO -   - 处方用名: 丁香公丁香（生用，花蕾）母丁香鸡舌香（生用，果实）
2025-07-09 11:41:00,732 - INFO -   - 用法用量: 2--5g，煎服。
2025-07-09 11:41:00,732 - INFO -   - 按语: 2 条
2025-07-09 11:41:00,732 - INFO -   - 方剂举例: 1 条
2025-07-09 11:41:00,732 - INFO -   - 文献摘录: 0 条
2025-07-09 11:41:00,733 - INFO -   - 附药: 0 条
2025-07-09 11:41:00,733 - INFO -   - 图片: 0 张
2025-07-09 11:41:00,733 - INFO - 成功添加药材: 丁香
2025-07-09 11:41:02,733 - INFO - 正在处理 [210/464] 柿蒂（附：柿霜） (理气药)
2025-07-09 11:41:02,733 - INFO - 正在解析药材详情: 柿蒂（附：柿霜）, URL: https://www.zysj.com.cn/lilunshuji/zhongyaoxue/1612.html
2025-07-09 11:41:05,110 - INFO - 成功解析药材: 柿蒂（附：柿霜） (理气药)
2025-07-09 11:41:05,110 - INFO -   - 拼音: 
2025-07-09 11:41:05,110 - INFO -   - 药用部位: 柿树科乔木柿DiospyrosKakiL.f.的宿导。
2025-07-09 11:41:05,110 - INFO -   - 性味归经: 苦，平。归胃经。
2025-07-09 11:41:05,110 - INFO -   - 药性: 平
2025-07-09 11:41:05,111 - INFO -   - 药味: 苦
2025-07-09 11:41:05,111 - INFO -   - 归经: 胃经
2025-07-09 11:41:05,111 - INFO -   - 功效: 降气止呕。
2025-07-09 11:41:05,111 - INFO -   - 功效列表: 1 条
2025-07-09 11:41:05,111 - INFO -   - 临床应用: 2 条
2025-07-09 11:41:05,111 - INFO -   - 处方用名: 柿蒂（洗净，晒干用）
2025-07-09 11:41:05,111 - INFO -   - 用法用量: 一钱至三钱，煎服。
2025-07-09 11:41:05,111 - INFO -   - 按语: 0 条
2025-07-09 11:41:05,111 - INFO -   - 方剂举例: 1 条
2025-07-09 11:41:05,111 - INFO -   - 文献摘录: 0 条
2025-07-09 11:41:05,111 - INFO -   - 附药: 1 条
2025-07-09 11:41:05,111 - INFO -   - 图片: 0 张
2025-07-09 11:41:05,111 - INFO - 成功添加药材: 柿蒂（附：柿霜）
2025-07-09 11:41:07,113 - INFO - 正在处理 [211/464] 川芎 (活血祛瘀药)
2025-07-09 11:41:07,113 - INFO - 正在解析药材详情: 川芎, URL: https://www.zysj.com.cn/lilunshuji/zhongyaoxue/1616.html
2025-07-09 11:41:09,513 - INFO - 成功解析药材: 川芎 (活血祛瘀药)
2025-07-09 11:41:09,513 - INFO -   - 拼音: 
2025-07-09 11:41:09,513 - INFO -   - 药用部位: 伞形科草本植物川芎LigusticumchuanxiongH...
2025-07-09 11:41:09,513 - INFO -   - 性味归经: 辛，温。归肝、胆、心包经。
2025-07-09 11:41:09,513 - INFO -   - 药性: 温
2025-07-09 11:41:09,513 - INFO -   - 药味: 辛
2025-07-09 11:41:09,513 - INFO -   - 归经: 肝经, 胆经, 心包经
2025-07-09 11:41:09,513 - INFO -   - 功效: 活血祛瘀，祛风止痛。
2025-07-09 11:41:09,513 - INFO -   - 功效列表: 2 条
2025-07-09 11:41:09,513 - INFO -   - 临床应用: 2 条
2025-07-09 11:41:09,514 - INFO -   - 处方用名: 川芎、抚芎（洗净，晒干，切碎用）、灸川芎（清炒至微焦）
2025-07-09 11:41:09,514 - INFO -   - 用法用量: 一钱至三钱，煎服。研粉吞服每次1--1.5g。
2025-07-09 11:41:09,514 - INFO -   - 按语: 3 条
2025-07-09 11:41:09,514 - INFO -   - 方剂举例: 1 条
2025-07-09 11:41:09,514 - INFO -   - 文献摘录: 0 条
2025-07-09 11:41:09,514 - INFO -   - 附药: 0 条
2025-07-09 11:41:09,514 - INFO -   - 图片: 0 张
2025-07-09 11:41:09,514 - INFO - 成功添加药材: 川芎
2025-07-09 11:41:09,522 - INFO - 数据已保存到 zysj_herbal_data.json，当前共 210 条记录
2025-07-09 11:41:11,522 - INFO - 正在处理 [212/464] 丹参 (活血祛瘀药)
2025-07-09 11:41:11,523 - INFO - 正在解析药材详情: 丹参, URL: https://www.zysj.com.cn/lilunshuji/zhongyaoxue/1617.html
2025-07-09 11:41:13,916 - INFO - 成功解析药材: 丹参 (活血祛瘀药)
2025-07-09 11:41:13,916 - INFO -   - 拼音: 
2025-07-09 11:41:13,916 - INFO -   - 药用部位: 唇形科草本植物丹参SalviamiltiorrhizaBge...
2025-07-09 11:41:13,916 - INFO -   - 性味归经: 苦，微寒。归心、心包、肝经。
2025-07-09 11:41:13,916 - INFO -   - 药性: 微寒
2025-07-09 11:41:13,916 - INFO -   - 药味: 苦
2025-07-09 11:41:13,916 - INFO -   - 归经: 心经, 心包经, 肝经
2025-07-09 11:41:13,916 - INFO -   - 功效: 活血祛瘀，凉血清心，养血安神。
2025-07-09 11:41:13,917 - INFO -   - 功效列表: 3 条
2025-07-09 11:41:13,917 - INFO -   - 临床应用: 3 条
2025-07-09 11:41:13,917 - INFO -   - 处方用名: 丹参、紫丹参（洗净，晒干，切碎用）、炒丹参（清炒至微焦）、猪心血拌丹参（用猪心血，黄酒拌后干燥，增强养血安神作用）
2025-07-09 11:41:13,917 - INFO -   - 用法用量: 三钱至五钱，煎服。
2025-07-09 11:41:13,917 - INFO -   - 按语: 2 条
2025-07-09 11:41:13,917 - INFO -   - 方剂举例: 1 条
2025-07-09 11:41:13,917 - INFO -   - 文献摘录: 0 条
2025-07-09 11:41:13,917 - INFO -   - 附药: 0 条
2025-07-09 11:41:13,917 - INFO -   - 图片: 0 张
2025-07-09 11:41:13,917 - INFO - 成功添加药材: 丹参
2025-07-09 11:41:15,928 - INFO - 正在处理 [213/464] 桃仁（附：瘪桃干） (活血祛瘀药)
2025-07-09 11:41:15,928 - INFO - 正在解析药材详情: 桃仁（附：瘪桃干）, URL: https://www.zysj.com.cn/lilunshuji/zhongyaoxue/1618.html
2025-07-09 11:41:18,343 - INFO - 成功解析药材: 桃仁（附：瘪桃干） (活血祛瘀药)
2025-07-09 11:41:18,343 - INFO -   - 拼音: 
2025-07-09 11:41:18,343 - INFO -   - 药用部位: 蔷薇科小乔木桃Prunuspersica（L.）Batsch...
2025-07-09 11:41:18,343 - INFO -   - 性味归经: 苦、甘，平。归心、肝、大肠经。
2025-07-09 11:41:18,345 - INFO -   - 药性: 平
2025-07-09 11:41:18,345 - INFO -   - 药味: 苦、甘
2025-07-09 11:41:18,345 - INFO -   - 归经: 心经, 肝经, 大肠经
2025-07-09 11:41:18,345 - INFO -   - 功效: 活血祛瘀，润肠通便。
2025-07-09 11:41:18,345 - INFO -   - 功效列表: 2 条
2025-07-09 11:41:18,345 - INFO -   - 临床应用: 2 条
2025-07-09 11:41:18,345 - INFO -   - 处方用名: 桃仁、桃仁泥、老桃仁、单桃仁（去种皮，打碎用）、桃仁霜（去油制霜用）
2025-07-09 11:41:18,345 - INFO -   - 用法用量: 一钱至三钱，煎服。桃仁霜入汤剂须包煎。
2025-07-09 11:41:18,345 - INFO -   - 按语: 2 条
2025-07-09 11:41:18,345 - INFO -   - 方剂举例: 0 条
2025-07-09 11:41:18,345 - INFO -   - 文献摘录: 0 条
2025-07-09 11:41:18,345 - INFO -   - 附药: 1 条
2025-07-09 11:41:18,345 - INFO -   - 图片: 0 张
2025-07-09 11:41:18,345 - INFO - 成功添加药材: 桃仁（附：瘪桃干）
2025-07-09 11:41:20,357 - INFO - 正在处理 [214/464] 红花 (活血祛瘀药)
2025-07-09 11:41:20,357 - INFO - 正在解析药材详情: 红花, URL: https://www.zysj.com.cn/lilunshuji/zhongyaoxue/1619.html
2025-07-09 11:41:22,741 - INFO - 成功解析药材: 红花 (活血祛瘀药)
2025-07-09 11:41:22,741 - INFO -   - 拼音: 
2025-07-09 11:41:22,741 - INFO -   - 药用部位: 菊科本草植物红花CarthamustinctoriusL.的...
2025-07-09 11:41:22,741 - INFO -   - 性味归经: 辛、温。归肝、心经。
2025-07-09 11:41:22,741 - INFO -   - 药性: 温
2025-07-09 11:41:22,741 - INFO -   - 药味: 辛
2025-07-09 11:41:22,741 - INFO -   - 归经: 肝经, 心经
2025-07-09 11:41:22,741 - INFO -   - 功效: 活血祛瘀
2025-07-09 11:41:22,741 - INFO -   - 功效列表: 1 条
2025-07-09 11:41:22,741 - INFO -   - 临床应用: 2 条
2025-07-09 11:41:22,741 - INFO -   - 处方用名: 红花杜红花（晒干用）
2025-07-09 11:41:22,741 - INFO -   - 用法用量: 一钱至三钱，煎服。月经过多，孕妇忌用。
2025-07-09 11:41:22,741 - INFO -   - 按语: 0 条
2025-07-09 11:41:22,741 - INFO -   - 方剂举例: 1 条
2025-07-09 11:41:22,741 - INFO -   - 文献摘录: 0 条
2025-07-09 11:41:22,741 - INFO -   - 附药: 1 条
2025-07-09 11:41:22,742 - INFO -   - 图片: 0 张
2025-07-09 11:41:22,742 - INFO - 成功添加药材: 红花
2025-07-09 11:41:24,756 - INFO - 正在处理 [215/464] 泽兰 (活血祛瘀药)
2025-07-09 11:41:24,757 - INFO - 正在解析药材详情: 泽兰, URL: https://www.zysj.com.cn/lilunshuji/zhongyaoxue/1620.html
2025-07-09 11:41:27,145 - INFO - 成功解析药材: 泽兰 (活血祛瘀药)
2025-07-09 11:41:27,145 - INFO -   - 拼音: 
2025-07-09 11:41:27,145 - INFO -   - 药用部位: 唇形科草本植物毛叶地瓜儿苗LycopuslucidusTur...
2025-07-09 11:41:27,145 - INFO -   - 性味归经: 苦、辛，微温。归肝、脾经。
2025-07-09 11:41:27,145 - INFO -   - 药性: 微温
2025-07-09 11:41:27,145 - INFO -   - 药味: 苦、辛
2025-07-09 11:41:27,145 - INFO -   - 归经: 肝经, 脾经
2025-07-09 11:41:27,145 - INFO -   - 功效: 活血祛瘀，利水消肿。
2025-07-09 11:41:27,145 - INFO -   - 功效列表: 2 条
2025-07-09 11:41:27,145 - INFO -   - 临床应用: 2 条
2025-07-09 11:41:27,145 - INFO -   - 处方用名: 泽兰（洗净，晒干，切碎用）
2025-07-09 11:41:27,145 - INFO -   - 用法用量: 一钱至三钱，煎服。月经过多，孕妇忌用。
2025-07-09 11:41:27,145 - INFO -   - 按语: 0 条
2025-07-09 11:41:27,146 - INFO -   - 方剂举例: 1 条
2025-07-09 11:41:27,146 - INFO -   - 文献摘录: 0 条
2025-07-09 11:41:27,146 - INFO -   - 附药: 0 条
2025-07-09 11:41:27,146 - INFO -   - 图片: 0 张
2025-07-09 11:41:27,146 - INFO - 成功添加药材: 泽兰
2025-07-09 11:41:29,154 - INFO - 正在处理 [216/464] 马鞭草 (活血祛瘀药)
2025-07-09 11:41:29,155 - INFO - 正在解析药材详情: 马鞭草, URL: https://www.zysj.com.cn/lilunshuji/zhongyaoxue/1621.html
2025-07-09 11:41:31,567 - INFO - 成功解析药材: 马鞭草 (活血祛瘀药)
2025-07-09 11:41:31,567 - INFO -   - 拼音: 
2025-07-09 11:41:31,567 - INFO -   - 药用部位: 马鞭草科草本植物马鞭草VerbenaofficinalisL...
2025-07-09 11:41:31,567 - INFO -   - 性味归经: 苦，微寒。归肝、脾经。
2025-07-09 11:41:31,567 - INFO -   - 药性: 微寒
2025-07-09 11:41:31,567 - INFO -   - 药味: 苦
2025-07-09 11:41:31,567 - INFO -   - 归经: 肝经, 脾经
2025-07-09 11:41:31,567 - INFO -   - 功效: 活血祛瘀，利水，截疟。
2025-07-09 11:41:31,567 - INFO -   - 功效列表: 3 条
2025-07-09 11:41:31,567 - INFO -   - 临床应用: 2 条
2025-07-09 11:41:31,567 - INFO -   - 处方用名: 马鞭草（洗净，晒干，切碎用）
2025-07-09 11:41:31,567 - INFO -   - 用法用量: 三钱至一两，煎服。月经过多、孕妇忌用。
2025-07-09 11:41:31,567 - INFO -   - 按语: 0 条
2025-07-09 11:41:31,567 - INFO -   - 方剂举例: 0 条
2025-07-09 11:41:31,567 - INFO -   - 文献摘录: 2 条
2025-07-09 11:41:31,567 - INFO -   - 附药: 0 条
2025-07-09 11:41:31,567 - INFO -   - 图片: 0 张
2025-07-09 11:41:31,567 - INFO - 成功添加药材: 马鞭草
2025-07-09 11:41:31,576 - INFO - 数据已保存到 zysj_herbal_data.json，当前共 215 条记录
2025-07-09 11:41:33,578 - INFO - 正在处理 [217/464] 乳香 (活血祛瘀药)
2025-07-09 11:41:33,578 - INFO - 正在解析药材详情: 乳香, URL: https://www.zysj.com.cn/lilunshuji/zhongyaoxue/1622.html
2025-07-09 11:41:36,005 - INFO - 成功解析药材: 乳香 (活血祛瘀药)
2025-07-09 11:41:36,005 - INFO -   - 拼音: 
2025-07-09 11:41:36,005 - INFO -   - 药用部位: 橄榄科矮小乔木卡氏乳香树BoswelliacarteriiB...
2025-07-09 11:41:36,005 - INFO -   - 性味归经: 辛、苦，温。归心、肝、脾经。
2025-07-09 11:41:36,005 - INFO -   - 药性: 温
2025-07-09 11:41:36,005 - INFO -   - 药味: 辛、苦
2025-07-09 11:41:36,005 - INFO -   - 归经: 心经, 肝经, 脾经
2025-07-09 11:41:36,006 - INFO -   - 功效: 活血止痛，消肿生肌。
2025-07-09 11:41:36,006 - INFO -   - 功效列表: 2 条
2025-07-09 11:41:36,006 - INFO -   - 临床应用: 2 条
2025-07-09 11:41:36,006 - INFO -   - 处方用名: 生乳香滴乳香（原药敲碎用）、乳香制乳香炒乳香（炒去油用）
2025-07-09 11:41:36,006 - INFO -   - 用法用量: 一钱至三钱，煎服。外用适量。
2025-07-09 11:41:36,006 - INFO -   - 按语: 2 条
2025-07-09 11:41:36,006 - INFO -   - 方剂举例: 1 条
2025-07-09 11:41:36,006 - INFO -   - 文献摘录: 0 条
2025-07-09 11:41:36,006 - INFO -   - 附药: 0 条
2025-07-09 11:41:36,006 - INFO -   - 图片: 0 张
2025-07-09 11:41:36,006 - INFO - 成功添加药材: 乳香
2025-07-09 11:41:38,016 - INFO - 正在处理 [218/464] 没药 (活血祛瘀药)
2025-07-09 11:41:38,017 - INFO - 正在解析药材详情: 没药, URL: https://www.zysj.com.cn/lilunshuji/zhongyaoxue/1623.html
2025-07-09 11:41:40,502 - INFO - 成功解析药材: 没药 (活血祛瘀药)
2025-07-09 11:41:40,502 - INFO -   - 拼音: 
2025-07-09 11:41:40,502 - INFO -   - 药用部位: 橄榄科灌木或小乔木没药树CommiphoramyrrhaEn...
2025-07-09 11:41:40,502 - INFO -   - 性味归经: 苦，平。归心、肝、脾经。
2025-07-09 11:41:40,502 - INFO -   - 药性: 平
2025-07-09 11:41:40,502 - INFO -   - 药味: 苦
2025-07-09 11:41:40,502 - INFO -   - 归经: 心经, 肝经, 脾经
2025-07-09 11:41:40,503 - INFO -   - 功效: 活血止痛，消肿生肌。
2025-07-09 11:41:40,503 - INFO -   - 功效列表: 2 条
2025-07-09 11:41:40,503 - INFO -   - 临床应用: 2 条
2025-07-09 11:41:40,503 - INFO -   - 处方用名: 没药制没药灸没药炒没药（炒去油用）
2025-07-09 11:41:40,503 - INFO -   - 用法用量: 一钱至三钱，煎服。外用适量。易败胃气，胃弱者慎用。
2025-07-09 11:41:40,503 - INFO -   - 按语: 0 条
2025-07-09 11:41:40,503 - INFO -   - 方剂举例: 1 条
2025-07-09 11:41:40,503 - INFO -   - 文献摘录: 0 条
2025-07-09 11:41:40,503 - INFO -   - 附药: 0 条
2025-07-09 11:41:40,503 - INFO -   - 图片: 0 张
2025-07-09 11:41:40,503 - INFO - 成功添加药材: 没药
2025-07-09 11:41:42,504 - INFO - 正在处理 [219/464] 五灵脂 (活血祛瘀药)
2025-07-09 11:41:42,504 - INFO - 正在解析药材详情: 五灵脂, URL: https://www.zysj.com.cn/lilunshuji/zhongyaoxue/1624.html
2025-07-09 11:41:44,895 - INFO - 成功解析药材: 五灵脂 (活血祛瘀药)
2025-07-09 11:41:44,895 - INFO -   - 拼音: 
2025-07-09 11:41:44,895 - INFO -   - 药用部位: 鼯鼠科动物复齿鼯鼠TrogopterusxanthipesM...
2025-07-09 11:41:44,895 - INFO -   - 性味归经: 甘，温。归肝经。
2025-07-09 11:41:44,895 - INFO -   - 药性: 温
2025-07-09 11:41:44,895 - INFO -   - 药味: 甘
2025-07-09 11:41:44,895 - INFO -   - 归经: 肝经
2025-07-09 11:41:44,895 - INFO -   - 功效: 活血止痛，化瘀止血。
2025-07-09 11:41:44,895 - INFO -   - 功效列表: 2 条
2025-07-09 11:41:44,895 - INFO -   - 临床应用: 2 条
2025-07-09 11:41:44,895 - INFO -   - 处方用名: 五灵脂、炒五灵脂（清炒至微焦用）
2025-07-09 11:41:44,895 - INFO -   - 用法用量: 一钱至三钱，包煎。或入丸、散用。
2025-07-09 11:41:44,895 - INFO -   - 按语: 1 条
2025-07-09 11:41:44,895 - INFO -   - 方剂举例: 1 条
2025-07-09 11:41:44,895 - INFO -   - 文献摘录: 0 条
2025-07-09 11:41:44,895 - INFO -   - 附药: 0 条
2025-07-09 11:41:44,895 - INFO -   - 图片: 0 张
2025-07-09 11:41:44,895 - INFO - 成功添加药材: 五灵脂
2025-07-09 11:41:46,906 - INFO - 正在处理 [220/464] 郁金 (活血祛瘀药)
2025-07-09 11:41:46,907 - INFO - 正在解析药材详情: 郁金, URL: https://www.zysj.com.cn/lilunshuji/zhongyaoxue/1625.html
2025-07-09 11:41:49,325 - INFO - 成功解析药材: 郁金 (活血祛瘀药)
2025-07-09 11:41:49,325 - INFO -   - 拼音: 
2025-07-09 11:41:49,325 - INFO -   - 药用部位: 姜科草本植物郁金CurcumaaromaticaSalisb...
2025-07-09 11:41:49,325 - INFO -   - 性味归经: 辛、苦，寒。归心、肺、肝经。
2025-07-09 11:41:49,325 - INFO -   - 药性: 寒
2025-07-09 11:41:49,325 - INFO -   - 药味: 辛、苦
2025-07-09 11:41:49,325 - INFO -   - 归经: 心经, 肺经, 肝经
2025-07-09 11:41:49,325 - INFO -   - 功效: 活血止痛，疏肝解郁，凉血清心，利胆退黄。
2025-07-09 11:41:49,325 - INFO -   - 功效列表: 4 条
2025-07-09 11:41:49,325 - INFO -   - 临床应用: 5 条
2025-07-09 11:41:49,325 - INFO -   - 处方用名: 川郁金、广郁金（为姜黄、广西莪朮或莪朮的块根，长于行气解郁）
2025-07-09 11:41:49,325 - INFO -   - 用法用量: 一钱至三钱，煎服。
2025-07-09 11:41:49,325 - INFO -   - 按语: 2 条
2025-07-09 11:41:49,325 - INFO -   - 方剂举例: 1 条
2025-07-09 11:41:49,325 - INFO -   - 文献摘录: 0 条
2025-07-09 11:41:49,326 - INFO -   - 附药: 0 条
2025-07-09 11:41:49,326 - INFO -   - 图片: 0 张
2025-07-09 11:41:49,326 - INFO - 成功添加药材: 郁金
2025-07-09 11:41:51,341 - INFO - 正在处理 [221/464] 延胡索 (活血祛瘀药)
2025-07-09 11:41:51,342 - INFO - 正在解析药材详情: 延胡索, URL: https://www.zysj.com.cn/lilunshuji/zhongyaoxue/1626.html
2025-07-09 11:41:53,722 - INFO - 成功解析药材: 延胡索 (活血祛瘀药)
2025-07-09 11:41:53,722 - INFO -   - 拼音: 
2025-07-09 11:41:53,722 - INFO -   - 药用部位: 罂粟科草本植物延胡索Corydalisturtschanin...
2025-07-09 11:41:53,722 - INFO -   - 性味归经: 辛、苦，温。归心、肝、脾经。
2025-07-09 11:41:53,722 - INFO -   - 药性: 温
2025-07-09 11:41:53,722 - INFO -   - 药味: 辛、苦
2025-07-09 11:41:53,722 - INFO -   - 归经: 心经, 肝经, 脾经
2025-07-09 11:41:53,722 - INFO -   - 功效: 活血行气止痛。
2025-07-09 11:41:53,722 - INFO -   - 功效列表: 1 条
2025-07-09 11:41:53,722 - INFO -   - 临床应用: 1 条
2025-07-09 11:41:53,722 - INFO -   - 处方用名: 生延胡索（晒干用）、延胡索玄胡索延胡玄胡（醋拌制后切片用）、酒炒延胡索（黄酒拌后炒干）
2025-07-09 11:41:53,722 - INFO -   - 用法用量: 一钱至三钱，煎服。研末吞服，每此三分至一钱。
2025-07-09 11:41:53,722 - INFO -   - 按语: 1 条
2025-07-09 11:41:53,722 - INFO -   - 方剂举例: 0 条
2025-07-09 11:41:53,722 - INFO -   - 文献摘录: 0 条
2025-07-09 11:41:53,722 - INFO -   - 附药: 0 条
2025-07-09 11:41:53,722 - INFO -   - 图片: 0 张
2025-07-09 11:41:53,722 - INFO - 成功添加药材: 延胡索
2025-07-09 11:41:53,731 - INFO - 数据已保存到 zysj_herbal_data.json，当前共 220 条记录
2025-07-09 11:41:55,746 - INFO - 正在处理 [222/464] 姜黄 (活血祛瘀药)
2025-07-09 11:41:55,746 - INFO - 正在解析药材详情: 姜黄, URL: https://www.zysj.com.cn/lilunshuji/zhongyaoxue/1627.html
2025-07-09 11:41:58,187 - INFO - 成功解析药材: 姜黄 (活血祛瘀药)
2025-07-09 11:41:58,187 - INFO -   - 拼音: 
2025-07-09 11:41:58,187 - INFO -   - 药用部位: 姜科草本植物姜黄CurcumalongaL.的根茎。
2025-07-09 11:41:58,187 - INFO -   - 性味归经: 苦、辛，温。归脾、肝经。
2025-07-09 11:41:58,187 - INFO -   - 药性: 温
2025-07-09 11:41:58,187 - INFO -   - 药味: 苦、辛
2025-07-09 11:41:58,187 - INFO -   - 归经: 脾经, 肝经
2025-07-09 11:41:58,187 - INFO -   - 功效: 活血行气止痛，祛风湿利痹。
2025-07-09 11:41:58,188 - INFO -   - 功效列表: 2 条
2025-07-09 11:41:58,188 - INFO -   - 临床应用: 2 条
2025-07-09 11:41:58,188 - INFO -   - 处方用名: 姜黄、片姜黄（洗净，晒干，切片用）
2025-07-09 11:41:58,188 - INFO -   - 用法用量: 一钱至三钱，煎服。外用适量。
2025-07-09 11:41:58,188 - INFO -   - 按语: 0 条
2025-07-09 11:41:58,188 - INFO -   - 方剂举例: 1 条
2025-07-09 11:41:58,188 - INFO -   - 文献摘录: 0 条
2025-07-09 11:41:58,188 - INFO -   - 附药: 0 条
2025-07-09 11:41:58,188 - INFO -   - 图片: 0 张
2025-07-09 11:41:58,188 - INFO - 成功添加药材: 姜黄
2025-07-09 11:42:00,197 - INFO - 正在处理 [223/464] 降香 (活血祛瘀药)
2025-07-09 11:42:00,198 - INFO - 正在解析药材详情: 降香, URL: https://www.zysj.com.cn/lilunshuji/zhongyaoxue/1628.html
2025-07-09 11:42:02,569 - INFO - 成功解析药材: 降香 (活血祛瘀药)
2025-07-09 11:42:02,569 - INFO -   - 拼音: 
2025-07-09 11:42:02,569 - INFO -   - 药用部位: 豆科乔木降香檀DalbergiaodoriferaT.Che...
2025-07-09 11:42:02,569 - INFO -   - 性味归经: 辛，温。归肝经。
2025-07-09 11:42:02,569 - INFO -   - 药性: 温
2025-07-09 11:42:02,569 - INFO -   - 药味: 辛
2025-07-09 11:42:02,569 - INFO -   - 归经: 肝经
2025-07-09 11:42:02,569 - INFO -   - 功效: 活血行气止痛，辟秽降逆，止血。
2025-07-09 11:42:02,569 - INFO -   - 功效列表: 3 条
2025-07-09 11:42:02,569 - INFO -   - 临床应用: 3 条
2025-07-09 11:42:02,569 - INFO -   - 处方用名: 降香、紫降香、降香屑（劈开，打成丝条用）
2025-07-09 11:42:02,569 - INFO -   - 用法用量: 一钱至钱半，煎服。研末吞服，每次1--2g。外用适量。阴虚火旺、血热妄行者忌服。
2025-07-09 11:42:02,570 - INFO -   - 按语: 0 条
2025-07-09 11:42:02,570 - INFO -   - 方剂举例: 1 条
2025-07-09 11:42:02,570 - INFO -   - 文献摘录: 0 条
2025-07-09 11:42:02,570 - INFO -   - 附药: 0 条
2025-07-09 11:42:02,570 - INFO -   - 图片: 0 张
2025-07-09 11:42:02,570 - INFO - 成功添加药材: 降香
2025-07-09 11:42:04,582 - INFO - 正在处理 [224/464] 夏天无 (活血祛瘀药)
2025-07-09 11:42:04,583 - INFO - 正在解析药材详情: 夏天无, URL: https://www.zysj.com.cn/lilunshuji/zhongyaoxue/1629.html
2025-07-09 11:42:06,934 - INFO - 成功解析药材: 夏天无 (活血祛瘀药)
2025-07-09 11:42:06,934 - INFO -   - 拼音: 
2025-07-09 11:42:06,934 - INFO -   - 药用部位: 罂粟科草本植物伏生紫菫C0rydalisdecumbens（...
2025-07-09 11:42:06,934 - INFO -   - 性味归经: 辛、苦，温。归肝、脾、肾经。
2025-07-09 11:42:06,934 - INFO -   - 药性: 温
2025-07-09 11:42:06,934 - INFO -   - 药味: 辛、苦
2025-07-09 11:42:06,934 - INFO -   - 归经: 肝经, 脾经, 肾经
2025-07-09 11:42:06,934 - INFO -   - 功效: 活血行气止痛。
2025-07-09 11:42:06,935 - INFO -   - 功效列表: 1 条
2025-07-09 11:42:06,935 - INFO -   - 临床应用: 3 条
2025-07-09 11:42:06,935 - INFO -   - 处方用名: 夏天无（洗净，晒干，切片用）
2025-07-09 11:42:06,935 - INFO -   - 用法用量: 三钱至五钱，煎服。
2025-07-09 11:42:06,935 - INFO -   - 按语: 0 条
2025-07-09 11:42:06,935 - INFO -   - 方剂举例: 1 条
2025-07-09 11:42:06,935 - INFO -   - 文献摘录: 0 条
2025-07-09 11:42:06,935 - INFO -   - 附药: 0 条
2025-07-09 11:42:06,935 - INFO -   - 图片: 0 张
2025-07-09 11:42:06,935 - INFO - 成功添加药材: 夏天无
2025-07-09 11:42:08,950 - INFO - 正在处理 [225/464] 月季花 (活血祛瘀药)
2025-07-09 11:42:08,950 - INFO - 正在解析药材详情: 月季花, URL: https://www.zysj.com.cn/lilunshuji/zhongyaoxue/1630.html
2025-07-09 11:42:11,342 - INFO - 成功解析药材: 月季花 (活血祛瘀药)
2025-07-09 11:42:11,342 - INFO -   - 拼音: 
2025-07-09 11:42:11,342 - INFO -   - 药用部位: 蔷薇科灌木月季RosachinensisTaeq.的花
2025-07-09 11:42:11,342 - INFO -   - 性味归经: 甘，温。归肝经。
2025-07-09 11:42:11,342 - INFO -   - 药性: 温
2025-07-09 11:42:11,342 - INFO -   - 药味: 甘
2025-07-09 11:42:11,342 - INFO -   - 归经: 肝经
2025-07-09 11:42:11,342 - INFO -   - 功效: 活血调经，消肿散结。
2025-07-09 11:42:11,342 - INFO -   - 功效列表: 2 条
2025-07-09 11:42:11,342 - INFO -   - 临床应用: 2 条
2025-07-09 11:42:11,342 - INFO -   - 处方用名: 月季花、月月红（晒干用）
2025-07-09 11:42:11,342 - INFO -   - 用法用量: 一钱至钱半，煎服。内服可能引起便溏腹泻，故脾胃虚弱者须慎用；月经过多及孕妇也须忌服。
2025-07-09 11:42:11,342 - INFO -   - 按语: 0 条
2025-07-09 11:42:11,343 - INFO -   - 方剂举例: 0 条
2025-07-09 11:42:11,343 - INFO -   - 文献摘录: 0 条
2025-07-09 11:42:11,343 - INFO -   - 附药: 0 条
2025-07-09 11:42:11,343 - INFO -   - 图片: 0 张
2025-07-09 11:42:11,343 - INFO - 成功添加药材: 月季花
2025-07-09 11:42:13,353 - INFO - 正在处理 [226/464] 益母草 (活血祛瘀药)
2025-07-09 11:42:13,354 - INFO - 正在解析药材详情: 益母草, URL: https://www.zysj.com.cn/lilunshuji/zhongyaoxue/1631.html
2025-07-09 11:42:15,743 - INFO - 成功解析药材: 益母草 (活血祛瘀药)
2025-07-09 11:42:15,743 - INFO -   - 拼音: 
2025-07-09 11:42:15,743 - INFO -   - 药用部位: 唇形科草本植物益母草Leonurusheterophyllu...
2025-07-09 11:42:15,743 - INFO -   - 性味归经: 辛、微苦，微寒。归心、肝、膀胱经。
2025-07-09 11:42:15,743 - INFO -   - 药性: 微寒
2025-07-09 11:42:15,743 - INFO -   - 药味: 辛、微苦
2025-07-09 11:42:15,743 - INFO -   - 归经: 心经, 肝经, 膀胱经
2025-07-09 11:42:15,743 - INFO -   - 功效: 活血调经，利水消肿，凉血消疹。
2025-07-09 11:42:15,743 - INFO -   - 功效列表: 3 条
2025-07-09 11:42:15,743 - INFO -   - 临床应用: 3 条
2025-07-09 11:42:15,743 - INFO -   - 处方用名: 益母草（洗净，晒干，切碎用）
2025-07-09 11:42:15,743 - INFO -   - 用法用量: 三钱至一两，煎服。
2025-07-09 11:42:15,743 - INFO -   - 按语: 2 条
2025-07-09 11:42:15,743 - INFO -   - 方剂举例: 1 条
2025-07-09 11:42:15,743 - INFO -   - 文献摘录: 0 条
2025-07-09 11:42:15,743 - INFO -   - 附药: 1 条
2025-07-09 11:42:15,743 - INFO -   - 图片: 0 张
2025-07-09 11:42:15,743 - INFO - 成功添加药材: 益母草
2025-07-09 11:42:15,752 - INFO - 数据已保存到 zysj_herbal_data.json，当前共 225 条记录
2025-07-09 11:42:17,767 - INFO - 正在处理 [227/464] 鸡血藤 (活血祛瘀药)
2025-07-09 11:42:17,767 - INFO - 正在解析药材详情: 鸡血藤, URL: https://www.zysj.com.cn/lilunshuji/zhongyaoxue/1632.html
2025-07-09 11:42:20,114 - INFO - 成功解析药材: 鸡血藤 (活血祛瘀药)
2025-07-09 11:42:20,114 - INFO -   - 拼音: 
2025-07-09 11:42:20,114 - INFO -   - 药用部位: 豆科攀援灌木密豆花Spatholobussuberectus...
2025-07-09 11:42:20,114 - INFO -   - 性味归经: 苦、微甘，温。归肝、肾经。
2025-07-09 11:42:20,115 - INFO -   - 药性: 温
2025-07-09 11:42:20,115 - INFO -   - 药味: 苦、微甘
2025-07-09 11:42:20,115 - INFO -   - 归经: 肝经, 肾经
2025-07-09 11:42:20,115 - INFO -   - 功效: 活血调经，养血通络。
2025-07-09 11:42:20,115 - INFO -   - 功效列表: 2 条
2025-07-09 11:42:20,115 - INFO -   - 临床应用: 2 条
2025-07-09 11:42:20,115 - INFO -   - 处方用名: 鸡血藤（洗净，晒干，切片用）
2025-07-09 11:42:20,115 - INFO -   - 用法用量: 三钱至一两，煎服。
2025-07-09 11:42:20,115 - INFO -   - 按语: 0 条
2025-07-09 11:42:20,115 - INFO -   - 方剂举例: 0 条
2025-07-09 11:42:20,115 - INFO -   - 文献摘录: 0 条
2025-07-09 11:42:20,115 - INFO -   - 附药: 0 条
2025-07-09 11:42:20,115 - INFO -   - 图片: 0 张
2025-07-09 11:42:20,115 - INFO - 成功添加药材: 鸡血藤
2025-07-09 11:42:22,122 - INFO - 正在处理 [228/464] 穿山甲 (活血祛瘀药)
2025-07-09 11:42:22,124 - INFO - 正在解析药材详情: 穿山甲, URL: https://www.zysj.com.cn/lilunshuji/zhongyaoxue/1633.html
2025-07-09 11:42:24,512 - INFO - 成功解析药材: 穿山甲 (活血祛瘀药)
2025-07-09 11:42:24,512 - INFO -   - 拼音: 
2025-07-09 11:42:24,512 - INFO -   - 药用部位: 鲮鲤科脊椎动物动物穿山甲ManispentadactylaL...
2025-07-09 11:42:24,513 - INFO -   - 性味归经: 咸，微寒。归肝、胃经。
2025-07-09 11:42:24,513 - INFO -   - 药性: 微寒
2025-07-09 11:42:24,513 - INFO -   - 药味: 咸
2025-07-09 11:42:24,513 - INFO -   - 归经: 肝经, 胃经
2025-07-09 11:42:24,513 - INFO -   - 功效: 祛瘀通经，通下乳汁，消肿排脓。
2025-07-09 11:42:24,513 - INFO -   - 功效列表: 3 条
2025-07-09 11:42:24,513 - INFO -   - 临床应用: 3 条
2025-07-09 11:42:24,513 - INFO -   - 处方用名: 穿山甲、炙山甲、炙甲片（用铁砂拌至胖大呈黄色）
2025-07-09 11:42:24,513 - INFO -   - 用法用量: 一钱至三钱，煎服。也可研末吞服，每次1--1.5g。
2025-07-09 11:42:24,513 - INFO -   - 按语: 2 条
2025-07-09 11:42:24,513 - INFO -   - 方剂举例: 1 条
2025-07-09 11:42:24,513 - INFO -   - 文献摘录: 0 条
2025-07-09 11:42:24,513 - INFO -   - 附药: 0 条
2025-07-09 11:42:24,513 - INFO -   - 图片: 0 张
2025-07-09 11:42:24,513 - INFO - 成功添加药材: 穿山甲
2025-07-09 11:42:26,525 - INFO - 正在处理 [229/464] 王不留行 (活血祛瘀药)
2025-07-09 11:42:26,525 - INFO - 正在解析药材详情: 王不留行, URL: https://www.zysj.com.cn/lilunshuji/zhongyaoxue/1634.html
2025-07-09 11:42:28,900 - INFO - 成功解析药材: 王不留行 (活血祛瘀药)
2025-07-09 11:42:28,900 - INFO -   - 拼音: 
2025-07-09 11:42:28,900 - INFO -   - 药用部位: 石竹科草本植物麦蓝菜Vacariasegetalis（Nec...
2025-07-09 11:42:28,900 - INFO -   - 性味归经: 苦，平。归肝、胃经。
2025-07-09 11:42:28,900 - INFO -   - 药性: 平
2025-07-09 11:42:28,900 - INFO -   - 药味: 苦
2025-07-09 11:42:28,900 - INFO -   - 归经: 肝经, 胃经
2025-07-09 11:42:28,900 - INFO -   - 功效: 祛瘀通经，通下乳汁。
2025-07-09 11:42:28,900 - INFO -   - 功效列表: 2 条
2025-07-09 11:42:28,900 - INFO -   - 临床应用: 2 条
2025-07-09 11:42:28,900 - INFO -   - 处方用名: 生王不留行生留行子（晒干用）、王不留行炒王不留行留行子（清炒至爆开）
2025-07-09 11:42:28,900 - INFO -   - 用法用量: 一钱至三钱，煎服。
2025-07-09 11:42:28,900 - INFO -   - 按语: 0 条
2025-07-09 11:42:28,900 - INFO -   - 方剂举例: 0 条
2025-07-09 11:42:28,900 - INFO -   - 文献摘录: 0 条
2025-07-09 11:42:28,900 - INFO -   - 附药: 0 条
2025-07-09 11:42:28,900 - INFO -   - 图片: 0 张
2025-07-09 11:42:28,900 - INFO - 成功添加药材: 王不留行
2025-07-09 11:42:30,910 - INFO - 正在处理 [230/464] 牛膝 (活血祛瘀药)
2025-07-09 11:42:30,911 - INFO - 正在解析药材详情: 牛膝, URL: https://www.zysj.com.cn/lilunshuji/zhongyaoxue/1635.html
2025-07-09 11:42:33,281 - INFO - 成功解析药材: 牛膝 (活血祛瘀药)
2025-07-09 11:42:33,281 - INFO -   - 拼音: 
2025-07-09 11:42:33,281 - INFO -   - 药用部位: 苋科草本植物川牛膝CyathulaofficinalisKu...
2025-07-09 11:42:33,281 - INFO -   - 性味归经: 苦、酸，平。归肝、肾经。
2025-07-09 11:42:33,281 - INFO -   - 药性: 平
2025-07-09 11:42:33,281 - INFO -   - 药味: 苦、酸
2025-07-09 11:42:33,281 - INFO -   - 归经: 肝经, 肾经
2025-07-09 11:42:33,281 - INFO -   - 功效: 祛瘀通经疗伤，补肝肾、强筋骨，引血下行，利水通淋。
2025-07-09 11:42:33,281 - INFO -   - 功效列表: 5 条
2025-07-09 11:42:33,281 - INFO -   - 临床应用: 4 条
2025-07-09 11:42:33,281 - INFO -   - 处方用名: 怀牛膝、淮牛膝（补肝肾、强筋骨作用较好）、川牛膝（活血祛瘀作用较好）
2025-07-09 11:42:33,281 - INFO -   - 用法用量: 一钱至三钱，煎服。
2025-07-09 11:42:33,281 - INFO -   - 按语: 1 条
2025-07-09 11:42:33,282 - INFO -   - 方剂举例: 1 条
2025-07-09 11:42:33,282 - INFO -   - 文献摘录: 0 条
2025-07-09 11:42:33,282 - INFO -   - 附药: 1 条
2025-07-09 11:42:33,282 - INFO -   - 图片: 0 张
2025-07-09 11:42:33,282 - INFO - 成功添加药材: 牛膝
2025-07-09 11:42:35,285 - INFO - 正在处理 [231/464] 苏木 (活血祛瘀药)
2025-07-09 11:42:35,285 - INFO - 正在解析药材详情: 苏木, URL: https://www.zysj.com.cn/lilunshuji/zhongyaoxue/1636.html
2025-07-09 11:42:37,616 - INFO - 成功解析药材: 苏木 (活血祛瘀药)
2025-07-09 11:42:37,616 - INFO -   - 拼音: 
2025-07-09 11:42:37,616 - INFO -   - 药用部位: 豆科乔木苏木CaesalpiniasappanL.的木材。
2025-07-09 11:42:37,616 - INFO -   - 性味归经: 甘、咸，平。归心、肝、脾经。
2025-07-09 11:42:37,616 - INFO -   - 药性: 平
2025-07-09 11:42:37,616 - INFO -   - 药味: 甘、咸
2025-07-09 11:42:37,616 - INFO -   - 归经: 心经, 肝经, 脾经
2025-07-09 11:42:37,616 - INFO -   - 功效: 祛瘀通经疗伤。
2025-07-09 11:42:37,616 - INFO -   - 功效列表: 1 条
2025-07-09 11:42:37,616 - INFO -   - 临床应用: 2 条
2025-07-09 11:42:37,616 - INFO -   - 处方用名: 苏木苏方木（洗净，劈成丝条用）
2025-07-09 11:42:37,616 - INFO -   - 用法用量: 一钱至三钱，煎服。月经过多，孕妇忌用。
2025-07-09 11:42:37,616 - INFO -   - 按语: 0 条
2025-07-09 11:42:37,616 - INFO -   - 方剂举例: 1 条
2025-07-09 11:42:37,616 - INFO -   - 文献摘录: 0 条
2025-07-09 11:42:37,617 - INFO -   - 附药: 0 条
2025-07-09 11:42:37,617 - INFO -   - 图片: 0 张
2025-07-09 11:42:37,617 - INFO - 成功添加药材: 苏木
2025-07-09 11:42:37,625 - INFO - 数据已保存到 zysj_herbal_data.json，当前共 230 条记录
2025-07-09 11:42:39,635 - INFO - 正在处理 [232/464] 刘寄奴 (活血祛瘀药)
2025-07-09 11:42:39,635 - INFO - 正在解析药材详情: 刘寄奴, URL: https://www.zysj.com.cn/lilunshuji/zhongyaoxue/1637.html
2025-07-09 11:42:41,976 - INFO - 成功解析药材: 刘寄奴 (活血祛瘀药)
2025-07-09 11:42:41,977 - INFO -   - 拼音: 
2025-07-09 11:42:41,977 - INFO -   - 药用部位: 菊科草本植物寄蒿ArtemisiaanomalaS.Moor...
2025-07-09 11:42:41,977 - INFO -   - 性味归经: 苦，温。归心、脾经。
2025-07-09 11:42:41,977 - INFO -   - 药性: 温
2025-07-09 11:42:41,977 - INFO -   - 药味: 苦
2025-07-09 11:42:41,977 - INFO -   - 归经: 心经, 脾经
2025-07-09 11:42:41,977 - INFO -   - 功效: 祛瘀通经疗伤，消化食积。
2025-07-09 11:42:41,977 - INFO -   - 功效列表: 2 条
2025-07-09 11:42:41,977 - INFO -   - 临床应用: 2 条
2025-07-09 11:42:41,977 - INFO -   - 处方用名: 刘寄奴（洗净，晒干，切碎用）
2025-07-09 11:42:41,977 - INFO -   - 用法用量: 一钱至三钱，用于消食积，单味可用三钱至五钱，煎服。
2025-07-09 11:42:41,977 - INFO -   - 按语: 0 条
2025-07-09 11:42:41,977 - INFO -   - 方剂举例: 1 条
2025-07-09 11:42:41,977 - INFO -   - 文献摘录: 0 条
2025-07-09 11:42:41,977 - INFO -   - 附药: 0 条
2025-07-09 11:42:41,977 - INFO -   - 图片: 0 张
2025-07-09 11:42:41,977 - INFO - 成功添加药材: 刘寄奴
2025-07-09 11:42:43,987 - INFO - 正在处理 [233/464] 荆三棱 (活血祛瘀药)
2025-07-09 11:42:43,987 - INFO - 正在解析药材详情: 荆三棱, URL: https://www.zysj.com.cn/lilunshuji/zhongyaoxue/1638.html
2025-07-09 11:42:46,404 - INFO - 成功解析药材: 荆三棱 (活血祛瘀药)
2025-07-09 11:42:46,404 - INFO -   - 拼音: 
2025-07-09 11:42:46,405 - INFO -   - 药用部位: 黑三棱科水生草本植物黑三棱Sparganiumstoloni...
2025-07-09 11:42:46,405 - INFO -   - 性味归经: 苦，平。归肝、脾经。
2025-07-09 11:42:46,405 - INFO -   - 药性: 平
2025-07-09 11:42:46,405 - INFO -   - 药味: 苦
2025-07-09 11:42:46,405 - INFO -   - 归经: 肝经, 脾经
2025-07-09 11:42:46,405 - INFO -   - 功效: 祛瘀通经消症，行气消积。
2025-07-09 11:42:46,405 - INFO -   - 功效列表: 2 条
2025-07-09 11:42:46,405 - INFO -   - 临床应用: 2 条
2025-07-09 11:42:46,405 - INFO -   - 处方用名: 荆三棱、三棱、山棱、京三棱（洗净，晒干，切片用）
2025-07-09 11:42:46,405 - INFO -   - 用法用量: 一钱至三钱，煎服。月经过多与孕妇忌用。
2025-07-09 11:42:46,405 - INFO -   - 按语: 0 条
2025-07-09 11:42:46,405 - INFO -   - 方剂举例: 1 条
2025-07-09 11:42:46,405 - INFO -   - 文献摘录: 0 条
2025-07-09 11:42:46,405 - INFO -   - 附药: 0 条
2025-07-09 11:42:46,405 - INFO -   - 图片: 0 张
2025-07-09 11:42:46,405 - INFO - 成功添加药材: 荆三棱
2025-07-09 11:42:48,418 - INFO - 正在处理 [234/464] 蓬莪朮 (活血祛瘀药)
2025-07-09 11:42:48,418 - INFO - 正在解析药材详情: 蓬莪朮, URL: https://www.zysj.com.cn/lilunshuji/zhongyaoxue/1639.html
2025-07-09 11:42:50,818 - INFO - 成功解析药材: 蓬莪朮 (活血祛瘀药)
2025-07-09 11:42:50,819 - INFO -   - 拼音: 
2025-07-09 11:42:50,819 - INFO -   - 药用部位: 姜科草本植物莪朮CurcumaZedoariaRose.郁金...
2025-07-09 11:42:50,819 - INFO -   - 性味归经: 苦、辛，温。归肝、脾经。
2025-07-09 11:42:50,819 - INFO -   - 药性: 温
2025-07-09 11:42:50,819 - INFO -   - 药味: 苦、辛
2025-07-09 11:42:50,819 - INFO -   - 归经: 肝经, 脾经
2025-07-09 11:42:50,819 - INFO -   - 功效: 祛瘀通经消症，行气消积。
2025-07-09 11:42:50,819 - INFO -   - 功效列表: 2 条
2025-07-09 11:42:50,819 - INFO -   - 临床应用: 2 条
2025-07-09 11:42:50,819 - INFO -   - 处方用名: 蓬莪朮、莪朮（切片，晒干用）
2025-07-09 11:42:50,819 - INFO -   - 用法用量: 一钱至三钱，煎服。
2025-07-09 11:42:50,819 - INFO -   - 按语: 2 条
2025-07-09 11:42:50,819 - INFO -   - 方剂举例: 1 条
2025-07-09 11:42:50,819 - INFO -   - 文献摘录: 0 条
2025-07-09 11:42:50,819 - INFO -   - 附药: 0 条
2025-07-09 11:42:50,819 - INFO -   - 图片: 0 张
2025-07-09 11:42:50,819 - INFO - 成功添加药材: 蓬莪朮
2025-07-09 11:42:52,826 - INFO - 正在处理 [235/464] 蟅虫 (活血祛瘀药)
2025-07-09 11:42:52,827 - INFO - 正在解析药材详情: 蟅虫, URL: https://www.zysj.com.cn/lilunshuji/zhongyaoxue/1640.html
2025-07-09 11:42:55,248 - INFO - 成功解析药材: 蟅虫 (活血祛瘀药)
2025-07-09 11:42:55,248 - INFO -   - 拼音: 
2025-07-09 11:42:55,248 - INFO -   - 药用部位: 鳖蠊科昆虫地鳖EupolyphagasinensisWalk...
2025-07-09 11:42:55,248 - INFO -   - 性味归经: 咸，寒；有小毒。归肝经。
2025-07-09 11:42:55,248 - INFO -   - 药性: 寒
2025-07-09 11:42:55,248 - INFO -   - 药味: 咸
2025-07-09 11:42:55,248 - INFO -   - 归经: 肝经
2025-07-09 11:42:55,248 - INFO -   - 功效: 祛瘀通经消症，续筋接骨。
2025-07-09 11:42:55,248 - INFO -   - 功效列表: 2 条
2025-07-09 11:42:55,248 - INFO -   - 临床应用: 2 条
2025-07-09 11:42:55,248 - INFO -   - 处方用名: 蟅虫、地鳖虫、土鳖虫（炒至微焦应用）
2025-07-09 11:42:55,248 - INFO -   - 用法用量: 一钱至三钱，煎服。或研烘焙后研粉吞服，每次1--1.5g。
2025-07-09 11:42:55,248 - INFO -   - 按语: 1 条
2025-07-09 11:42:55,248 - INFO -   - 方剂举例: 1 条
2025-07-09 11:42:55,249 - INFO -   - 文献摘录: 0 条
2025-07-09 11:42:55,249 - INFO -   - 附药: 0 条
2025-07-09 11:42:55,249 - INFO -   - 图片: 0 张
2025-07-09 11:42:55,249 - INFO - 成功添加药材: 蟅虫
2025-07-09 11:42:57,260 - INFO - 正在处理 [236/464] 水蛭 (活血祛瘀药)
2025-07-09 11:42:57,261 - INFO - 正在解析药材详情: 水蛭, URL: https://www.zysj.com.cn/lilunshuji/zhongyaoxue/1641.html
2025-07-09 11:42:59,648 - INFO - 成功解析药材: 水蛭 (活血祛瘀药)
2025-07-09 11:42:59,648 - INFO -   - 拼音: 
2025-07-09 11:42:59,648 - INFO -   - 药用部位: 水蛭科动物蚂蟥WhitmaniapigraWhitman、水...
2025-07-09 11:42:59,648 - INFO -   - 性味归经: 咸、苦，平；有毒。归肝、膀胱经。
2025-07-09 11:42:59,648 - INFO -   - 药性: 平
2025-07-09 11:42:59,648 - INFO -   - 药味: 咸、苦
2025-07-09 11:42:59,648 - INFO -   - 归经: 肝经, 膀胱经
2025-07-09 11:42:59,648 - INFO -   - 功效: 祛瘀通经消症。
2025-07-09 11:42:59,648 - INFO -   - 功效列表: 1 条
2025-07-09 11:42:59,648 - INFO -   - 临床应用: 3 条
2025-07-09 11:42:59,648 - INFO -   - 处方用名: 水蛭（晒干，切断用）
2025-07-09 11:42:59,648 - INFO -   - 用法用量: 一钱至钱半，煎服。0.3--0.5g，焙焦，研细，作丸、散剂用。
2025-07-09 11:42:59,648 - INFO -   - 按语: 2 条
2025-07-09 11:42:59,648 - INFO -   - 方剂举例: 1 条
2025-07-09 11:42:59,648 - INFO -   - 文献摘录: 0 条
2025-07-09 11:42:59,648 - INFO -   - 附药: 0 条
2025-07-09 11:42:59,648 - INFO -   - 图片: 0 张
2025-07-09 11:42:59,649 - INFO - 成功添加药材: 水蛭
2025-07-09 11:42:59,658 - INFO - 数据已保存到 zysj_herbal_data.json，当前共 235 条记录
2025-07-09 11:43:01,663 - INFO - 正在处理 [237/464] 虻虫 (活血祛瘀药)
2025-07-09 11:43:01,664 - INFO - 正在解析药材详情: 虻虫, URL: https://www.zysj.com.cn/lilunshuji/zhongyaoxue/1642.html
2025-07-09 11:43:04,033 - INFO - 成功解析药材: 虻虫 (活血祛瘀药)
2025-07-09 11:43:04,033 - INFO -   - 拼音: 
2025-07-09 11:43:04,033 - INFO -   - 药用部位: 虻科昆虫复带虻TabanusbivittausMatsumu...
2025-07-09 11:43:04,033 - INFO -   - 性味归经: 苦，微寒；有毒。归肝经。
2025-07-09 11:43:04,033 - INFO -   - 药性: 微寒
2025-07-09 11:43:04,033 - INFO -   - 药味: 苦
2025-07-09 11:43:04,033 - INFO -   - 归经: 肝经
2025-07-09 11:43:04,033 - INFO -   - 功效: 祛瘀通经消症
2025-07-09 11:43:04,033 - INFO -   - 功效列表: 1 条
2025-07-09 11:43:04,033 - INFO -   - 临床应用: 2 条
2025-07-09 11:43:04,033 - INFO -   - 处方用名: 虫虻虫（沸汤煎泡，晒干用）
2025-07-09 11:43:04,033 - INFO -   - 用法用量: 三分至一钱，煎服。研末吞服每次0.1--0.3g。服后可能会出现腹泻。孕妇与月经过多者忌用。
2025-07-09 11:43:04,034 - INFO -   - 按语: 0 条
2025-07-09 11:43:04,034 - INFO -   - 方剂举例: 1 条
2025-07-09 11:43:04,034 - INFO -   - 文献摘录: 0 条
2025-07-09 11:43:04,034 - INFO -   - 附药: 0 条
2025-07-09 11:43:04,034 - INFO -   - 图片: 0 张
2025-07-09 11:43:04,034 - INFO - 成功添加药材: 虻虫
2025-07-09 11:43:06,042 - INFO - 正在处理 [238/464] 干漆（附：阿魏） (活血祛瘀药)
2025-07-09 11:43:06,042 - INFO - 正在解析药材详情: 干漆（附：阿魏）, URL: https://www.zysj.com.cn/lilunshuji/zhongyaoxue/1643.html
2025-07-09 11:43:08,413 - INFO - 成功解析药材: 干漆（附：阿魏） (活血祛瘀药)
2025-07-09 11:43:08,413 - INFO -   - 拼音: 
2025-07-09 11:43:08,413 - INFO -   - 药用部位: 漆树科乔木干漆树RhusvernicifiuaStokes树...
2025-07-09 11:43:08,413 - INFO -   - 性味归经: 辛、苦，温；有毒。归肝、胃经。
2025-07-09 11:43:08,413 - INFO -   - 药性: 温
2025-07-09 11:43:08,413 - INFO -   - 药味: 辛、苦
2025-07-09 11:43:08,413 - INFO -   - 归经: 肝经, 胃经
2025-07-09 11:43:08,414 - INFO -   - 功效: 祛瘀通经消症，杀虫。
2025-07-09 11:43:08,414 - INFO -   - 功效列表: 2 条
2025-07-09 11:43:08,414 - INFO -   - 临床应用: 2 条
2025-07-09 11:43:08,414 - INFO -   - 处方用名: 干漆（清炒至无烟）
2025-07-09 11:43:08,414 - INFO -   - 用法用量: 0.05--0.1g，入丸、散应用，不入煎剂。孕妇及月经过多忌用。
2025-07-09 11:43:08,414 - INFO -   - 按语: 0 条
2025-07-09 11:43:08,414 - INFO -   - 方剂举例: 0 条
2025-07-09 11:43:08,414 - INFO -   - 文献摘录: 0 条
2025-07-09 11:43:08,414 - INFO -   - 附药: 1 条
2025-07-09 11:43:08,414 - INFO -   - 图片: 0 张
2025-07-09 11:43:08,414 - INFO - 成功添加药材: 干漆（附：阿魏）
2025-07-09 11:43:10,422 - INFO - 正在处理 [239/464] 凌霄花 (活血祛瘀药)
2025-07-09 11:43:10,423 - INFO - 正在解析药材详情: 凌霄花, URL: https://www.zysj.com.cn/lilunshuji/zhongyaoxue/1644.html
2025-07-09 11:43:12,812 - INFO - 成功解析药材: 凌霄花 (活血祛瘀药)
2025-07-09 11:43:12,813 - INFO -   - 拼音: 
2025-07-09 11:43:12,813 - INFO -   - 药用部位: 紫葳科藤本植物凌霄Cmpsisgrandiflora（Thu...
2025-07-09 11:43:12,813 - INFO -   - 性味归经: 辛，为寒。归肝、心包经。
2025-07-09 11:43:12,813 - INFO -   - 药性: 为寒
2025-07-09 11:43:12,813 - INFO -   - 药味: 辛
2025-07-09 11:43:12,813 - INFO -   - 归经: 肝经, 心包经
2025-07-09 11:43:12,813 - INFO -   - 功效: 祛瘀通经消症，凉血祛风。
2025-07-09 11:43:12,813 - INFO -   - 功效列表: 2 条
2025-07-09 11:43:12,813 - INFO -   - 临床应用: 2 条
2025-07-09 11:43:12,813 - INFO -   - 处方用名: 凌霄花、紫葳花（晒干用）
2025-07-09 11:43:12,813 - INFO -   - 用法用量: 一钱至三钱，煎服。外用适量。
2025-07-09 11:43:12,813 - INFO -   - 按语: 0 条
2025-07-09 11:43:12,813 - INFO -   - 方剂举例: 1 条
2025-07-09 11:43:12,813 - INFO -   - 文献摘录: 0 条
2025-07-09 11:43:12,813 - INFO -   - 附药: 0 条
2025-07-09 11:43:12,813 - INFO -   - 图片: 0 张
2025-07-09 11:43:12,813 - INFO - 成功添加药材: 凌霄花
2025-07-09 11:43:14,826 - INFO - 正在处理 [240/464] 自然铜 (活血祛瘀药)
2025-07-09 11:43:14,826 - INFO - 正在解析药材详情: 自然铜, URL: https://www.zysj.com.cn/lilunshuji/zhongyaoxue/1645.html
2025-07-09 11:43:17,211 - INFO - 成功解析药材: 自然铜 (活血祛瘀药)
2025-07-09 11:43:17,211 - INFO -   - 拼音: 
2025-07-09 11:43:17,211 - INFO -   - 药用部位: 硫化物类矿物黄铁矿族黄铁矿矿石。
2025-07-09 11:43:17,211 - INFO -   - 性味归经: 辛，平。归肝经。
2025-07-09 11:43:17,211 - INFO -   - 药性: 平
2025-07-09 11:43:17,211 - INFO -   - 药味: 辛
2025-07-09 11:43:17,211 - INFO -   - 归经: 肝经
2025-07-09 11:43:17,211 - INFO -   - 功效: 祛瘀疗伤。
2025-07-09 11:43:17,211 - INFO -   - 功效列表: 1 条
2025-07-09 11:43:17,211 - INFO -   - 临床应用: 2 条
2025-07-09 11:43:17,211 - INFO -   - 处方用名: 自然铜、自然铜（用）
2025-07-09 11:43:17,211 - INFO -   - 用法用量: 一钱至三钱，煎服。入丸散应用，每次0.1--0.3g。
2025-07-09 11:43:17,211 - INFO -   - 按语: 0 条
2025-07-09 11:43:17,211 - INFO -   - 方剂举例: 1 条
2025-07-09 11:43:17,211 - INFO -   - 文献摘录: 0 条
2025-07-09 11:43:17,211 - INFO -   - 附药: 0 条
2025-07-09 11:43:17,212 - INFO -   - 图片: 0 张
2025-07-09 11:43:17,212 - INFO - 成功添加药材: 自然铜
2025-07-09 11:43:19,213 - INFO - 正在处理 [241/464] 水红花子 (活血祛瘀药)
2025-07-09 11:43:19,213 - INFO - 正在解析药材详情: 水红花子, URL: https://www.zysj.com.cn/lilunshuji/zhongyaoxue/1646.html
2025-07-09 11:43:21,601 - INFO - 成功解析药材: 水红花子 (活血祛瘀药)
2025-07-09 11:43:21,601 - INFO -   - 拼音: 
2025-07-09 11:43:21,601 - INFO -   - 药用部位: 蓼科草本植物红蓼olygonumorientaleL.的干燥...
2025-07-09 11:43:21,601 - INFO -   - 性味归经: 咸，微寒。
2025-07-09 11:43:21,601 - INFO -   - 药性: 微寒
2025-07-09 11:43:21,601 - INFO -   - 药味: 咸
2025-07-09 11:43:21,601 - INFO -   - 归经: 无
2025-07-09 11:43:21,601 - INFO -   - 功效: 祛瘀消症，消积止痛。
2025-07-09 11:43:21,601 - INFO -   - 功效列表: 2 条
2025-07-09 11:43:21,601 - INFO -   - 临床应用: 1 条
2025-07-09 11:43:21,601 - INFO -   - 处方用名: 水红花子水红子穿蓼子（晒干用）
2025-07-09 11:43:21,601 - INFO -   - 用法用量: 一钱至三钱，大剂量可用至30g，煎服。
2025-07-09 11:43:21,601 - INFO -   - 按语: 0 条
2025-07-09 11:43:21,601 - INFO -   - 方剂举例: 0 条
2025-07-09 11:43:21,601 - INFO -   - 文献摘录: 0 条
2025-07-09 11:43:21,601 - INFO -   - 附药: 0 条
2025-07-09 11:43:21,601 - INFO -   - 图片: 0 张
2025-07-09 11:43:21,601 - INFO - 成功添加药材: 水红花子
2025-07-09 11:43:21,611 - INFO - 数据已保存到 zysj_herbal_data.json，当前共 240 条记录
2025-07-09 11:43:23,620 - INFO - 正在处理 [242/464] 仙鹤草 (止血药)
2025-07-09 11:43:23,621 - INFO - 正在解析药材详情: 仙鹤草, URL: https://www.zysj.com.cn/lilunshuji/zhongyaoxue/1650.html
2025-07-09 11:43:26,042 - INFO - 成功解析药材: 仙鹤草 (止血药)
2025-07-09 11:43:26,042 - INFO -   - 拼音: 
2025-07-09 11:43:26,042 - INFO -   - 药用部位: 蔷薇科草本植物龙牙草AgrimoniapilosaLedeb...
2025-07-09 11:43:26,042 - INFO -   - 性味归经: 苦、平。归肝、肺、脾经。
2025-07-09 11:43:26,042 - INFO -   - 药性: 平
2025-07-09 11:43:26,042 - INFO -   - 药味: 苦
2025-07-09 11:43:26,042 - INFO -   - 归经: 肝经, 肺经, 脾经
2025-07-09 11:43:26,042 - INFO -   - 功效: 止血，补虚
2025-07-09 11:43:26,042 - INFO -   - 功效列表: 2 条
2025-07-09 11:43:26,042 - INFO -   - 临床应用: 2 条
2025-07-09 11:43:26,042 - INFO -   - 处方用名: 仙鹤草（洗净，晒干，切碎用）
2025-07-09 11:43:26,043 - INFO -   - 用法用量: 三钱至五钱，大剂量一两至二两，煎服。
2025-07-09 11:43:26,043 - INFO -   - 按语: 1 条
2025-07-09 11:43:26,043 - INFO -   - 方剂举例: 0 条
2025-07-09 11:43:26,043 - INFO -   - 文献摘录: 0 条
2025-07-09 11:43:26,043 - INFO -   - 附药: 0 条
2025-07-09 11:43:26,043 - INFO -   - 图片: 0 张
2025-07-09 11:43:26,043 - INFO - 成功添加药材: 仙鹤草
2025-07-09 11:43:28,058 - INFO - 正在处理 [243/464] 紫珠 (止血药)
2025-07-09 11:43:28,059 - INFO - 正在解析药材详情: 紫珠, URL: https://www.zysj.com.cn/lilunshuji/zhongyaoxue/1651.html
2025-07-09 11:43:30,492 - INFO - 成功解析药材: 紫珠 (止血药)
2025-07-09 11:43:30,492 - INFO -   - 拼音: 
2025-07-09 11:43:30,492 - INFO -   - 药用部位: 马鞭草科灌木杜虹花Callicarpapedunculata...
2025-07-09 11:43:30,492 - INFO -   - 性味归经: 苦，寒。归肝、脾、肺经。
2025-07-09 11:43:30,492 - INFO -   - 药性: 寒
2025-07-09 11:43:30,492 - INFO -   - 药味: 苦
2025-07-09 11:43:30,492 - INFO -   - 归经: 肝经, 脾经, 肺经
2025-07-09 11:43:30,492 - INFO -   - 功效: 止血，解毒。
2025-07-09 11:43:30,492 - INFO -   - 功效列表: 2 条
2025-07-09 11:43:30,493 - INFO -   - 临床应用: 2 条
2025-07-09 11:43:30,493 - INFO -   - 处方用名: 紫珠、紫珠草（洗净，晒干，切碎用）
2025-07-09 11:43:30,493 - INFO -   - 用法用量: 三钱～五钱，煎服。研粉吞服，每次1～2克。外用适量。
2025-07-09 11:43:30,493 - INFO -   - 按语: 0 条
2025-07-09 11:43:30,493 - INFO -   - 方剂举例: 1 条
2025-07-09 11:43:30,493 - INFO -   - 文献摘录: 0 条
2025-07-09 11:43:30,493 - INFO -   - 附药: 0 条
2025-07-09 11:43:30,493 - INFO -   - 图片: 0 张
2025-07-09 11:43:30,493 - INFO - 成功添加药材: 紫珠
2025-07-09 11:43:32,497 - INFO - 正在处理 [244/464] 白芨 (止血药)
2025-07-09 11:43:32,498 - INFO - 正在解析药材详情: 白芨, URL: https://www.zysj.com.cn/lilunshuji/zhongyaoxue/1652.html
2025-07-09 11:43:34,902 - INFO - 成功解析药材: 白芨 (止血药)
2025-07-09 11:43:34,902 - INFO -   - 拼音: 
2025-07-09 11:43:34,902 - INFO -   - 药用部位: 本品为兰科植物白芨的块茎。
2025-07-09 11:43:34,902 - INFO -   - 性味归经: 苦、甘、涩，微寒。入肝、肺、胃经。
2025-07-09 11:43:34,902 - INFO -   - 药性: 微寒
2025-07-09 11:43:34,902 - INFO -   - 药味: 苦、甘、涩
2025-07-09 11:43:34,902 - INFO -   - 归经: 肝经, 肺经, 胃经
2025-07-09 11:43:34,902 - INFO -   - 功效: 收敛止血，消肿生肌。
2025-07-09 11:43:34,902 - INFO -   - 功效列表: 2 条
2025-07-09 11:43:34,902 - INFO -   - 临床应用: 2 条
2025-07-09 11:43:34,903 - INFO -   - 处方用名: 白及、白芨（洗净，晒干，切片用）、白芨粉（研粉，吞服，开水调服或外用）
2025-07-09 11:43:34,903 - INFO -   - 用法用量: 一钱～三钱，煎服。研粉吞服或冲服每次2～3克。外用适量。
2025-07-09 11:43:34,903 - INFO -   - 按语: 1 条
2025-07-09 11:43:34,903 - INFO -   - 方剂举例: 1 条
2025-07-09 11:43:34,903 - INFO -   - 文献摘录: 0 条
2025-07-09 11:43:34,903 - INFO -   - 附药: 0 条
2025-07-09 11:43:34,903 - INFO -   - 图片: 0 张
2025-07-09 11:43:34,903 - INFO - 成功添加药材: 白芨
2025-07-09 11:43:36,916 - INFO - 正在处理 [245/464] 蚕豆花 (止血药)
2025-07-09 11:43:36,916 - INFO - 正在解析药材详情: 蚕豆花, URL: https://www.zysj.com.cn/lilunshuji/zhongyaoxue/1653.html
2025-07-09 11:43:39,295 - INFO - 成功解析药材: 蚕豆花 (止血药)
2025-07-09 11:43:39,296 - INFO -   - 拼音: 
2025-07-09 11:43:39,296 - INFO -   - 药用部位: 本品为豆科植物蚕豆的花。
2025-07-09 11:43:39,296 - INFO -   - 性味归经: 甘、微辛，平。
2025-07-09 11:43:39,296 - INFO -   - 药性: 平
2025-07-09 11:43:39,296 - INFO -   - 药味: 甘、微辛
2025-07-09 11:43:39,296 - INFO -   - 归经: 无
2025-07-09 11:43:39,296 - INFO -   - 功效: 止血，止带，降血压。
2025-07-09 11:43:39,296 - INFO -   - 功效列表: 3 条
2025-07-09 11:43:39,296 - INFO -   - 临床应用: 3 条
2025-07-09 11:43:39,296 - INFO -   - 处方用名: 蚕豆花（晒干用）
2025-07-09 11:43:39,296 - INFO -   - 用法用量: 五钱至一两，煎服。
2025-07-09 11:43:39,296 - INFO -   - 按语: 0 条
2025-07-09 11:43:39,296 - INFO -   - 方剂举例: 0 条
2025-07-09 11:43:39,296 - INFO -   - 文献摘录: 0 条
2025-07-09 11:43:39,296 - INFO -   - 附药: 3 条
2025-07-09 11:43:39,296 - INFO -   - 图片: 0 张
2025-07-09 11:43:39,296 - INFO - 成功添加药材: 蚕豆花
2025-07-09 11:43:41,297 - INFO - 正在处理 [246/464] 荠菜花 (止血药)
2025-07-09 11:43:41,297 - INFO - 正在解析药材详情: 荠菜花, URL: https://www.zysj.com.cn/lilunshuji/zhongyaoxue/1654.html
2025-07-09 11:43:43,677 - INFO - 成功解析药材: 荠菜花 (止血药)
2025-07-09 11:43:43,677 - INFO -   - 拼音: 
2025-07-09 11:43:43,678 - INFO -   - 药用部位: 本品为十字花科植物荠菜的带花、果的全草。
2025-07-09 11:43:43,678 - INFO -   - 性味归经: 甘、淡，凉。入肝、胃经。
2025-07-09 11:43:43,678 - INFO -   - 药性: 凉
2025-07-09 11:43:43,678 - INFO -   - 药味: 甘、淡
2025-07-09 11:43:43,678 - INFO -   - 归经: 肝经, 胃经
2025-07-09 11:43:43,678 - INFO -   - 功效: 止血，降压，清热利湿。
2025-07-09 11:43:43,678 - INFO -   - 功效列表: 3 条
2025-07-09 11:43:43,678 - INFO -   - 临床应用: 3 条
2025-07-09 11:43:43,678 - INFO -   - 处方用名: 荠菜花（洗净，晒干，切碎用）
2025-07-09 11:43:43,678 - INFO -   - 用法用量: 三钱至一两，煎服。
2025-07-09 11:43:43,678 - INFO -   - 按语: 0 条
2025-07-09 11:43:43,678 - INFO -   - 方剂举例: 0 条
2025-07-09 11:43:43,678 - INFO -   - 文献摘录: 0 条
2025-07-09 11:43:43,678 - INFO -   - 附药: 0 条
2025-07-09 11:43:43,678 - INFO -   - 图片: 0 张
2025-07-09 11:43:43,678 - INFO - 成功添加药材: 荠菜花
2025-07-09 11:43:43,687 - INFO - 数据已保存到 zysj_herbal_data.json，当前共 245 条记录
2025-07-09 11:43:45,691 - INFO - 正在处理 [247/464] 铁苋菜 (止血药)
2025-07-09 11:43:45,692 - INFO - 正在解析药材详情: 铁苋菜, URL: https://www.zysj.com.cn/lilunshuji/zhongyaoxue/1655.html
2025-07-09 11:43:48,112 - INFO - 成功解析药材: 铁苋菜 (止血药)
2025-07-09 11:43:48,112 - INFO -   - 拼音: 
2025-07-09 11:43:48,112 - INFO -   - 药用部位: 本品为大戟科植物铁苋菜的全草。
2025-07-09 11:43:48,112 - INFO -   - 性味归经: 微苦、涩，平。
2025-07-09 11:43:48,112 - INFO -   - 药性: 平
2025-07-09 11:43:48,112 - INFO -   - 药味: 微苦、涩
2025-07-09 11:43:48,112 - INFO -   - 归经: 无
2025-07-09 11:43:48,112 - INFO -   - 功效: 止血，止泻，清热解毒。
2025-07-09 11:43:48,113 - INFO -   - 功效列表: 3 条
2025-07-09 11:43:48,113 - INFO -   - 临床应用: 3 条
2025-07-09 11:43:48,113 - INFO -   - 处方用名: 铁苋菜、海蚌含珠、血见愁（洗净，晒干，切碎用）
2025-07-09 11:43:48,113 - INFO -   - 用法用量: 五钱至一两，煎服。外用适量。
2025-07-09 11:43:48,113 - INFO -   - 按语: 0 条
2025-07-09 11:43:48,113 - INFO -   - 方剂举例: 1 条
2025-07-09 11:43:48,113 - INFO -   - 文献摘录: 0 条
2025-07-09 11:43:48,113 - INFO -   - 附药: 0 条
2025-07-09 11:43:48,113 - INFO -   - 图片: 0 张
2025-07-09 11:43:48,113 - INFO - 成功添加药材: 铁苋菜
2025-07-09 11:43:50,115 - INFO - 正在处理 [248/464] 地锦草 (止血药)
2025-07-09 11:43:50,115 - INFO - 正在解析药材详情: 地锦草, URL: https://www.zysj.com.cn/lilunshuji/zhongyaoxue/1656.html
2025-07-09 11:43:52,509 - INFO - 成功解析药材: 地锦草 (止血药)
2025-07-09 11:43:52,509 - INFO -   - 拼音: 
2025-07-09 11:43:52,509 - INFO -   - 药用部位: 本品为大戟科植物地锦草或斑地锦的全草。
2025-07-09 11:43:52,509 - INFO -   - 性味归经: 辛，平。
2025-07-09 11:43:52,509 - INFO -   - 药性: 平
2025-07-09 11:43:52,509 - INFO -   - 药味: 辛
2025-07-09 11:43:52,509 - INFO -   - 归经: 无
2025-07-09 11:43:52,509 - INFO -   - 功效: 止血，止泻，清热解毒。
2025-07-09 11:43:52,510 - INFO -   - 功效列表: 3 条
2025-07-09 11:43:52,510 - INFO -   - 临床应用: 3 条
2025-07-09 11:43:52,510 - INFO -   - 处方用名: 地锦草（洗净，晒干，切碎用）
2025-07-09 11:43:52,510 - INFO -   - 用法用量: 三钱至一两，大剂量可用二两，煎服。外用适量。
2025-07-09 11:43:52,510 - INFO -   - 按语: 1 条
2025-07-09 11:43:52,510 - INFO -   - 方剂举例: 1 条
2025-07-09 11:43:52,510 - INFO -   - 文献摘录: 0 条
2025-07-09 11:43:52,510 - INFO -   - 附药: 0 条
2025-07-09 11:43:52,510 - INFO -   - 图片: 0 张
2025-07-09 11:43:52,510 - INFO - 成功添加药材: 地锦草
2025-07-09 11:43:54,522 - INFO - 正在处理 [249/464] 艾叶 (止血药)
2025-07-09 11:43:54,523 - INFO - 正在解析药材详情: 艾叶, URL: https://www.zysj.com.cn/lilunshuji/zhongyaoxue/1657.html
2025-07-09 11:43:56,910 - INFO - 成功解析药材: 艾叶 (止血药)
2025-07-09 11:43:56,910 - INFO -   - 拼音: 
2025-07-09 11:43:56,911 - INFO -   - 药用部位: 本品为菊科植物艾（栽培品）的叶。（少数带茎）
2025-07-09 11:43:56,911 - INFO -   - 性味归经: 苦、辛，温。归肝、脾、肾经。
2025-07-09 11:43:56,911 - INFO -   - 药性: 温
2025-07-09 11:43:56,911 - INFO -   - 药味: 苦、辛
2025-07-09 11:43:56,911 - INFO -   - 归经: 肝经, 脾经, 肾经
2025-07-09 11:43:56,911 - INFO -   - 功效: 温经止血，散寒止痛。
2025-07-09 11:43:56,911 - INFO -   - 功效列表: 2 条
2025-07-09 11:43:56,911 - INFO -   - 临床应用: 2 条
2025-07-09 11:43:56,911 - INFO -   - 处方用名: 陈艾炭（炒至黑色为度，用以止血）、生艾叶、蕲艾（生用，用以散寒止痛）、艾绒（捣制成绒，用以烧灸）
2025-07-09 11:43:56,911 - INFO -   - 用法用量: 一钱至三钱，煎服。
2025-07-09 11:43:56,911 - INFO -   - 按语: 3 条
2025-07-09 11:43:56,911 - INFO -   - 方剂举例: 1 条
2025-07-09 11:43:56,911 - INFO -   - 文献摘录: 0 条
2025-07-09 11:43:56,911 - INFO -   - 附药: 0 条
2025-07-09 11:43:56,911 - INFO -   - 图片: 0 张
2025-07-09 11:43:56,911 - INFO - 成功添加药材: 艾叶
2025-07-09 11:43:58,927 - INFO - 正在处理 [250/464] 灶心土 (止血药)
2025-07-09 11:43:58,927 - INFO - 正在解析药材详情: 灶心土, URL: https://www.zysj.com.cn/lilunshuji/zhongyaoxue/1658.html
2025-07-09 11:44:01,288 - INFO - 成功解析药材: 灶心土 (止血药)
2025-07-09 11:44:01,288 - INFO -   - 拼音: 
2025-07-09 11:44:01,288 - INFO -   - 药用部位: 本品为烧杂草与木材的土灶内的焦黄土。
2025-07-09 11:44:01,288 - INFO -   - 性味归经: 辛，温。入脾、胃经。
2025-07-09 11:44:01,288 - INFO -   - 药性: 温
2025-07-09 11:44:01,288 - INFO -   - 药味: 辛
2025-07-09 11:44:01,288 - INFO -   - 归经: 脾经, 胃经
2025-07-09 11:44:01,288 - INFO -   - 功效: 收敛止血，温中止呕。
2025-07-09 11:44:01,288 - INFO -   - 功效列表: 2 条
2025-07-09 11:44:01,288 - INFO -   - 临床应用: 2 条
2025-07-09 11:44:01,288 - INFO -   - 处方用名: 灶心土、伏龙肝（打碎用）
2025-07-09 11:44:01,288 - INFO -   - 用法用量: 五钱至一两，布袋包，先煎。或用二两至四两，煎汤代水。
2025-07-09 11:44:01,288 - INFO -   - 按语: 0 条
2025-07-09 11:44:01,288 - INFO -   - 方剂举例: 1 条
2025-07-09 11:44:01,288 - INFO -   - 文献摘录: 0 条
2025-07-09 11:44:01,288 - INFO -   - 附药: 0 条
2025-07-09 11:44:01,288 - INFO -   - 图片: 0 张
2025-07-09 11:44:01,288 - INFO - 成功添加药材: 灶心土
2025-07-09 11:44:03,298 - INFO - 正在处理 [251/464] 大蓟 (止血药)
2025-07-09 11:44:03,299 - INFO - 正在解析药材详情: 大蓟, URL: https://www.zysj.com.cn/lilunshuji/zhongyaoxue/1659.html
2025-07-09 11:44:05,682 - INFO - 成功解析药材: 大蓟 (止血药)
2025-07-09 11:44:05,682 - INFO -   - 拼音: 
2025-07-09 11:44:05,682 - INFO -   - 药用部位: 本品为菊科植物的全草。
2025-07-09 11:44:05,682 - INFO -   - 性味归经: 甘，凉。入肝经。
2025-07-09 11:44:05,682 - INFO -   - 药性: 凉
2025-07-09 11:44:05,682 - INFO -   - 药味: 甘
2025-07-09 11:44:05,682 - INFO -   - 归经: 肝经
2025-07-09 11:44:05,682 - INFO -   - 功效: 凉血，止血。
2025-07-09 11:44:05,683 - INFO -   - 功效列表: 2 条
2025-07-09 11:44:05,683 - INFO -   - 临床应用: 2 条
2025-07-09 11:44:05,683 - INFO -   - 处方用名: 大蓟草、大蓟（洗净，晒干，切碎用）
2025-07-09 11:44:05,683 - INFO -   - 用法用量: 三钱至五钱，鲜草可用一两至二两，煎服。外用适量。
2025-07-09 11:44:05,683 - INFO -   - 按语: 0 条
2025-07-09 11:44:05,683 - INFO -   - 方剂举例: 1 条
2025-07-09 11:44:05,683 - INFO -   - 文献摘录: 0 条
2025-07-09 11:44:05,683 - INFO -   - 附药: 1 条
2025-07-09 11:44:05,683 - INFO -   - 图片: 0 张
2025-07-09 11:44:05,683 - INFO - 成功添加药材: 大蓟
2025-07-09 11:44:05,693 - INFO - 数据已保存到 zysj_herbal_data.json，当前共 250 条记录
2025-07-09 11:44:07,693 - INFO - 正在处理 [252/464] 侧柏叶 (止血药)
2025-07-09 11:44:07,694 - INFO - 正在解析药材详情: 侧柏叶, URL: https://www.zysj.com.cn/lilunshuji/zhongyaoxue/1660.html
2025-07-09 11:44:10,102 - INFO - 成功解析药材: 侧柏叶 (止血药)
2025-07-09 11:44:10,103 - INFO -   - 拼音: 
2025-07-09 11:44:10,103 - INFO -   - 药用部位: 本品为柏科植物侧柏的枝叶。
2025-07-09 11:44:10,103 - INFO -   - 性味归经: 苦、涩，微寒。入肺、肝、大肠经。
2025-07-09 11:44:10,103 - INFO -   - 药性: 微寒
2025-07-09 11:44:10,103 - INFO -   - 药味: 苦、涩
2025-07-09 11:44:10,103 - INFO -   - 归经: 肺经, 肝经, 大肠经
2025-07-09 11:44:10,103 - INFO -   - 功效: 凉血止血。
2025-07-09 11:44:10,103 - INFO -   - 功效列表: 1 条
2025-07-09 11:44:10,103 - INFO -   - 临床应用: 2 条
2025-07-09 11:44:10,103 - INFO -   - 处方用名: 侧柏炭（炒至外呈黑色为度）、生侧柏叶（洗净，晒干，切断用）
2025-07-09 11:44:10,103 - INFO -   - 用法用量: 一钱至三钱，煎服。
2025-07-09 11:44:10,103 - INFO -   - 按语: 2 条
2025-07-09 11:44:10,103 - INFO -   - 方剂举例: 1 条
2025-07-09 11:44:10,103 - INFO -   - 文献摘录: 0 条
2025-07-09 11:44:10,103 - INFO -   - 附药: 0 条
2025-07-09 11:44:10,103 - INFO -   - 图片: 0 张
2025-07-09 11:44:10,103 - INFO - 成功添加药材: 侧柏叶
2025-07-09 11:44:12,104 - INFO - 正在处理 [253/464] 山茶花 (止血药)
2025-07-09 11:44:12,104 - INFO - 正在解析药材详情: 山茶花, URL: https://www.zysj.com.cn/lilunshuji/zhongyaoxue/1661.html
2025-07-09 11:44:14,490 - INFO - 成功解析药材: 山茶花 (止血药)
2025-07-09 11:44:14,490 - INFO -   - 拼音: 
2025-07-09 11:44:14,490 - INFO -   - 药用部位: 本品为茶科植物山茶的花。
2025-07-09 11:44:14,490 - INFO -   - 性味归经: 微辛、甘，寒。入心、肝经。
2025-07-09 11:44:14,490 - INFO -   - 药性: 寒
2025-07-09 11:44:14,490 - INFO -   - 药味: 微辛、甘
2025-07-09 11:44:14,490 - INFO -   - 归经: 心经, 肝经
2025-07-09 11:44:14,490 - INFO -   - 功效: 清热止血。
2025-07-09 11:44:14,490 - INFO -   - 功效列表: 1 条
2025-07-09 11:44:14,490 - INFO -   - 临床应用: 3 条
2025-07-09 11:44:14,491 - INFO -   - 处方用名: 山茶花、珠宝茶花（晒干用）
2025-07-09 11:44:14,491 - INFO -   - 用法用量: 一钱至三钱，煎服。外用适量。
2025-07-09 11:44:14,491 - INFO -   - 按语: 0 条
2025-07-09 11:44:14,491 - INFO -   - 方剂举例: 0 条
2025-07-09 11:44:14,491 - INFO -   - 文献摘录: 0 条
2025-07-09 11:44:14,491 - INFO -   - 附药: 0 条
2025-07-09 11:44:14,491 - INFO -   - 图片: 0 张
2025-07-09 11:44:14,491 - INFO - 成功添加药材: 山茶花
2025-07-09 11:44:16,505 - INFO - 正在处理 [254/464] 羊蹄根 (止血药)
2025-07-09 11:44:16,506 - INFO - 正在解析药材详情: 羊蹄根, URL: https://www.zysj.com.cn/lilunshuji/zhongyaoxue/1662.html
2025-07-09 11:44:18,917 - INFO - 成功解析药材: 羊蹄根 (止血药)
2025-07-09 11:44:18,917 - INFO -   - 拼音: 
2025-07-09 11:44:18,917 - INFO -   - 药用部位: 本品为蓼科植物羊蹄的根。
2025-07-09 11:44:18,917 - INFO -   - 性味归经: 苦、微涩，寒。
2025-07-09 11:44:18,917 - INFO -   - 药性: 寒
2025-07-09 11:44:18,917 - INFO -   - 药味: 苦、微涩
2025-07-09 11:44:18,917 - INFO -   - 归经: 无
2025-07-09 11:44:18,917 - INFO -   - 功效: 凉血止血，杀虫治癣。
2025-07-09 11:44:18,917 - INFO -   - 功效列表: 2 条
2025-07-09 11:44:18,917 - INFO -   - 临床应用: 2 条
2025-07-09 11:44:18,917 - INFO -   - 处方用名: 羊蹄根、土大黄（洗净，晒干，切片用）
2025-07-09 11:44:18,917 - INFO -   - 用法用量: 三钱至五钱，煎服。
2025-07-09 11:44:18,917 - INFO -   - 按语: 2 条
2025-07-09 11:44:18,917 - INFO -   - 方剂举例: 1 条
2025-07-09 11:44:18,917 - INFO -   - 文献摘录: 0 条
2025-07-09 11:44:18,917 - INFO -   - 附药: 0 条
2025-07-09 11:44:18,917 - INFO -   - 图片: 0 张
2025-07-09 11:44:18,917 - INFO - 成功添加药材: 羊蹄根
2025-07-09 11:44:20,922 - INFO - 正在处理 [255/464] 万年青根 (止血药)
2025-07-09 11:44:20,922 - INFO - 正在解析药材详情: 万年青根, URL: https://www.zysj.com.cn/lilunshuji/zhongyaoxue/1663.html
2025-07-09 11:44:23,289 - INFO - 成功解析药材: 万年青根 (止血药)
2025-07-09 11:44:23,290 - INFO -   - 拼音: 
2025-07-09 11:44:23,290 - INFO -   - 药用部位: 本品为百合科植物万年青的根茎。
2025-07-09 11:44:23,290 - INFO -   - 性味归经: 苦、微甘，寒。有小毒。
2025-07-09 11:44:23,290 - INFO -   - 药性: 寒
2025-07-09 11:44:23,290 - INFO -   - 药味: 苦、微甘
2025-07-09 11:44:23,290 - INFO -   - 归经: 无
2025-07-09 11:44:23,290 - INFO -   - 功效: 凉血止血，强心利尿，清热解毒。
2025-07-09 11:44:23,290 - INFO -   - 功效列表: 3 条
2025-07-09 11:44:23,290 - INFO -   - 临床应用: 2 条
2025-07-09 11:44:23,290 - INFO -   - 处方用名: 万年青根、白河车（洗净，晒干，切片用）
2025-07-09 11:44:23,290 - INFO -   - 用法用量: 一钱至三钱，新鲜者可用三钱至一两，煎服。本品有小毒，不宜大量久服。
2025-07-09 11:44:23,290 - INFO -   - 按语: 0 条
2025-07-09 11:44:23,290 - INFO -   - 方剂举例: 0 条
2025-07-09 11:44:23,290 - INFO -   - 文献摘录: 0 条
2025-07-09 11:44:23,290 - INFO -   - 附药: 1 条
2025-07-09 11:44:23,290 - INFO -   - 图片: 0 张
2025-07-09 11:44:23,290 - INFO - 成功添加药材: 万年青根
2025-07-09 11:44:25,298 - INFO - 正在处理 [256/464] 槐花 (止血药)
2025-07-09 11:44:25,298 - INFO - 正在解析药材详情: 槐花, URL: https://www.zysj.com.cn/lilunshuji/zhongyaoxue/1664.html
2025-07-09 11:44:27,686 - INFO - 成功解析药材: 槐花 (止血药)
2025-07-09 11:44:27,686 - INFO -   - 拼音: 
2025-07-09 11:44:27,686 - INFO -   - 药用部位: 本品为豆科植物槐树的花蕾。
2025-07-09 11:44:27,686 - INFO -   - 性味归经: 苦，微寒。入肝、大肠经。
2025-07-09 11:44:27,686 - INFO -   - 药性: 微寒
2025-07-09 11:44:27,686 - INFO -   - 药味: 苦
2025-07-09 11:44:27,686 - INFO -   - 归经: 肝经, 大肠经
2025-07-09 11:44:27,686 - INFO -   - 功效: 凉血止血。
2025-07-09 11:44:27,686 - INFO -   - 功效列表: 1 条
2025-07-09 11:44:27,686 - INFO -   - 临床应用: 2 条
2025-07-09 11:44:27,687 - INFO -   - 处方用名: 槐花炭、槐米炭（炒焦黑，用以止血）。、生槐花、生槐米（现多用于高血压）。
2025-07-09 11:44:27,687 - INFO -   - 用法用量: 三钱至五钱，煎服。
2025-07-09 11:44:27,687 - INFO -   - 按语: 0 条
2025-07-09 11:44:27,687 - INFO -   - 方剂举例: 1 条
2025-07-09 11:44:27,687 - INFO -   - 文献摘录: 0 条
2025-07-09 11:44:27,687 - INFO -   - 附药: 2 条
2025-07-09 11:44:27,687 - INFO -   - 图片: 0 张
2025-07-09 11:44:27,687 - INFO - 成功添加药材: 槐花
2025-07-09 11:44:27,697 - INFO - 数据已保存到 zysj_herbal_data.json，当前共 255 条记录
2025-07-09 11:44:29,699 - INFO - 正在处理 [257/464] 地榆 (止血药)
2025-07-09 11:44:29,699 - INFO - 正在解析药材详情: 地榆, URL: https://www.zysj.com.cn/lilunshuji/zhongyaoxue/1665.html
2025-07-09 11:44:32,074 - INFO - 成功解析药材: 地榆 (止血药)
2025-07-09 11:44:32,074 - INFO -   - 拼音: 
2025-07-09 11:44:32,074 - INFO -   - 药用部位: 本品为蔷薇科植物地榆的根及根茎。
2025-07-09 11:44:32,074 - INFO -   - 性味归经: 苦、酸，微寒。入大肠经。
2025-07-09 11:44:32,074 - INFO -   - 药性: 微寒
2025-07-09 11:44:32,074 - INFO -   - 药味: 苦、酸
2025-07-09 11:44:32,074 - INFO -   - 归经: 大肠经
2025-07-09 11:44:32,074 - INFO -   - 功效: 凉血止血，泻火敛疮。
2025-07-09 11:44:32,074 - INFO -   - 功效列表: 2 条
2025-07-09 11:44:32,074 - INFO -   - 临床应用: 2 条
2025-07-09 11:44:32,075 - INFO -   - 处方用名: 地榆炭（炒至外黑内呈老黄色为度。用以止血）、生地榆（研末，外用可治烫伤）
2025-07-09 11:44:32,075 - INFO -   - 用法用量: 一钱至三钱，煎服。外用适量。
2025-07-09 11:44:32,075 - INFO -   - 按语: 3 条
2025-07-09 11:44:32,075 - INFO -   - 方剂举例: 1 条
2025-07-09 11:44:32,075 - INFO -   - 文献摘录: 0 条
2025-07-09 11:44:32,075 - INFO -   - 附药: 0 条
2025-07-09 11:44:32,075 - INFO -   - 图片: 0 张
2025-07-09 11:44:32,075 - INFO - 成功添加药材: 地榆
2025-07-09 11:44:34,089 - INFO - 正在处理 [258/464] 茜草（附：茜草藤） (止血药)
2025-07-09 11:44:34,090 - INFO - 正在解析药材详情: 茜草（附：茜草藤）, URL: https://www.zysj.com.cn/lilunshuji/zhongyaoxue/1666.html
2025-07-09 11:44:36,489 - INFO - 成功解析药材: 茜草（附：茜草藤） (止血药)
2025-07-09 11:44:36,489 - INFO -   - 拼音: 
2025-07-09 11:44:36,489 - INFO -   - 药用部位: 本品为茜草科植物茜草的根及根茎。
2025-07-09 11:44:36,489 - INFO -   - 性味归经: 苦、寒。入肝经。
2025-07-09 11:44:36,489 - INFO -   - 药性: 寒
2025-07-09 11:44:36,489 - INFO -   - 药味: 苦
2025-07-09 11:44:36,489 - INFO -   - 归经: 肝经
2025-07-09 11:44:36,489 - INFO -   - 功效: 凉血止血，行血祛瘀。
2025-07-09 11:44:36,489 - INFO -   - 功效列表: 2 条
2025-07-09 11:44:36,489 - INFO -   - 临床应用: 2 条
2025-07-09 11:44:36,489 - INFO -   - 处方用名: 茜草炭（炒至外黑内微焦为度，用以止血）、生茜草、茜草根（生用，有行血作用）
2025-07-09 11:44:36,489 - INFO -   - 用法用量: 一钱至三钱，煎服。
2025-07-09 11:44:36,489 - INFO -   - 按语: 1 条
2025-07-09 11:44:36,489 - INFO -   - 方剂举例: 0 条
2025-07-09 11:44:36,489 - INFO -   - 文献摘录: 0 条
2025-07-09 11:44:36,489 - INFO -   - 附药: 1 条
2025-07-09 11:44:36,489 - INFO -   - 图片: 0 张
2025-07-09 11:44:36,489 - INFO - 成功添加药材: 茜草（附：茜草藤）
2025-07-09 11:44:38,493 - INFO - 正在处理 [259/464] 蒲黄 (止血药)
2025-07-09 11:44:38,494 - INFO - 正在解析药材详情: 蒲黄, URL: https://www.zysj.com.cn/lilunshuji/zhongyaoxue/1667.html
2025-07-09 11:44:40,856 - INFO - 成功解析药材: 蒲黄 (止血药)
2025-07-09 11:44:40,856 - INFO -   - 拼音: 
2025-07-09 11:44:40,856 - INFO -   - 药用部位: 本品为相蒲科植物水烛的花粉。
2025-07-09 11:44:40,856 - INFO -   - 性味归经: 甘、平。入肝、心包经。
2025-07-09 11:44:40,856 - INFO -   - 药性: 平
2025-07-09 11:44:40,856 - INFO -   - 药味: 甘
2025-07-09 11:44:40,856 - INFO -   - 归经: 肝经, 心包经
2025-07-09 11:44:40,856 - INFO -   - 功效: 收敛止血，活血祛瘀。
2025-07-09 11:44:40,856 - INFO -   - 功效列表: 2 条
2025-07-09 11:44:40,856 - INFO -   - 临床应用: 2 条
2025-07-09 11:44:40,856 - INFO -   - 处方用名: 生蒲黄（晒干用，主要用于活血祛瘀）、蒲黄炭、炒蒲黄（用文火炒至黑色，用以止血）
2025-07-09 11:44:40,856 - INFO -   - 用法用量: 一钱至三钱，包煎。
2025-07-09 11:44:40,856 - INFO -   - 按语: 2 条
2025-07-09 11:44:40,856 - INFO -   - 方剂举例: 1 条
2025-07-09 11:44:40,856 - INFO -   - 文献摘录: 0 条
2025-07-09 11:44:40,856 - INFO -   - 附药: 0 条
2025-07-09 11:44:40,856 - INFO -   - 图片: 0 张
2025-07-09 11:44:40,856 - INFO - 成功添加药材: 蒲黄
2025-07-09 11:44:42,864 - INFO - 正在处理 [260/464] 棕榈炭 (止血药)
2025-07-09 11:44:42,864 - INFO - 正在解析药材详情: 棕榈炭, URL: https://www.zysj.com.cn/lilunshuji/zhongyaoxue/1668.html
2025-07-09 11:44:45,250 - INFO - 成功解析药材: 棕榈炭 (止血药)
2025-07-09 11:44:45,251 - INFO -   - 拼音: 
2025-07-09 11:44:45,251 - INFO -   - 药用部位: 本品为棕榈科植物棕榈的基部纤维状檡茎炭化而成。
2025-07-09 11:44:45,251 - INFO -   - 性味归经: 苦、涩，平。入肺、肝、大肠经。
2025-07-09 11:44:45,251 - INFO -   - 药性: 平
2025-07-09 11:44:45,251 - INFO -   - 药味: 苦、涩
2025-07-09 11:44:45,251 - INFO -   - 归经: 肺经, 肝经, 大肠经
2025-07-09 11:44:45,251 - INFO -   - 功效: 收涩止血。
2025-07-09 11:44:45,251 - INFO -   - 功效列表: 1 条
2025-07-09 11:44:45,251 - INFO -   - 临床应用: 2 条
2025-07-09 11:44:45,251 - INFO -   - 处方用名: 棕榈炭、陈棕炭（断用）
2025-07-09 11:44:45,251 - INFO -   - 用法用量: 一钱至三钱，煎服。或入丸、散剂吞服，每次用量为三分至五分。
2025-07-09 11:44:45,251 - INFO -   - 按语: 0 条
2025-07-09 11:44:45,251 - INFO -   - 方剂举例: 1 条
2025-07-09 11:44:45,251 - INFO -   - 文献摘录: 0 条
2025-07-09 11:44:45,251 - INFO -   - 附药: 0 条
2025-07-09 11:44:45,251 - INFO -   - 图片: 0 张
2025-07-09 11:44:45,251 - INFO - 成功添加药材: 棕榈炭
2025-07-09 11:44:47,256 - INFO - 正在处理 [261/464] 血余炭 (止血药)
2025-07-09 11:44:47,256 - INFO - 正在解析药材详情: 血余炭, URL: https://www.zysj.com.cn/lilunshuji/zhongyaoxue/1669.html
2025-07-09 11:44:49,656 - INFO - 成功解析药材: 血余炭 (止血药)
2025-07-09 11:44:49,656 - INFO -   - 拼音: 
2025-07-09 11:44:49,656 - INFO -   - 药用部位: 本品为人的头发经加工成的块状物。
2025-07-09 11:44:49,656 - INFO -   - 性味归经: 苦，平。入肝、胃经。
2025-07-09 11:44:49,656 - INFO -   - 药性: 平
2025-07-09 11:44:49,656 - INFO -   - 药味: 苦
2025-07-09 11:44:49,656 - INFO -   - 归经: 肝经, 胃经
2025-07-09 11:44:49,656 - INFO -   - 功效: 止血
2025-07-09 11:44:49,656 - INFO -   - 功效列表: 1 条
2025-07-09 11:44:49,656 - INFO -   - 临床应用: 3 条
2025-07-09 11:44:49,656 - INFO -   - 处方用名: 血余炭（用）
2025-07-09 11:44:49,656 - INFO -   - 用法用量: 一钱至三钱，煎服。如研末吞服，每次三分至五分。
2025-07-09 11:44:49,656 - INFO -   - 按语: 0 条
2025-07-09 11:44:49,656 - INFO -   - 方剂举例: 1 条
2025-07-09 11:44:49,656 - INFO -   - 文献摘录: 0 条
2025-07-09 11:44:49,656 - INFO -   - 附药: 0 条
2025-07-09 11:44:49,656 - INFO -   - 图片: 0 张
2025-07-09 11:44:49,656 - INFO - 成功添加药材: 血余炭
2025-07-09 11:44:49,666 - INFO - 数据已保存到 zysj_herbal_data.json，当前共 260 条记录
2025-07-09 11:44:51,670 - INFO - 正在处理 [262/464] 藕节 (止血药)
2025-07-09 11:44:51,671 - INFO - 正在解析药材详情: 藕节, URL: https://www.zysj.com.cn/lilunshuji/zhongyaoxue/1670.html
2025-07-09 11:44:54,018 - INFO - 成功解析药材: 藕节 (止血药)
2025-07-09 11:44:54,018 - INFO -   - 拼音: 
2025-07-09 11:44:54,018 - INFO -   - 药用部位: 本品为睡莲科植物莲的根茎之间的节。
2025-07-09 11:44:54,018 - INFO -   - 性味归经: 涩，平。入肝、肺、胃经。
2025-07-09 11:44:54,018 - INFO -   - 药性: 平
2025-07-09 11:44:54,018 - INFO -   - 药味: 涩
2025-07-09 11:44:54,018 - INFO -   - 归经: 肝经, 肺经, 胃经
2025-07-09 11:44:54,019 - INFO -   - 功效: 收涩止血
2025-07-09 11:44:54,019 - INFO -   - 功效列表: 1 条
2025-07-09 11:44:54,019 - INFO -   - 临床应用: 2 条
2025-07-09 11:44:54,019 - INFO -   - 处方用名: 生藕节（止血而兼有化瘀作用）、藕节炭（炒焦黑存性，用以止血）
2025-07-09 11:44:54,019 - INFO -   - 用法用量: 三钱至五钱，煎服。
2025-07-09 11:44:54,019 - INFO -   - 按语: 0 条
2025-07-09 11:44:54,019 - INFO -   - 方剂举例: 0 条
2025-07-09 11:44:54,019 - INFO -   - 文献摘录: 0 条
2025-07-09 11:44:54,019 - INFO -   - 附药: 0 条
2025-07-09 11:44:54,019 - INFO -   - 图片: 0 张
2025-07-09 11:44:54,019 - INFO - 成功添加药材: 藕节
2025-07-09 11:44:56,022 - INFO - 正在处理 [263/464] 百草霜 (止血药)
2025-07-09 11:44:56,023 - INFO - 正在解析药材详情: 百草霜, URL: https://www.zysj.com.cn/lilunshuji/zhongyaoxue/1671.html
2025-07-09 11:44:58,416 - INFO - 成功解析药材: 百草霜 (止血药)
2025-07-09 11:44:58,416 - INFO -   - 拼音: 
2025-07-09 11:44:58,416 - INFO -   - 药用部位: 本品为燃烧柴草的铁锅底下所结成的烟煤，或是烟囱中的黑灰。
2025-07-09 11:44:58,416 - INFO -   - 性味归经: 辛，温。入肺、胃、大肠经。
2025-07-09 11:44:58,416 - INFO -   - 药性: 温
2025-07-09 11:44:58,416 - INFO -   - 药味: 辛
2025-07-09 11:44:58,416 - INFO -   - 归经: 肺经, 胃经, 大肠经
2025-07-09 11:44:58,416 - INFO -   - 功效: 止血，止泻。
2025-07-09 11:44:58,416 - INFO -   - 功效列表: 2 条
2025-07-09 11:44:58,416 - INFO -   - 临床应用: 2 条
2025-07-09 11:44:58,416 - INFO -   - 处方用名: 百草霜
2025-07-09 11:44:58,416 - INFO -   - 用法用量: 五分至一钱五分，包煎。或入丸、散用。外用适量。
2025-07-09 11:44:58,416 - INFO -   - 按语: 0 条
2025-07-09 11:44:58,416 - INFO -   - 方剂举例: 1 条
2025-07-09 11:44:58,416 - INFO -   - 文献摘录: 0 条
2025-07-09 11:44:58,416 - INFO -   - 附药: 0 条
2025-07-09 11:44:58,416 - INFO -   - 图片: 0 张
2025-07-09 11:44:58,416 - INFO - 成功添加药材: 百草霜
2025-07-09 11:45:00,428 - INFO - 正在处理 [264/464] 牛角"角思" (止血药)
2025-07-09 11:45:00,429 - INFO - 正在解析药材详情: 牛角"角思", URL: https://www.zysj.com.cn/lilunshuji/zhongyaoxue/1672.html
2025-07-09 11:45:02,809 - INFO - 成功解析药材: 牛角"角思" (止血药)
2025-07-09 11:45:02,810 - INFO -   - 拼音: 
2025-07-09 11:45:02,810 - INFO -   - 药用部位: 本品为牛角内的坚骨。
2025-07-09 11:45:02,810 - INFO -   - 性味归经: 苦，温。入心、肝经。
2025-07-09 11:45:02,810 - INFO -   - 药性: 温
2025-07-09 11:45:02,810 - INFO -   - 药味: 苦
2025-07-09 11:45:02,810 - INFO -   - 归经: 心经, 肝经
2025-07-09 11:45:02,810 - INFO -   - 功效: 止血。
2025-07-09 11:45:02,810 - INFO -   - 功效列表: 1 条
2025-07-09 11:45:02,810 - INFO -   - 临床应用: 2 条
2025-07-09 11:45:02,810 - INFO -   - 处方用名: 牛角"角思"（用铁砂拌炒至黄色，乘热洒少许米醋后用）
2025-07-09 11:45:02,810 - INFO -   - 用法用量: 一钱至三钱，煎服。
2025-07-09 11:45:02,810 - INFO -   - 按语: 0 条
2025-07-09 11:45:02,810 - INFO -   - 方剂举例: 1 条
2025-07-09 11:45:02,810 - INFO -   - 文献摘录: 0 条
2025-07-09 11:45:02,810 - INFO -   - 附药: 0 条
2025-07-09 11:45:02,810 - INFO -   - 图片: 0 张
2025-07-09 11:45:02,810 - INFO - 成功添加药材: 牛角"角思"
2025-07-09 11:45:04,821 - INFO - 正在处理 [265/464] 墓头回 (止血药)
2025-07-09 11:45:04,821 - INFO - 正在解析药材详情: 墓头回, URL: https://www.zysj.com.cn/lilunshuji/zhongyaoxue/1673.html
2025-07-09 11:45:07,236 - INFO - 成功解析药材: 墓头回 (止血药)
2025-07-09 11:45:07,236 - INFO -   - 拼音: 
2025-07-09 11:45:07,236 - INFO -   - 药用部位: 本品为菊科植物苦？？菜的全草。
2025-07-09 11:45:07,236 - INFO -   - 性味归经: 苦、微酸涩，微寒。入肝经。
2025-07-09 11:45:07,236 - INFO -   - 药性: 微寒
2025-07-09 11:45:07,236 - INFO -   - 药味: 苦、微酸涩
2025-07-09 11:45:07,237 - INFO -   - 归经: 肝经
2025-07-09 11:45:07,237 - INFO -   - 功效: 收涩止血。
2025-07-09 11:45:07,237 - INFO -   - 功效列表: 1 条
2025-07-09 11:45:07,237 - INFO -   - 临床应用: 2 条
2025-07-09 11:45:07,237 - INFO -   - 处方用名: 墓头回（洗净，晒干，切碎用）
2025-07-09 11:45:07,237 - INFO -   - 用法用量: 三钱至五钱，煎服。
2025-07-09 11:45:07,237 - INFO -   - 按语: 0 条
2025-07-09 11:45:07,237 - INFO -   - 方剂举例: 1 条
2025-07-09 11:45:07,237 - INFO -   - 文献摘录: 0 条
2025-07-09 11:45:07,237 - INFO -   - 附药: 0 条
2025-07-09 11:45:07,237 - INFO -   - 图片: 0 张
2025-07-09 11:45:07,237 - INFO - 成功添加药材: 墓头回
2025-07-09 11:45:09,237 - INFO - 正在处理 [266/464] 参三七 (止血药)
2025-07-09 11:45:09,237 - INFO - 正在解析药材详情: 参三七, URL: https://www.zysj.com.cn/lilunshuji/zhongyaoxue/1674.html
2025-07-09 11:45:11,635 - INFO - 成功解析药材: 参三七 (止血药)
2025-07-09 11:45:11,635 - INFO -   - 拼音: 
2025-07-09 11:45:11,635 - INFO -   - 药用部位: 本品属五加科植物的根。
2025-07-09 11:45:11,635 - INFO -   - 性味归经: 甘、微苦，温。入肝、胃经。
2025-07-09 11:45:11,635 - INFO -   - 药性: 温
2025-07-09 11:45:11,635 - INFO -   - 药味: 甘、微苦
2025-07-09 11:45:11,635 - INFO -   - 归经: 肝经, 胃经
2025-07-09 11:45:11,635 - INFO -   - 功效: 祛瘀止血，活血止痛。
2025-07-09 11:45:11,635 - INFO -   - 功效列表: 2 条
2025-07-09 11:45:11,635 - INFO -   - 临床应用: 2 条
2025-07-09 11:45:11,635 - INFO -   - 处方用名: 三七、参三七、田七（洗净，晒干，切片用）、三七粉（晒干研末）
2025-07-09 11:45:11,635 - INFO -   - 用法用量: 一钱至三钱，煎服。如研粉吞服，每次三分至五分，每天二次至三次．本品价格昂贵，故临床应用，多数是研粉吞服。
2025-07-09 11:45:11,635 - INFO -   - 按语: 1 条
2025-07-09 11:45:11,635 - INFO -   - 方剂举例: 1 条
2025-07-09 11:45:11,635 - INFO -   - 文献摘录: 0 条
2025-07-09 11:45:11,635 - INFO -   - 附药: 0 条
2025-07-09 11:45:11,635 - INFO -   - 图片: 0 张
2025-07-09 11:45:11,635 - INFO - 成功添加药材: 参三七
2025-07-09 11:45:11,646 - INFO - 数据已保存到 zysj_herbal_data.json，当前共 265 条记录
2025-07-09 11:45:13,659 - INFO - 正在处理 [267/464] 花蕊石 (止血药)
2025-07-09 11:45:13,660 - INFO - 正在解析药材详情: 花蕊石, URL: https://www.zysj.com.cn/lilunshuji/zhongyaoxue/1675.html
2025-07-09 11:45:16,022 - INFO - 成功解析药材: 花蕊石 (止血药)
2025-07-09 11:45:16,022 - INFO -   - 拼音: 
2025-07-09 11:45:16,022 - INFO -   - 药用部位: 本品为含蛇纹状大理石的石块。
2025-07-09 11:45:16,022 - INFO -   - 性味归经: 酸、涩，平。入肝经。
2025-07-09 11:45:16,022 - INFO -   - 药性: 平
2025-07-09 11:45:16,022 - INFO -   - 药味: 酸、涩
2025-07-09 11:45:16,022 - INFO -   - 归经: 肝经
2025-07-09 11:45:16,022 - INFO -   - 功效: 止血化瘀。
2025-07-09 11:45:16,022 - INFO -   - 功效列表: 1 条
2025-07-09 11:45:16,022 - INFO -   - 临床应用: 2 条
2025-07-09 11:45:16,022 - INFO -   - 处方用名: 花蕊石、花乳石（打碎用）
2025-07-09 11:45:16,022 - INFO -   - 用法用量: 三钱至五钱，煎服。或后研细，入丸、散剂吞服，每此服用量为一分至三分。外用适量。
2025-07-09 11:45:16,022 - INFO -   - 按语: 0 条
2025-07-09 11:45:16,022 - INFO -   - 方剂举例: 0 条
2025-07-09 11:45:16,022 - INFO -   - 文献摘录: 0 条
2025-07-09 11:45:16,022 - INFO -   - 附药: 0 条
2025-07-09 11:45:16,022 - INFO -   - 图片: 0 张
2025-07-09 11:45:16,022 - INFO - 成功添加药材: 花蕊石
2025-07-09 11:45:18,035 - INFO - 正在处理 [268/464] 山楂 (消食药)
2025-07-09 11:45:18,036 - INFO - 正在解析药材详情: 山楂, URL: https://www.zysj.com.cn/lilunshuji/zhongyaoxue/1680.html
2025-07-09 11:45:20,430 - INFO - 成功解析药材: 山楂 (消食药)
2025-07-09 11:45:20,430 - INFO -   - 拼音: 
2025-07-09 11:45:20,430 - INFO -   - 药用部位: 蔷薇科乔木或大灌木山里红Crataeguspinnatifi...
2025-07-09 11:45:20,430 - INFO -   - 性味归经: 酸、甘、微温。归脾、胃、肝经。
2025-07-09 11:45:20,430 - INFO -   - 药性: 微温
2025-07-09 11:45:20,430 - INFO -   - 药味: 酸、甘
2025-07-09 11:45:20,430 - INFO -   - 归经: 脾经, 胃经, 肝经
2025-07-09 11:45:20,430 - INFO -   - 功效: 消食化积，活血化瘀。
2025-07-09 11:45:20,430 - INFO -   - 功效列表: 2 条
2025-07-09 11:45:20,430 - INFO -   - 临床应用: 2 条
2025-07-09 11:45:20,430 - INFO -   - 处方用名: 焦山楂山楂炭焦楂肉（炒至外黑内呈深褐色应用）、生山楂生楂肉（洗净，晒干用）、蜜炙山楂炭（取山楂炭用炼蜜拌炒）
2025-07-09 11:45:20,430 - INFO -   - 用法用量: 3--10克，煎服。
2025-07-09 11:45:20,430 - INFO -   - 按语: 0 条
2025-07-09 11:45:20,430 - INFO -   - 方剂举例: 1 条
2025-07-09 11:45:20,430 - INFO -   - 文献摘录: 0 条
2025-07-09 11:45:20,430 - INFO -   - 附药: 0 条
2025-07-09 11:45:20,430 - INFO -   - 图片: 0 张
2025-07-09 11:45:20,430 - INFO - 成功添加药材: 山楂
2025-07-09 11:45:22,432 - INFO - 正在处理 [269/464] 六曲 (消食药)
2025-07-09 11:45:22,433 - INFO - 正在解析药材详情: 六曲, URL: https://www.zysj.com.cn/lilunshuji/zhongyaoxue/1681.html
2025-07-09 11:45:24,860 - INFO - 成功解析药材: 六曲 (消食药)
2025-07-09 11:45:24,860 - INFO -   - 拼音: 
2025-07-09 11:45:24,860 - INFO -   - 药用部位: 本品为采用杏仁泥、赤小豆、辣蓼草、青蒿、面粉、苍耳草等药末混...
2025-07-09 11:45:24,860 - INFO -   - 性味归经: 甘、辛，温。入脾、胃经。
2025-07-09 11:45:24,860 - INFO -   - 药性: 温
2025-07-09 11:45:24,860 - INFO -   - 药味: 甘、辛
2025-07-09 11:45:24,860 - INFO -   - 归经: 脾经, 胃经
2025-07-09 11:45:24,860 - INFO -   - 功效: 和食消胃
2025-07-09 11:45:24,860 - INFO -   - 功效列表: 1 条
2025-07-09 11:45:24,860 - INFO -   - 临床应用: 3 条
2025-07-09 11:45:24,860 - INFO -   - 处方用名: 焦六曲、六曲（炒至外黑内呈老黄者应用）、生六曲（未经炒者）
2025-07-09 11:45:24,860 - INFO -   - 用法用量: 三钱至五钱，煎服。
2025-07-09 11:45:24,860 - INFO -   - 按语: 0 条
2025-07-09 11:45:24,860 - INFO -   - 方剂举例: 1 条
2025-07-09 11:45:24,860 - INFO -   - 文献摘录: 0 条
2025-07-09 11:45:24,860 - INFO -   - 附药: 2 条
2025-07-09 11:45:24,860 - INFO -   - 图片: 0 张
2025-07-09 11:45:24,861 - INFO - 成功添加药材: 六曲
2025-07-09 11:45:26,875 - INFO - 正在处理 [270/464] 鸡内金 (消食药)
2025-07-09 11:45:26,875 - INFO - 正在解析药材详情: 鸡内金, URL: https://www.zysj.com.cn/lilunshuji/zhongyaoxue/1682.html
2025-07-09 11:45:29,275 - INFO - 成功解析药材: 鸡内金 (消食药)
2025-07-09 11:45:29,275 - INFO -   - 拼音: 
2025-07-09 11:45:29,275 - INFO -   - 药用部位: 本品为脊椎动物雉科家鸡的砂囊角质内膜。俗称鸡肫皮。
2025-07-09 11:45:29,275 - INFO -   - 性味归经: 甘，平。入脾、胃、小肠、膀胱经。
2025-07-09 11:45:29,275 - INFO -   - 药性: 平
2025-07-09 11:45:29,275 - INFO -   - 药味: 甘
2025-07-09 11:45:29,275 - INFO -   - 归经: 脾经, 胃经, 小肠经, 膀胱经
2025-07-09 11:45:29,276 - INFO -   - 功效: 消食积，止遗尿。
2025-07-09 11:45:29,276 - INFO -   - 功效列表: 2 条
2025-07-09 11:45:29,276 - INFO -   - 临床应用: 2 条
2025-07-09 11:45:29,276 - INFO -   - 处方用名: 鸡内金、炙内金（用铁砂拌炒至发胖用）
2025-07-09 11:45:29,276 - INFO -   - 用法用量: 一钱至三钱，煎服。研粉吞服每次五分至一钱。
2025-07-09 11:45:29,276 - INFO -   - 按语: 0 条
2025-07-09 11:45:29,276 - INFO -   - 方剂举例: 1 条
2025-07-09 11:45:29,276 - INFO -   - 文献摘录: 0 条
2025-07-09 11:45:29,276 - INFO -   - 附药: 0 条
2025-07-09 11:45:29,276 - INFO -   - 图片: 0 张
2025-07-09 11:45:29,276 - INFO - 成功添加药材: 鸡内金
2025-07-09 11:45:31,285 - INFO - 正在处理 [271/464] 麦芽 (消食药)
2025-07-09 11:45:31,286 - INFO - 正在解析药材详情: 麦芽, URL: https://www.zysj.com.cn/lilunshuji/zhongyaoxue/1683.html
2025-07-09 11:45:33,667 - INFO - 成功解析药材: 麦芽 (消食药)
2025-07-09 11:45:33,667 - INFO -   - 拼音: 
2025-07-09 11:45:33,667 - INFO -   - 药用部位: 本品为禾本科植物大麦的成熟颖果，经发芽后，低温干燥而得。
2025-07-09 11:45:33,667 - INFO -   - 性味归经: 咸，平。入脾、胃经。
2025-07-09 11:45:33,668 - INFO -   - 药性: 平
2025-07-09 11:45:33,668 - INFO -   - 药味: 咸
2025-07-09 11:45:33,668 - INFO -   - 归经: 脾经, 胃经
2025-07-09 11:45:33,668 - INFO -   - 功效: 消食和中，回乳。
2025-07-09 11:45:33,668 - INFO -   - 功效列表: 2 条
2025-07-09 11:45:33,668 - INFO -   - 临床应用: 2 条
2025-07-09 11:45:33,668 - INFO -   - 处方用名: 炒麦芽、焦麦芽（炒用）、生麦芽（晒干用）
2025-07-09 11:45:33,668 - INFO -   - 用法用量: 三钱至五钱，大剂量可用一两至四两，煎服。
2025-07-09 11:45:33,668 - INFO -   - 按语: 0 条
2025-07-09 11:45:33,668 - INFO -   - 方剂举例: 0 条
2025-07-09 11:45:33,668 - INFO -   - 文献摘录: 0 条
2025-07-09 11:45:33,668 - INFO -   - 附药: 0 条
2025-07-09 11:45:33,668 - INFO -   - 图片: 0 张
2025-07-09 11:45:33,668 - INFO - 成功添加药材: 麦芽
2025-07-09 11:45:33,678 - INFO - 数据已保存到 zysj_herbal_data.json，当前共 270 条记录
2025-07-09 11:45:35,690 - INFO - 正在处理 [272/464] 谷芽 (消食药)
2025-07-09 11:45:35,691 - INFO - 正在解析药材详情: 谷芽, URL: https://www.zysj.com.cn/lilunshuji/zhongyaoxue/1684.html
2025-07-09 11:45:38,078 - INFO - 成功解析药材: 谷芽 (消食药)
2025-07-09 11:45:38,078 - INFO -   - 拼音: 
2025-07-09 11:45:38,078 - INFO -   - 药用部位: 本品为禾本科植物稻的成熟颖果，经发芽后，低温干燥而得。
2025-07-09 11:45:38,078 - INFO -   - 性味归经: 甘，平。入脾、胃经。
2025-07-09 11:45:38,078 - INFO -   - 药性: 平
2025-07-09 11:45:38,078 - INFO -   - 药味: 甘
2025-07-09 11:45:38,078 - INFO -   - 归经: 脾经, 胃经
2025-07-09 11:45:38,078 - INFO -   - 功效: 消食和中，健脾开胃。
2025-07-09 11:45:38,078 - INFO -   - 功效列表: 2 条
2025-07-09 11:45:38,078 - INFO -   - 临床应用: 2 条
2025-07-09 11:45:38,078 - INFO -   - 处方用名: 生谷芽（晒干用）、炒谷芽（炒用）
2025-07-09 11:45:38,078 - INFO -   - 用法用量: 三钱至五钱，大剂可用一两至三两，煎服。
2025-07-09 11:45:38,078 - INFO -   - 按语: 0 条
2025-07-09 11:45:38,078 - INFO -   - 方剂举例: 0 条
2025-07-09 11:45:38,078 - INFO -   - 文献摘录: 0 条
2025-07-09 11:45:38,078 - INFO -   - 附药: 0 条
2025-07-09 11:45:38,078 - INFO -   - 图片: 0 张
2025-07-09 11:45:38,078 - INFO - 成功添加药材: 谷芽
2025-07-09 11:45:40,083 - INFO - 正在处理 [273/464] 阿魏 (消食药)
2025-07-09 11:45:40,084 - INFO - 正在解析药材详情: 阿魏, URL: https://www.zysj.com.cn/lilunshuji/zhongyaoxue/1685.html
2025-07-09 11:45:42,571 - INFO - 成功解析药材: 阿魏 (消食药)
2025-07-09 11:45:42,571 - INFO -   - 拼音: 
2025-07-09 11:45:42,571 - INFO -   - 药用部位: 本品为伞形科植物阿魏草其及同属植物新鲜根茎及根切伤后渗出的油...
2025-07-09 11:45:42,571 - INFO -   - 性味归经: 苦、辛，温。入脾、胃经。
2025-07-09 11:45:42,571 - INFO -   - 药性: 温
2025-07-09 11:45:42,571 - INFO -   - 药味: 苦、辛
2025-07-09 11:45:42,571 - INFO -   - 归经: 脾经, 胃经
2025-07-09 11:45:42,571 - INFO -   - 功效: 消积，散症，截疟，治痢。
2025-07-09 11:45:42,571 - INFO -   - 功效列表: 4 条
2025-07-09 11:45:42,571 - INFO -   - 临床应用: 3 条
2025-07-09 11:45:42,571 - INFO -   - 处方用名: 阿魏（生用或炒用）
2025-07-09 11:45:42,571 - INFO -   - 用法用量: 二分至五分。内服宜入丸剂。本品气味奇臭，不宜入汤剂。外用适量。
2025-07-09 11:45:42,572 - INFO -   - 按语: 0 条
2025-07-09 11:45:42,572 - INFO -   - 方剂举例: 1 条
2025-07-09 11:45:42,572 - INFO -   - 文献摘录: 0 条
2025-07-09 11:45:42,572 - INFO -   - 附药: 0 条
2025-07-09 11:45:42,572 - INFO -   - 图片: 0 张
2025-07-09 11:45:42,572 - INFO - 成功添加药材: 阿魏
2025-07-09 11:45:44,577 - INFO - 正在处理 [274/464] 苦楝根皮 (驱虫药)
2025-07-09 11:45:44,577 - INFO - 正在解析药材详情: 苦楝根皮, URL: https://www.zysj.com.cn/lilunshuji/zhongyaoxue/1689.html
2025-07-09 11:45:47,000 - INFO - 成功解析药材: 苦楝根皮 (驱虫药)
2025-07-09 11:45:47,000 - INFO -   - 拼音: 
2025-07-09 11:45:47,000 - INFO -   - 药用部位: 本品为楝科植物川楝或楝树的根皮。
2025-07-09 11:45:47,000 - INFO -   - 性味归经: 苦、寒。有毒。入肝、脾、胃经。
2025-07-09 11:45:47,000 - INFO -   - 药性: 寒
2025-07-09 11:45:47,000 - INFO -   - 药味: 苦
2025-07-09 11:45:47,000 - INFO -   - 归经: 肝经, 脾经, 胃经
2025-07-09 11:45:47,000 - INFO -   - 功效: 杀虫、疗廯。
2025-07-09 11:45:47,000 - INFO -   - 功效列表: 2 条
2025-07-09 11:45:47,000 - INFO -   - 临床应用: 2 条
2025-07-09 11:45:47,000 - INFO -   - 处方用名: 苦楝根皮（洗净，晒干，切碎用）
2025-07-09 11:45:47,000 - INFO -   - 用法用量: 干者三钱到一钱，鲜者五钱到一两，煎服。
2025-07-09 11:45:47,000 - INFO -   - 按语: 0 条
2025-07-09 11:45:47,000 - INFO -   - 方剂举例: 0 条
2025-07-09 11:45:47,001 - INFO -   - 文献摘录: 0 条
2025-07-09 11:45:47,001 - INFO -   - 附药: 0 条
2025-07-09 11:45:47,001 - INFO -   - 图片: 0 张
2025-07-09 11:45:47,001 - INFO - 成功添加药材: 苦楝根皮
2025-07-09 11:45:49,013 - INFO - 正在处理 [275/464] 使君子 (驱虫药)
2025-07-09 11:45:49,013 - INFO - 正在解析药材详情: 使君子, URL: https://www.zysj.com.cn/lilunshuji/zhongyaoxue/1690.html
2025-07-09 11:45:51,440 - INFO - 成功解析药材: 使君子 (驱虫药)
2025-07-09 11:45:51,440 - INFO -   - 拼音: 
2025-07-09 11:45:51,440 - INFO -   - 药用部位: 本品为使君子科植物使君子科植物的成熟种子。
2025-07-09 11:45:51,440 - INFO -   - 性味归经: 甘，温。入脾、胃经。
2025-07-09 11:45:51,440 - INFO -   - 药性: 温
2025-07-09 11:45:51,440 - INFO -   - 药味: 甘
2025-07-09 11:45:51,440 - INFO -   - 归经: 脾经, 胃经
2025-07-09 11:45:51,440 - INFO -   - 功效: 杀虫消积
2025-07-09 11:45:51,440 - INFO -   - 功效列表: 1 条
2025-07-09 11:45:51,440 - INFO -   - 临床应用: 4 条
2025-07-09 11:45:51,440 - INFO -   - 处方用名: 使君子使君肉使君子仁（去壳者，常炒熟嚼食，或生用作煎剂）
2025-07-09 11:45:51,441 - INFO -   - 用法用量: 一钱至三钱，煎服。炒熟嚼食，儿童每岁一粒，总量不超过二十粒。
2025-07-09 11:45:51,441 - INFO -   - 按语: 0 条
2025-07-09 11:45:51,441 - INFO -   - 方剂举例: 0 条
2025-07-09 11:45:51,441 - INFO -   - 文献摘录: 0 条
2025-07-09 11:45:51,441 - INFO -   - 附药: 0 条
2025-07-09 11:45:51,441 - INFO -   - 图片: 0 张
2025-07-09 11:45:51,441 - INFO - 成功添加药材: 使君子
2025-07-09 11:45:53,456 - INFO - 正在处理 [276/464] 槟榔 (驱虫药)
2025-07-09 11:45:53,457 - INFO - 正在解析药材详情: 槟榔, URL: https://www.zysj.com.cn/lilunshuji/zhongyaoxue/1691.html
2025-07-09 11:45:55,826 - INFO - 成功解析药材: 槟榔 (驱虫药)
2025-07-09 11:45:55,826 - INFO -   - 拼音: 
2025-07-09 11:45:55,826 - INFO -   - 药用部位: 本品为棕榈科植物槟榔的成熟种子。
2025-07-09 11:45:55,826 - INFO -   - 性味归经: 辛、苦，温。归胃、大肠经。
2025-07-09 11:45:55,826 - INFO -   - 药性: 温
2025-07-09 11:45:55,826 - INFO -   - 药味: 辛、苦
2025-07-09 11:45:55,826 - INFO -   - 归经: 胃经, 大肠经
2025-07-09 11:45:55,826 - INFO -   - 功效: 杀虫，消积，行水。
2025-07-09 11:45:55,826 - INFO -   - 功效列表: 3 条
2025-07-09 11:45:55,826 - INFO -   - 临床应用: 3 条
2025-07-09 11:45:55,826 - INFO -   - 处方用名: 槟榔、大槟榔、大腹子（晒干，打碎用）
2025-07-09 11:45:55,826 - INFO -   - 用法用量: 一钱至三钱，煎服。单用杀绦虫、姜片虫，剂量可至五钱至一两。
2025-07-09 11:45:55,827 - INFO -   - 按语: 0 条
2025-07-09 11:45:55,827 - INFO -   - 方剂举例: 0 条
2025-07-09 11:45:55,827 - INFO -   - 文献摘录: 0 条
2025-07-09 11:45:55,827 - INFO -   - 附药: 0 条
2025-07-09 11:45:55,827 - INFO -   - 图片: 0 张
2025-07-09 11:45:55,827 - INFO - 成功添加药材: 槟榔
2025-07-09 11:45:55,837 - INFO - 数据已保存到 zysj_herbal_data.json，当前共 275 条记录
2025-07-09 11:45:57,840 - INFO - 正在处理 [277/464] 番瓜子 (驱虫药)
2025-07-09 11:45:57,840 - INFO - 正在解析药材详情: 番瓜子, URL: https://www.zysj.com.cn/lilunshuji/zhongyaoxue/1692.html
2025-07-09 11:46:00,227 - INFO - 成功解析药材: 番瓜子 (驱虫药)
2025-07-09 11:46:00,227 - INFO -   - 拼音: 
2025-07-09 11:46:00,227 - INFO -   - 药用部位: 葫芦藤本植物番瓜子CucurbitamoschataDuch...
2025-07-09 11:46:00,227 - INFO -   - 性味归经: 甘，温。归胃、大肠经。
2025-07-09 11:46:00,227 - INFO -   - 药性: 温
2025-07-09 11:46:00,227 - INFO -   - 药味: 甘
2025-07-09 11:46:00,227 - INFO -   - 归经: 胃经, 大肠经
2025-07-09 11:46:00,227 - INFO -   - 功效: 杀虫。
2025-07-09 11:46:00,227 - INFO -   - 功效列表: 1 条
2025-07-09 11:46:00,227 - INFO -   - 临床应用: 2 条
2025-07-09 11:46:00,227 - INFO -   - 处方用名: 番瓜子（晒干用）
2025-07-09 11:46:00,227 - INFO -   - 用法用量: 二两至四两，连壳捣碎入煎或和蜜糖调服。
2025-07-09 11:46:00,227 - INFO -   - 按语: 0 条
2025-07-09 11:46:00,227 - INFO -   - 方剂举例: 1 条
2025-07-09 11:46:00,227 - INFO -   - 文献摘录: 0 条
2025-07-09 11:46:00,227 - INFO -   - 附药: 0 条
2025-07-09 11:46:00,227 - INFO -   - 图片: 0 张
2025-07-09 11:46:00,227 - INFO - 成功添加药材: 番瓜子
2025-07-09 11:46:02,240 - INFO - 正在处理 [278/464] 雷丸 (驱虫药)
2025-07-09 11:46:02,240 - INFO - 正在解析药材详情: 雷丸, URL: https://www.zysj.com.cn/lilunshuji/zhongyaoxue/1693.html
2025-07-09 11:46:04,620 - INFO - 成功解析药材: 雷丸 (驱虫药)
2025-07-09 11:46:04,620 - INFO -   - 拼音: 
2025-07-09 11:46:04,620 - INFO -   - 药用部位: 白蘑科真菌雷丸OmphalialapidescensSchr...
2025-07-09 11:46:04,620 - INFO -   - 性味归经: 苦，寒；有小毒。归胃、大肠经。
2025-07-09 11:46:04,620 - INFO -   - 药性: 寒
2025-07-09 11:46:04,620 - INFO -   - 药味: 苦
2025-07-09 11:46:04,620 - INFO -   - 归经: 胃经, 大肠经
2025-07-09 11:46:04,620 - INFO -   - 功效: 杀虫。
2025-07-09 11:46:04,620 - INFO -   - 功效列表: 1 条
2025-07-09 11:46:04,620 - INFO -   - 临床应用: 2 条
2025-07-09 11:46:04,620 - INFO -   - 处方用名: 雷丸（洗净，晒干用）。
2025-07-09 11:46:04,620 - INFO -   - 用法用量: 每次6g，研粉吞服，每日2～3次，连服2～3天。
2025-07-09 11:46:04,620 - INFO -   - 按语: 1 条
2025-07-09 11:46:04,620 - INFO -   - 方剂举例: 1 条
2025-07-09 11:46:04,620 - INFO -   - 文献摘录: 0 条
2025-07-09 11:46:04,620 - INFO -   - 附药: 0 条
2025-07-09 11:46:04,620 - INFO -   - 图片: 0 张
2025-07-09 11:46:04,620 - INFO - 成功添加药材: 雷丸
2025-07-09 11:46:06,629 - INFO - 正在处理 [279/464] 鹤虱 (驱虫药)
2025-07-09 11:46:06,629 - INFO - 正在解析药材详情: 鹤虱, URL: https://www.zysj.com.cn/lilunshuji/zhongyaoxue/1694.html
2025-07-09 11:46:09,038 - INFO - 成功解析药材: 鹤虱 (驱虫药)
2025-07-09 11:46:09,038 - INFO -   - 拼音: 
2025-07-09 11:46:09,038 - INFO -   - 药用部位: 本品为菊科植物天名精的果实（北鹤虱），或伞型植物野胡萝卜的果...
2025-07-09 11:46:09,038 - INFO -   - 性味归经: 苦、辛，平。有小毒。入脾、胃经。
2025-07-09 11:46:09,039 - INFO -   - 药性: 平
2025-07-09 11:46:09,039 - INFO -   - 药味: 苦、辛
2025-07-09 11:46:09,039 - INFO -   - 归经: 脾经, 胃经
2025-07-09 11:46:09,039 - INFO -   - 功效: 杀虫。
2025-07-09 11:46:09,039 - INFO -   - 功效列表: 1 条
2025-07-09 11:46:09,039 - INFO -   - 临床应用: 2 条
2025-07-09 11:46:09,039 - INFO -   - 处方用名: 鹤虱、北鹤虱（晒干用）
2025-07-09 11:46:09,039 - INFO -   - 用法用量: 一钱至三钱，煎服。
2025-07-09 11:46:09,039 - INFO -   - 按语: 0 条
2025-07-09 11:46:09,039 - INFO -   - 方剂举例: 1 条
2025-07-09 11:46:09,039 - INFO -   - 文献摘录: 0 条
2025-07-09 11:46:09,040 - INFO -   - 附药: 0 条
2025-07-09 11:46:09,040 - INFO -   - 图片: 0 张
2025-07-09 11:46:09,040 - INFO - 成功添加药材: 鹤虱
2025-07-09 11:46:11,053 - INFO - 正在处理 [280/464] 芜荑 (驱虫药)
2025-07-09 11:46:11,053 - INFO - 正在解析药材详情: 芜荑, URL: https://www.zysj.com.cn/lilunshuji/zhongyaoxue/1695.html
2025-07-09 11:46:13,461 - INFO - 成功解析药材: 芜荑 (驱虫药)
2025-07-09 11:46:13,461 - INFO -   - 拼音: 
2025-07-09 11:46:13,461 - INFO -   - 药用部位: 本品为榆树科植物大果榆树的经加工的果实。
2025-07-09 11:46:13,461 - INFO -   - 性味归经: 辛、苦，温。入脾、胃经。
2025-07-09 11:46:13,461 - INFO -   - 药性: 温
2025-07-09 11:46:13,461 - INFO -   - 药味: 辛、苦
2025-07-09 11:46:13,461 - INFO -   - 归经: 脾经, 胃经
2025-07-09 11:46:13,461 - INFO -   - 功效: 杀虫消疳。
2025-07-09 11:46:13,461 - INFO -   - 功效列表: 1 条
2025-07-09 11:46:13,462 - INFO -   - 临床应用: 2 条
2025-07-09 11:46:13,462 - INFO -   - 处方用名: 芜荑、臭芜荑、白芜荑（洗净，晒干用）
2025-07-09 11:46:13,462 - INFO -   - 用法用量: 一钱至三钱，煎服。
2025-07-09 11:46:13,462 - INFO -   - 按语: 0 条
2025-07-09 11:46:13,462 - INFO -   - 方剂举例: 1 条
2025-07-09 11:46:13,462 - INFO -   - 文献摘录: 0 条
2025-07-09 11:46:13,462 - INFO -   - 附药: 0 条
2025-07-09 11:46:13,462 - INFO -   - 图片: 0 张
2025-07-09 11:46:13,462 - INFO - 成功添加药材: 芜荑
2025-07-09 11:46:15,467 - INFO - 正在处理 [281/464] 榧子 (驱虫药)
2025-07-09 11:46:15,467 - INFO - 正在解析药材详情: 榧子, URL: https://www.zysj.com.cn/lilunshuji/zhongyaoxue/1696.html
2025-07-09 11:46:17,883 - INFO - 成功解析药材: 榧子 (驱虫药)
2025-07-09 11:46:17,883 - INFO -   - 拼音: 
2025-07-09 11:46:17,883 - INFO -   - 药用部位: 本品为紫杉科植物榧的成熟果实。
2025-07-09 11:46:17,883 - INFO -   - 性味归经: 甘、涩，平。入胃、大肠经。
2025-07-09 11:46:17,883 - INFO -   - 药性: 平
2025-07-09 11:46:17,883 - INFO -   - 药味: 甘、涩
2025-07-09 11:46:17,883 - INFO -   - 归经: 胃经, 大肠经
2025-07-09 11:46:17,883 - INFO -   - 功效: 杀虫，缓泻去积。
2025-07-09 11:46:17,883 - INFO -   - 功效列表: 2 条
2025-07-09 11:46:17,883 - INFO -   - 临床应用: 2 条
2025-07-09 11:46:17,883 - INFO -   - 处方用名: 榧子、香榧子（剥去壳用，或炒用）
2025-07-09 11:46:17,883 - INFO -   - 用法用量: 五钱至一两，煎服。或十枚至二十枚，炒熟嚼食。
2025-07-09 11:46:17,883 - INFO -   - 按语: 0 条
2025-07-09 11:46:17,883 - INFO -   - 方剂举例: 1 条
2025-07-09 11:46:17,883 - INFO -   - 文献摘录: 0 条
2025-07-09 11:46:17,883 - INFO -   - 附药: 0 条
2025-07-09 11:46:17,883 - INFO -   - 图片: 0 张
2025-07-09 11:46:17,883 - INFO - 成功添加药材: 榧子
2025-07-09 11:46:17,897 - INFO - 数据已保存到 zysj_herbal_data.json，当前共 280 条记录
2025-07-09 11:46:19,898 - INFO - 正在处理 [282/464] 贯众 (驱虫药)
2025-07-09 11:46:19,898 - INFO - 正在解析药材详情: 贯众, URL: https://www.zysj.com.cn/lilunshuji/zhongyaoxue/1697.html
2025-07-09 11:46:22,313 - INFO - 成功解析药材: 贯众 (驱虫药)
2025-07-09 11:46:22,313 - INFO -   - 拼音: 
2025-07-09 11:46:22,313 - INFO -   - 药用部位: 本品为叉蕨科植物贯众的根茎及叶柄残基。
2025-07-09 11:46:22,313 - INFO -   - 性味归经: 苦，微寒。有小毒。入肝、脾经。
2025-07-09 11:46:22,313 - INFO -   - 药性: 微寒
2025-07-09 11:46:22,313 - INFO -   - 药味: 苦
2025-07-09 11:46:22,314 - INFO -   - 归经: 肝经, 脾经
2025-07-09 11:46:22,315 - INFO -   - 功效: 杀虫，清热解毒，止血。
2025-07-09 11:46:22,316 - INFO -   - 功效列表: 3 条
2025-07-09 11:46:22,316 - INFO -   - 临床应用: 3 条
2025-07-09 11:46:22,316 - INFO -   - 处方用名: 贯众、贯仲（生用，用于杀虫与清热解毒）、贯众炭、贯仲炭（炒焦黑用，用于止血）
2025-07-09 11:46:22,316 - INFO -   - 用法用量: 三钱至五钱，煎服。
2025-07-09 11:46:22,316 - INFO -   - 按语: 0 条
2025-07-09 11:46:22,316 - INFO -   - 方剂举例: 1 条
2025-07-09 11:46:22,317 - INFO -   - 文献摘录: 0 条
2025-07-09 11:46:22,321 - INFO -   - 附药: 0 条
2025-07-09 11:46:22,322 - INFO -   - 图片: 0 张
2025-07-09 11:46:22,322 - INFO - 成功添加药材: 贯众
2025-07-09 11:46:24,326 - INFO - 正在处理 [283/464] 大蒜 (驱虫药)
2025-07-09 11:46:24,326 - INFO - 正在解析药材详情: 大蒜, URL: https://www.zysj.com.cn/lilunshuji/zhongyaoxue/1698.html
2025-07-09 11:46:26,709 - INFO - 成功解析药材: 大蒜 (驱虫药)
2025-07-09 11:46:26,709 - INFO -   - 拼音: 
2025-07-09 11:46:26,709 - INFO -   - 药用部位: 本品为百合科植物蒜的鳞茎。
2025-07-09 11:46:26,709 - INFO -   - 性味归经: 辛，温。入胃、大肠经。
2025-07-09 11:46:26,709 - INFO -   - 药性: 温
2025-07-09 11:46:26,709 - INFO -   - 药味: 辛
2025-07-09 11:46:26,709 - INFO -   - 归经: 胃经, 大肠经
2025-07-09 11:46:26,709 - INFO -   - 功效: 杀虫，解毒，消痈。
2025-07-09 11:46:26,709 - INFO -   - 功效列表: 3 条
2025-07-09 11:46:26,709 - INFO -   - 临床应用: 3 条
2025-07-09 11:46:26,710 - INFO -   - 处方用名: 大蒜、生大蒜（用新鲜者，以独头紫皮为佳）
2025-07-09 11:46:26,710 - INFO -   - 用法用量: 三个至五个，内服或外用。
2025-07-09 11:46:26,710 - INFO -   - 按语: 0 条
2025-07-09 11:46:26,710 - INFO -   - 方剂举例: 1 条
2025-07-09 11:46:26,710 - INFO -   - 文献摘录: 0 条
2025-07-09 11:46:26,710 - INFO -   - 附药: 0 条
2025-07-09 11:46:26,710 - INFO -   - 图片: 0 张
2025-07-09 11:46:26,710 - INFO - 成功添加药材: 大蒜
2025-07-09 11:46:28,720 - INFO - 正在处理 [284/464] 半夏 (温化寒痰药)
2025-07-09 11:46:28,720 - INFO - 正在解析药材详情: 半夏, URL: https://www.zysj.com.cn/lilunshuji/zhongyaoxue/1703.html
2025-07-09 11:46:31,092 - INFO - 成功解析药材: 半夏 (温化寒痰药)
2025-07-09 11:46:31,092 - INFO -   - 拼音: 
2025-07-09 11:46:31,092 - INFO -   - 药用部位: 天南星科草本植物半夏Pinelliaternata（Thun...
2025-07-09 11:46:31,092 - INFO -   - 性味归经: 辛，温有毒。归脾、胃经。
2025-07-09 11:46:31,092 - INFO -   - 药性: 温有毒
2025-07-09 11:46:31,092 - INFO -   - 药味: 辛
2025-07-09 11:46:31,092 - INFO -   - 归经: 脾经, 胃经
2025-07-09 11:46:31,092 - INFO -   - 功效: 燥湿化痰，消痞散结，降逆止呕。
2025-07-09 11:46:31,092 - INFO -   - 功效列表: 3 条
2025-07-09 11:46:31,092 - INFO -   - 临床应用: 4 条
2025-07-09 11:46:31,092 - INFO -   - 处方用名: 制半夏、姜半夏（用明矾粉、生姜汁腌制后漂净，晒干用）、生半夏（生用，有毒，主要作为外用）
2025-07-09 11:46:31,092 - INFO -   - 用法用量: 一钱至三钱，煎服。外用适量。
2025-07-09 11:46:31,092 - INFO -   - 按语: 7 条
2025-07-09 11:46:31,092 - INFO -   - 方剂举例: 1 条
2025-07-09 11:46:31,092 - INFO -   - 文献摘录: 0 条
2025-07-09 11:46:31,092 - INFO -   - 附药: 0 条
2025-07-09 11:46:31,092 - INFO -   - 图片: 0 张
2025-07-09 11:46:31,093 - INFO - 成功添加药材: 半夏
2025-07-09 11:46:33,104 - INFO - 正在处理 [285/464] 天南星（附：胆南星） (温化寒痰药)
2025-07-09 11:46:33,104 - INFO - 正在解析药材详情: 天南星（附：胆南星）, URL: https://www.zysj.com.cn/lilunshuji/zhongyaoxue/1704.html
2025-07-09 11:46:35,489 - INFO - 成功解析药材: 天南星（附：胆南星） (温化寒痰药)
2025-07-09 11:46:35,490 - INFO -   - 拼音: 
2025-07-09 11:46:35,490 - INFO -   - 药用部位: 本品为天南星科植物拟天南星及天南星或其它同属近似植物的求状块...
2025-07-09 11:46:35,490 - INFO -   - 性味归经: 苦、辛，温。有毒。入肺、肝、脾经。
2025-07-09 11:46:35,490 - INFO -   - 药性: 温
2025-07-09 11:46:35,490 - INFO -   - 药味: 苦、辛
2025-07-09 11:46:35,490 - INFO -   - 归经: 肺经, 肝经, 脾经
2025-07-09 11:46:35,490 - INFO -   - 功效: 燥湿化痰，祛风解痉。
2025-07-09 11:46:35,490 - INFO -   - 功效列表: 2 条
2025-07-09 11:46:35,490 - INFO -   - 临床应用: 2 条
2025-07-09 11:46:35,490 - INFO -   - 处方用名: 制南星（制法与制半夏相同）、生南星（生用，有毒，多作外用）
2025-07-09 11:46:35,490 - INFO -   - 用法用量: 一钱至三钱，煎服。
2025-07-09 11:46:35,490 - INFO -   - 按语: 3 条
2025-07-09 11:46:35,490 - INFO -   - 方剂举例: 1 条
2025-07-09 11:46:35,490 - INFO -   - 文献摘录: 0 条
2025-07-09 11:46:35,490 - INFO -   - 附药: 1 条
2025-07-09 11:46:35,490 - INFO -   - 图片: 0 张
2025-07-09 11:46:35,490 - INFO - 成功添加药材: 天南星（附：胆南星）
2025-07-09 11:46:37,494 - INFO - 正在处理 [286/464] 白附子 (温化寒痰药)
2025-07-09 11:46:37,494 - INFO - 正在解析药材详情: 白附子, URL: https://www.zysj.com.cn/lilunshuji/zhongyaoxue/1705.html
2025-07-09 11:46:39,859 - INFO - 成功解析药材: 白附子 (温化寒痰药)
2025-07-09 11:46:39,859 - INFO -   - 拼音: 
2025-07-09 11:46:39,859 - INFO -   - 药用部位: 本品为天南星科植物独角莲的块茎，或毛茛科植物黄花乌头的块根。
2025-07-09 11:46:39,859 - INFO -   - 性味归经: 辛，温。有毒。入胃经。
2025-07-09 11:46:39,859 - INFO -   - 药性: 温
2025-07-09 11:46:39,860 - INFO -   - 药味: 辛
2025-07-09 11:46:39,860 - INFO -   - 归经: 胃经
2025-07-09 11:46:39,860 - INFO -   - 功效: 祛风痰、逐寒湿。
2025-07-09 11:46:39,860 - INFO -   - 功效列表: 2 条
2025-07-09 11:46:39,860 - INFO -   - 临床应用: 2 条
2025-07-09 11:46:39,860 - INFO -   - 处方用名: 白附子、禹白附（为独角莲的块茎，洗净，晒干，切片用）
2025-07-09 11:46:39,860 - INFO -   - 用法用量: 一钱至一钱五分，煎服。
2025-07-09 11:46:39,860 - INFO -   - 按语: 0 条
2025-07-09 11:46:39,860 - INFO -   - 方剂举例: 1 条
2025-07-09 11:46:39,860 - INFO -   - 文献摘录: 0 条
2025-07-09 11:46:39,860 - INFO -   - 附药: 0 条
2025-07-09 11:46:39,860 - INFO -   - 图片: 0 张
2025-07-09 11:46:39,860 - INFO - 成功添加药材: 白附子
2025-07-09 11:46:39,870 - INFO - 数据已保存到 zysj_herbal_data.json，当前共 285 条记录
2025-07-09 11:46:41,880 - INFO - 正在处理 [287/464] 皂荚（附：牙皂） (温化寒痰药)
2025-07-09 11:46:41,880 - INFO - 正在解析药材详情: 皂荚（附：牙皂）, URL: https://www.zysj.com.cn/lilunshuji/zhongyaoxue/1706.html
2025-07-09 11:46:44,253 - INFO - 成功解析药材: 皂荚（附：牙皂） (温化寒痰药)
2025-07-09 11:46:44,254 - INFO -   - 拼音: 
2025-07-09 11:46:44,254 - INFO -   - 药用部位: 本品为豆科植物皂荚树的果实。
2025-07-09 11:46:44,254 - INFO -   - 性味归经: 辛，温。有小毒。入肺、大肠经。
2025-07-09 11:46:44,254 - INFO -   - 药性: 温
2025-07-09 11:46:44,254 - INFO -   - 药味: 辛
2025-07-09 11:46:44,254 - INFO -   - 归经: 肺经, 大肠经
2025-07-09 11:46:44,254 - INFO -   - 功效: 袪痰、开窍。
2025-07-09 11:46:44,254 - INFO -   - 功效列表: 2 条
2025-07-09 11:46:44,254 - INFO -   - 临床应用: 2 条
2025-07-09 11:46:44,254 - INFO -   - 处方用名: 皂荚、皂角（洗净，晒干，去皮弦用）
2025-07-09 11:46:44,254 - INFO -   - 用法用量: 一钱至二钱，煎服。焙焦研粉吞服每次二分至五分。内服剂量不宜过大，如服量过多，可引起呕吐及腹泻。本品辛散走窜，性及锐利，孕妇、体虚即有咯血倾向者均不宜用。
2025-07-09 11:46:44,254 - INFO -   - 按语: 0 条
2025-07-09 11:46:44,254 - INFO -   - 方剂举例: 0 条
2025-07-09 11:46:44,254 - INFO -   - 文献摘录: 0 条
2025-07-09 11:46:44,254 - INFO -   - 附药: 1 条
2025-07-09 11:46:44,254 - INFO -   - 图片: 0 张
2025-07-09 11:46:44,254 - INFO - 成功添加药材: 皂荚（附：牙皂）
2025-07-09 11:46:46,257 - INFO - 正在处理 [288/464] 苏子 (温化寒痰药)
2025-07-09 11:46:46,257 - INFO - 正在解析药材详情: 苏子, URL: https://www.zysj.com.cn/lilunshuji/zhongyaoxue/1707.html
2025-07-09 11:46:48,693 - INFO - 成功解析药材: 苏子 (温化寒痰药)
2025-07-09 11:46:48,693 - INFO -   - 拼音: 
2025-07-09 11:46:48,693 - INFO -   - 药用部位: 本品为唇形科一年生草本植物紫苏的果实。
2025-07-09 11:46:48,693 - INFO -   - 性味归经: 辛，温。入肺经。
2025-07-09 11:46:48,693 - INFO -   - 药性: 温
2025-07-09 11:46:48,693 - INFO -   - 药味: 辛
2025-07-09 11:46:48,694 - INFO -   - 归经: 肺经
2025-07-09 11:46:48,694 - INFO -   - 功效: 降气消痰定喘，滑肠。
2025-07-09 11:46:48,694 - INFO -   - 功效列表: 2 条
2025-07-09 11:46:48,694 - INFO -   - 临床应用: 2 条
2025-07-09 11:46:48,694 - INFO -   - 处方用名: 苏子、杜苏子、黑苏子（晒干用）、炒黑苏子（炒用，可缓和药性）、炙苏子、炙黑苏子（蜜炙用，有润肺作用）
2025-07-09 11:46:48,694 - INFO -   - 用法用量: 二钱至三钱，煎服。
2025-07-09 11:46:48,694 - INFO -   - 按语: 1 条
2025-07-09 11:46:48,694 - INFO -   - 方剂举例: 1 条
2025-07-09 11:46:48,694 - INFO -   - 文献摘录: 0 条
2025-07-09 11:46:48,694 - INFO -   - 附药: 0 条
2025-07-09 11:46:48,694 - INFO -   - 图片: 0 张
2025-07-09 11:46:48,694 - INFO - 成功添加药材: 苏子
2025-07-09 11:46:50,702 - INFO - 正在处理 [289/464] 白芥子 (温化寒痰药)
2025-07-09 11:46:50,702 - INFO - 正在解析药材详情: 白芥子, URL: https://www.zysj.com.cn/lilunshuji/zhongyaoxue/1708.html
2025-07-09 11:46:53,066 - INFO - 成功解析药材: 白芥子 (温化寒痰药)
2025-07-09 11:46:53,066 - INFO -   - 拼音: 
2025-07-09 11:46:53,066 - INFO -   - 药用部位: 本品为十字花科植物白芥的成熟种子。
2025-07-09 11:46:53,066 - INFO -   - 性味归经: 辛，温。入肺经。
2025-07-09 11:46:53,066 - INFO -   - 药性: 温
2025-07-09 11:46:53,066 - INFO -   - 药味: 辛
2025-07-09 11:46:53,066 - INFO -   - 归经: 肺经
2025-07-09 11:46:53,066 - INFO -   - 功效: 袪痰利气，散结消肿。
2025-07-09 11:46:53,066 - INFO -   - 功效列表: 2 条
2025-07-09 11:46:53,066 - INFO -   - 临床应用: 2 条
2025-07-09 11:46:53,066 - INFO -   - 处方用名: 白芥子（炒至微焦用）
2025-07-09 11:46:53,067 - INFO -   - 用法用量: 一钱至三钱，煎服。外用适量。
2025-07-09 11:46:53,067 - INFO -   - 按语: 2 条
2025-07-09 11:46:53,067 - INFO -   - 方剂举例: 1 条
2025-07-09 11:46:53,067 - INFO -   - 文献摘录: 0 条
2025-07-09 11:46:53,067 - INFO -   - 附药: 0 条
2025-07-09 11:46:53,067 - INFO -   - 图片: 0 张
2025-07-09 11:46:53,067 - INFO - 成功添加药材: 白芥子
2025-07-09 11:46:55,080 - INFO - 正在处理 [290/464] 桔梗 (温化寒痰药)
2025-07-09 11:46:55,081 - INFO - 正在解析药材详情: 桔梗, URL: https://www.zysj.com.cn/lilunshuji/zhongyaoxue/1709.html
2025-07-09 11:46:57,440 - INFO - 成功解析药材: 桔梗 (温化寒痰药)
2025-07-09 11:46:57,440 - INFO -   - 拼音: 
2025-07-09 11:46:57,440 - INFO -   - 药用部位: 本品为桔梗科植物桔梗的根。
2025-07-09 11:46:57,440 - INFO -   - 性味归经: 苦、辛，平。入肺经。
2025-07-09 11:46:57,440 - INFO -   - 药性: 平
2025-07-09 11:46:57,440 - INFO -   - 药味: 苦、辛
2025-07-09 11:46:57,440 - INFO -   - 归经: 肺经
2025-07-09 11:46:57,440 - INFO -   - 功效: 宣肺袪痰，排脓。
2025-07-09 11:46:57,441 - INFO -   - 功效列表: 2 条
2025-07-09 11:46:57,441 - INFO -   - 临床应用: 2 条
2025-07-09 11:46:57,441 - INFO -   - 处方用名: 苦桔梗、白桔梗、玉桔梗（洗净，晒干，切片用）
2025-07-09 11:46:57,441 - INFO -   - 用法用量: 一钱至二钱，煎服。
2025-07-09 11:46:57,441 - INFO -   - 按语: 2 条
2025-07-09 11:46:57,441 - INFO -   - 方剂举例: 1 条
2025-07-09 11:46:57,441 - INFO -   - 文献摘录: 0 条
2025-07-09 11:46:57,441 - INFO -   - 附药: 0 条
2025-07-09 11:46:57,441 - INFO -   - 图片: 0 张
2025-07-09 11:46:57,441 - INFO - 成功添加药材: 桔梗
2025-07-09 11:46:59,445 - INFO - 正在处理 [291/464] 白前 (温化寒痰药)
2025-07-09 11:46:59,445 - INFO - 正在解析药材详情: 白前, URL: https://www.zysj.com.cn/lilunshuji/zhongyaoxue/1711.html
2025-07-09 11:47:01,837 - INFO - 成功解析药材: 白前 (温化寒痰药)
2025-07-09 11:47:01,837 - INFO -   - 拼音: 
2025-07-09 11:47:01,837 - INFO -   - 药用部位: 本品为萝藦科植物白前（斯氏牛皮消）的根茎及叶。
2025-07-09 11:47:01,837 - INFO -   - 性味归经: 辛、甘，微温。入肺经。
2025-07-09 11:47:01,837 - INFO -   - 药性: 微温
2025-07-09 11:47:01,838 - INFO -   - 药味: 辛、甘
2025-07-09 11:47:01,838 - INFO -   - 归经: 肺经
2025-07-09 11:47:01,838 - INFO -   - 功效: 袪痰，降气。
2025-07-09 11:47:01,838 - INFO -   - 功效列表: 2 条
2025-07-09 11:47:01,838 - INFO -   - 临床应用: 2 条
2025-07-09 11:47:01,838 - INFO -   - 处方用名: 白前（洗净，晒干，切片用）。降气袪痰之力较强。、炙白前（蜜炙用，润肺，降气、袪痰，作用较缓）、炒白前（清炒用。药性较缓和）
2025-07-09 11:47:01,838 - INFO -   - 用法用量: 一钱至二钱，煎服。
2025-07-09 11:47:01,838 - INFO -   - 按语: 2 条
2025-07-09 11:47:01,838 - INFO -   - 方剂举例: 1 条
2025-07-09 11:47:01,838 - INFO -   - 文献摘录: 0 条
2025-07-09 11:47:01,838 - INFO -   - 附药: 0 条
2025-07-09 11:47:01,838 - INFO -   - 图片: 0 张
2025-07-09 11:47:01,838 - INFO - 成功添加药材: 白前
2025-07-09 11:47:01,848 - INFO - 数据已保存到 zysj_herbal_data.json，当前共 290 条记录
2025-07-09 11:47:03,848 - INFO - 正在处理 [292/464] 石胡荽 (温化寒痰药)
2025-07-09 11:47:03,849 - INFO - 正在解析药材详情: 石胡荽, URL: https://www.zysj.com.cn/lilunshuji/zhongyaoxue/1713.html
2025-07-09 11:47:06,248 - INFO - 成功解析药材: 石胡荽 (温化寒痰药)
2025-07-09 11:47:06,248 - INFO -   - 拼音: 
2025-07-09 11:47:06,248 - INFO -   - 药用部位: 本品为菊科植物石胡荽的全草。
2025-07-09 11:47:06,248 - INFO -   - 性味归经: 辛，温。
2025-07-09 11:47:06,248 - INFO -   - 药性: 温
2025-07-09 11:47:06,248 - INFO -   - 药味: 辛
2025-07-09 11:47:06,248 - INFO -   - 归经: 无
2025-07-09 11:47:06,248 - INFO -   - 功效: 袪痰止咳，通鼻窍，解毒消肿。
2025-07-09 11:47:06,248 - INFO -   - 功效列表: 3 条
2025-07-09 11:47:06,249 - INFO -   - 临床应用: 3 条
2025-07-09 11:47:06,249 - INFO -   - 处方用名: 鹅儿不食草、石胡荽（洗净，晒干用）
2025-07-09 11:47:06,249 - INFO -   - 用法用量: 一钱至二钱，煎服。本品味辣，具有刺激性，内服用量不宜过大。外用适量。
2025-07-09 11:47:06,249 - INFO -   - 按语: 0 条
2025-07-09 11:47:06,249 - INFO -   - 方剂举例: 1 条
2025-07-09 11:47:06,249 - INFO -   - 文献摘录: 0 条
2025-07-09 11:47:06,249 - INFO -   - 附药: 0 条
2025-07-09 11:47:06,249 - INFO -   - 图片: 0 张
2025-07-09 11:47:06,249 - INFO - 成功添加药材: 石胡荽
2025-07-09 11:47:08,250 - INFO - 正在处理 [293/464] 贝母 (清化热痰药)
2025-07-09 11:47:08,252 - INFO - 正在解析药材详情: 贝母, URL: https://www.zysj.com.cn/lilunshuji/zhongyaoxue/1715.html
2025-07-09 11:47:10,668 - INFO - 成功解析药材: 贝母 (清化热痰药)
2025-07-09 11:47:10,668 - INFO -   - 拼音: 
2025-07-09 11:47:10,668 - INFO -   - 药用部位: 本品为百合科植物卷叶川贝、川贝母，以及浙贝母等的鳞茎。
2025-07-09 11:47:10,668 - INFO -   - 性味归经: 川贝母：苦、甘，微寒。浙贝母：苦，寒。入心、肺经。
2025-07-09 11:47:10,668 - INFO -   - 药性: 微寒
2025-07-09 11:47:10,668 - INFO -   - 药味: 川贝母：苦、甘
2025-07-09 11:47:10,668 - INFO -   - 归经: 心经, 肺经
2025-07-09 11:47:10,668 - INFO -   - 功效: 止咳化痰，清热散结。
2025-07-09 11:47:10,668 - INFO -   - 功效列表: 2 条
2025-07-09 11:47:10,668 - INFO -   - 临床应用: 2 条
2025-07-09 11:47:10,668 - INFO -   - 处方用名: 川贝母、川贝、京川贝（均为川贝母）、象贝母、浙贝（均为象贝母）
2025-07-09 11:47:10,668 - INFO -   - 用法用量: 一钱至三钱，煎服。川贝母价格较贵，以研粉吞服为宜，每次吞服三分至五分。
2025-07-09 11:47:10,668 - INFO -   - 按语: 1 条
2025-07-09 11:47:10,668 - INFO -   - 方剂举例: 1 条
2025-07-09 11:47:10,668 - INFO -   - 文献摘录: 0 条
2025-07-09 11:47:10,668 - INFO -   - 附药: 0 条
2025-07-09 11:47:10,668 - INFO -   - 图片: 0 张
2025-07-09 11:47:10,668 - INFO - 成功添加药材: 贝母
2025-07-09 11:47:12,677 - INFO - 正在处理 [294/464] 前胡 (清化热痰药)
2025-07-09 11:47:12,677 - INFO - 正在解析药材详情: 前胡, URL: https://www.zysj.com.cn/lilunshuji/zhongyaoxue/1716.html
2025-07-09 11:47:15,131 - INFO - 成功解析药材: 前胡 (清化热痰药)
2025-07-09 11:47:15,131 - INFO -   - 拼音: 
2025-07-09 11:47:15,131 - INFO -   - 药用部位: 本品为伞形科植物白花前胡或紫花前胡的根。
2025-07-09 11:47:15,131 - INFO -   - 性味归经: 苦、辛，微寒。入肺经。
2025-07-09 11:47:15,132 - INFO -   - 药性: 微寒
2025-07-09 11:47:15,132 - INFO -   - 药味: 苦、辛
2025-07-09 11:47:15,132 - INFO -   - 归经: 肺经
2025-07-09 11:47:15,132 - INFO -   - 功效: 降气化痰，宣散风热。
2025-07-09 11:47:15,132 - INFO -   - 功效列表: 2 条
2025-07-09 11:47:15,132 - INFO -   - 临床应用: 2 条
2025-07-09 11:47:15,132 - INFO -   - 处方用名: 嫩前胡、粉前胡、前胡（洗净，晒干，切片用）、炙前胡（蜜炙用，润肺降气化痰）
2025-07-09 11:47:15,132 - INFO -   - 用法用量: 一钱至三钱，煎服。
2025-07-09 11:47:15,132 - INFO -   - 按语: 2 条
2025-07-09 11:47:15,132 - INFO -   - 方剂举例: 1 条
2025-07-09 11:47:15,132 - INFO -   - 文献摘录: 0 条
2025-07-09 11:47:15,132 - INFO -   - 附药: 0 条
2025-07-09 11:47:15,132 - INFO -   - 图片: 0 张
2025-07-09 11:47:15,132 - INFO - 成功添加药材: 前胡
2025-07-09 11:47:17,145 - INFO - 正在处理 [295/464] 瓜蒌 (清化热痰药)
2025-07-09 11:47:17,145 - INFO - 正在解析药材详情: 瓜蒌, URL: https://www.zysj.com.cn/lilunshuji/zhongyaoxue/1717.html
2025-07-09 11:47:19,571 - INFO - 成功解析药材: 瓜蒌 (清化热痰药)
2025-07-09 11:47:19,571 - INFO -   - 拼音: 
2025-07-09 11:47:19,571 - INFO -   - 药用部位: 本品为葫芦科植物栝蒌的果实。
2025-07-09 11:47:19,571 - INFO -   - 性味归经: 甘，寒。入肺、胃、大肠经。
2025-07-09 11:47:19,571 - INFO -   - 药性: 寒
2025-07-09 11:47:19,571 - INFO -   - 药味: 甘
2025-07-09 11:47:19,571 - INFO -   - 归经: 肺经, 胃经, 大肠经
2025-07-09 11:47:19,571 - INFO -   - 功效: 清肺化痰，宽胸散结，润燥滑肠。
2025-07-09 11:47:19,571 - INFO -   - 功效列表: 3 条
2025-07-09 11:47:19,571 - INFO -   - 临床应用: 3 条
2025-07-09 11:47:19,571 - INFO -   - 处方用名: 全瓜蒌（药店配炒瓜蒌皮三分之一，炒蒌仁三分之二）、瓜蒌皮、蒌皮、炒瓜蒌皮（均配炒瓜蒌皮，有清肺化痰、宽中利气之功）、瓜蒌仁、炒瓜蒌仁（均配炒瓜蒌仁，用时打碎，有润燥滑肠之功）
2025-07-09 11:47:19,571 - INFO -   - 用法用量: 三钱至五钱，煎服。
2025-07-09 11:47:19,571 - INFO -   - 按语: 3 条
2025-07-09 11:47:19,571 - INFO -   - 方剂举例: 1 条
2025-07-09 11:47:19,571 - INFO -   - 文献摘录: 0 条
2025-07-09 11:47:19,571 - INFO -   - 附药: 0 条
2025-07-09 11:47:19,571 - INFO -   - 图片: 0 张
2025-07-09 11:47:19,571 - INFO - 成功添加药材: 瓜蒌
2025-07-09 11:47:21,586 - INFO - 正在处理 [296/464] 竹茹（附：竹沥） (清化热痰药)
2025-07-09 11:47:21,587 - INFO - 正在解析药材详情: 竹茹（附：竹沥）, URL: https://www.zysj.com.cn/lilunshuji/zhongyaoxue/1718.html
2025-07-09 11:47:23,967 - INFO - 成功解析药材: 竹茹（附：竹沥） (清化热痰药)
2025-07-09 11:47:23,967 - INFO -   - 拼音: 
2025-07-09 11:47:23,967 - INFO -   - 药用部位: 本品为禾本科植物淡竹或苦竹等茎的节间部份，用刀刮去第一层青绿...
2025-07-09 11:47:23,968 - INFO -   - 性味归经: 甘，微寒。入肺、胃经。
2025-07-09 11:47:23,968 - INFO -   - 药性: 微寒
2025-07-09 11:47:23,968 - INFO -   - 药味: 甘
2025-07-09 11:47:23,968 - INFO -   - 归经: 肺经, 胃经
2025-07-09 11:47:23,968 - INFO -   - 功效: 清热，化痰，止呕。
2025-07-09 11:47:23,968 - INFO -   - 功效列表: 3 条
2025-07-09 11:47:23,968 - INFO -   - 临床应用: 2 条
2025-07-09 11:47:23,968 - INFO -   - 处方用名: 竹茹、淡竹茹、竹二青（生用）、炒竹茹（炒为焦用，减少其寒性）、姜竹茹、姜汁炒竹茹（炒时加适量姜汁，可减少其寒性，并加强止呕作用）
2025-07-09 11:47:23,968 - INFO -   - 用法用量: 一钱至三钱，煎服。
2025-07-09 11:47:23,968 - INFO -   - 按语: 0 条
2025-07-09 11:47:23,968 - INFO -   - 方剂举例: 1 条
2025-07-09 11:47:23,968 - INFO -   - 文献摘录: 0 条
2025-07-09 11:47:23,968 - INFO -   - 附药: 1 条
2025-07-09 11:47:23,968 - INFO -   - 图片: 0 张
2025-07-09 11:47:23,968 - INFO - 成功添加药材: 竹茹（附：竹沥）
2025-07-09 11:47:23,980 - INFO - 数据已保存到 zysj_herbal_data.json，当前共 295 条记录
2025-07-09 11:47:25,991 - INFO - 正在处理 [297/464] 天竺黄 (清化热痰药)
2025-07-09 11:47:25,991 - INFO - 正在解析药材详情: 天竺黄, URL: https://www.zysj.com.cn/lilunshuji/zhongyaoxue/1719.html
2025-07-09 11:47:28,386 - INFO - 成功解析药材: 天竺黄 (清化热痰药)
2025-07-09 11:47:28,386 - INFO -   - 拼音: 
2025-07-09 11:47:28,386 - INFO -   - 药用部位: 本品为禾本科植物淡竹等因病而生成在节内的块状物。
2025-07-09 11:47:28,386 - INFO -   - 性味归经: 甘，寒。入心、肝经。
2025-07-09 11:47:28,386 - INFO -   - 药性: 寒
2025-07-09 11:47:28,386 - INFO -   - 药味: 甘
2025-07-09 11:47:28,386 - INFO -   - 归经: 心经, 肝经
2025-07-09 11:47:28,386 - INFO -   - 功效: 清化热痰，凉心定惊。
2025-07-09 11:47:28,386 - INFO -   - 功效列表: 2 条
2025-07-09 11:47:28,386 - INFO -   - 临床应用: 2 条
2025-07-09 11:47:28,386 - INFO -   - 处方用名: 天竺黄、天竹黄。
2025-07-09 11:47:28,386 - INFO -   - 用法用量: 一钱至三钱，煎服。如研粉吞服，每次二分至三分。
2025-07-09 11:47:28,386 - INFO -   - 按语: 0 条
2025-07-09 11:47:28,386 - INFO -   - 方剂举例: 0 条
2025-07-09 11:47:28,386 - INFO -   - 文献摘录: 0 条
2025-07-09 11:47:28,386 - INFO -   - 附药: 0 条
2025-07-09 11:47:28,386 - INFO -   - 图片: 0 张
2025-07-09 11:47:28,386 - INFO - 成功添加药材: 天竺黄
2025-07-09 11:47:30,396 - INFO - 正在处理 [298/464] 猴枣 (清化热痰药)
2025-07-09 11:47:30,396 - INFO - 正在解析药材详情: 猴枣, URL: https://www.zysj.com.cn/lilunshuji/zhongyaoxue/1720.html
2025-07-09 11:47:32,731 - INFO - 成功解析药材: 猴枣 (清化热痰药)
2025-07-09 11:47:32,731 - INFO -   - 拼音: 
2025-07-09 11:47:32,731 - INFO -   - 药用部位: 本品为脊椎动物猴科猴的胆囊及肠道间的结石。
2025-07-09 11:47:32,731 - INFO -   - 性味归经: 苦、咸，寒。入心、肺、肝、胆经。
2025-07-09 11:47:32,731 - INFO -   - 药性: 寒
2025-07-09 11:47:32,731 - INFO -   - 药味: 苦、咸
2025-07-09 11:47:32,731 - INFO -   - 归经: 心经, 肺经, 肝经, 胆经
2025-07-09 11:47:32,731 - INFO -   - 功效: 豁痰镇惊，清热解毒。
2025-07-09 11:47:32,731 - INFO -   - 功效列表: 2 条
2025-07-09 11:47:32,731 - INFO -   - 临床应用: 3 条
2025-07-09 11:47:32,731 - INFO -   - 处方用名: 猴枣、猴子枣（研粉用）
2025-07-09 11:47:32,731 - INFO -   - 用法用量: 一分至三分，研粉冲服。或入丸散，吞服。本品价格昂贵，用时须注意剂量。
2025-07-09 11:47:32,731 - INFO -   - 按语: 0 条
2025-07-09 11:47:32,731 - INFO -   - 方剂举例: 1 条
2025-07-09 11:47:32,731 - INFO -   - 文献摘录: 0 条
2025-07-09 11:47:32,731 - INFO -   - 附药: 0 条
2025-07-09 11:47:32,731 - INFO -   - 图片: 0 张
2025-07-09 11:47:32,731 - INFO - 成功添加药材: 猴枣
2025-07-09 11:47:34,737 - INFO - 正在处理 [299/464] 礞石 (清化热痰药)
2025-07-09 11:47:34,737 - INFO - 正在解析药材详情: 礞石, URL: https://www.zysj.com.cn/lilunshuji/zhongyaoxue/1721.html
2025-07-09 11:47:37,132 - INFO - 成功解析药材: 礞石 (清化热痰药)
2025-07-09 11:47:37,132 - INFO -   - 拼音: 
2025-07-09 11:47:37,132 - INFO -   - 药用部位: 本品为绿泥石片岩或云母片岩。
2025-07-09 11:47:37,132 - INFO -   - 性味归经: 甘、咸，平。入肺、肝经。
2025-07-09 11:47:37,132 - INFO -   - 药性: 平
2025-07-09 11:47:37,132 - INFO -   - 药味: 甘、咸
2025-07-09 11:47:37,132 - INFO -   - 归经: 肺经, 肝经
2025-07-09 11:47:37,132 - INFO -   - 功效: 下气墬痰，镇肝止痉。
2025-07-09 11:47:37,132 - INFO -   - 功效列表: 2 条
2025-07-09 11:47:37,132 - INFO -   - 临床应用: 2 条
2025-07-09 11:47:37,133 - INFO -   - 处方用名: 青礞石、[火段]礞石（[火段]用）
2025-07-09 11:47:37,133 - INFO -   - 用法用量: 三钱至五钱，煎服。一般多入丸、散。
2025-07-09 11:47:37,133 - INFO -   - 按语: 0 条
2025-07-09 11:47:37,133 - INFO -   - 方剂举例: 1 条
2025-07-09 11:47:37,133 - INFO -   - 文献摘录: 0 条
2025-07-09 11:47:37,133 - INFO -   - 附药: 0 条
2025-07-09 11:47:37,133 - INFO -   - 图片: 0 张
2025-07-09 11:47:37,133 - INFO - 成功添加药材: 礞石
2025-07-09 11:47:39,145 - INFO - 正在处理 [300/464] 海蛤壳 (清化热痰药)
2025-07-09 11:47:39,146 - INFO - 正在解析药材详情: 海蛤壳, URL: https://www.zysj.com.cn/lilunshuji/zhongyaoxue/1722.html
2025-07-09 11:47:41,536 - INFO - 成功解析药材: 海蛤壳 (清化热痰药)
2025-07-09 11:47:41,536 - INFO -   - 拼音: 
2025-07-09 11:47:41,536 - INFO -   - 药用部位: 本品为文蛤科动物文蛤或青蛤等的贝壳。
2025-07-09 11:47:41,536 - INFO -   - 性味归经: 苦、咸，平。入肺、肾经。
2025-07-09 11:47:41,536 - INFO -   - 药性: 平
2025-07-09 11:47:41,536 - INFO -   - 药味: 苦、咸
2025-07-09 11:47:41,536 - INFO -   - 归经: 肺经, 肾经
2025-07-09 11:47:41,536 - INFO -   - 功效: 清肺化痰，软坚散结。
2025-07-09 11:47:41,536 - INFO -   - 功效列表: 2 条
2025-07-09 11:47:41,536 - INFO -   - 临床应用: 2 条
2025-07-09 11:47:41,536 - INFO -   - 处方用名: 生蛤壳、蛤壳、海蛤壳（打碎用）、蛤壳（用）、海蛤粉、蛤粉（研粉用）
2025-07-09 11:47:41,536 - INFO -   - 用法用量: 三钱至五钱，煎服。蛤粉需包煎。
2025-07-09 11:47:41,536 - INFO -   - 按语: 0 条
2025-07-09 11:47:41,536 - INFO -   - 方剂举例: 1 条
2025-07-09 11:47:41,536 - INFO -   - 文献摘录: 0 条
2025-07-09 11:47:41,536 - INFO -   - 附药: 0 条
2025-07-09 11:47:41,537 - INFO -   - 图片: 0 张
2025-07-09 11:47:41,537 - INFO - 成功添加药材: 海蛤壳
2025-07-09 11:47:43,541 - INFO - 正在处理 [301/464] 海浮石 (清化热痰药)
2025-07-09 11:47:43,541 - INFO - 正在解析药材详情: 海浮石, URL: https://www.zysj.com.cn/lilunshuji/zhongyaoxue/1723.html
2025-07-09 11:47:45,933 - INFO - 成功解析药材: 海浮石 (清化热痰药)
2025-07-09 11:47:45,933 - INFO -   - 拼音: 
2025-07-09 11:47:45,933 - INFO -   - 药用部位: 本品为火山岩浆形成的石块或多孔珊瑚石。
2025-07-09 11:47:45,933 - INFO -   - 性味归经: 咸，平。入肝经。
2025-07-09 11:47:45,933 - INFO -   - 药性: 平
2025-07-09 11:47:45,933 - INFO -   - 药味: 咸
2025-07-09 11:47:45,934 - INFO -   - 归经: 肝经
2025-07-09 11:47:45,934 - INFO -   - 功效: 清肺化痰，软坚散结。
2025-07-09 11:47:45,934 - INFO -   - 功效列表: 2 条
2025-07-09 11:47:45,934 - INFO -   - 临床应用: 2 条
2025-07-09 11:47:45,934 - INFO -   - 处方用名: 海浮石、浮海石（打碎用）
2025-07-09 11:47:45,934 - INFO -   - 用法用量: 三钱至五钱，煎服。
2025-07-09 11:47:45,934 - INFO -   - 按语: 0 条
2025-07-09 11:47:45,934 - INFO -   - 方剂举例: 0 条
2025-07-09 11:47:45,934 - INFO -   - 文献摘录: 0 条
2025-07-09 11:47:45,934 - INFO -   - 附药: 0 条
2025-07-09 11:47:45,934 - INFO -   - 图片: 0 张
2025-07-09 11:47:45,934 - INFO - 成功添加药材: 海浮石
2025-07-09 11:47:45,946 - INFO - 数据已保存到 zysj_herbal_data.json，当前共 300 条记录
2025-07-09 11:47:47,957 - INFO - 正在处理 [302/464] 葶苈子 (清化热痰药)
2025-07-09 11:47:47,957 - INFO - 正在解析药材详情: 葶苈子, URL: https://www.zysj.com.cn/lilunshuji/zhongyaoxue/1724.html
2025-07-09 11:47:50,361 - INFO - 成功解析药材: 葶苈子 (清化热痰药)
2025-07-09 11:47:50,361 - INFO -   - 拼音: 
2025-07-09 11:47:50,361 - INFO -   - 药用部位: 本品为十字花科植物播娘蒿的种子。
2025-07-09 11:47:50,361 - INFO -   - 性味归经: 辛、苦，大寒。入肺、膀胱经。
2025-07-09 11:47:50,361 - INFO -   - 药性: 大寒
2025-07-09 11:47:50,361 - INFO -   - 药味: 辛、苦
2025-07-09 11:47:50,361 - INFO -   - 归经: 肺经, 膀胱经
2025-07-09 11:47:50,361 - INFO -   - 功效: 泻肺定喘，行水消肿。
2025-07-09 11:47:50,361 - INFO -   - 功效列表: 2 条
2025-07-09 11:47:50,361 - INFO -   - 临床应用: 2 条
2025-07-09 11:47:50,361 - INFO -   - 处方用名: 甜葶苈、葶苈子（晒干用）、炒葶苈（炒用）、炙葶苈（蜜炙用）
2025-07-09 11:47:50,361 - INFO -   - 用法用量: 一钱至三钱，包煎。
2025-07-09 11:47:50,361 - INFO -   - 按语: 4 条
2025-07-09 11:47:50,361 - INFO -   - 方剂举例: 1 条
2025-07-09 11:47:50,361 - INFO -   - 文献摘录: 0 条
2025-07-09 11:47:50,361 - INFO -   - 附药: 0 条
2025-07-09 11:47:50,361 - INFO -   - 图片: 0 张
2025-07-09 11:47:50,362 - INFO - 成功添加药材: 葶苈子
2025-07-09 11:47:52,369 - INFO - 正在处理 [303/464] 昆布 (清化热痰药)
2025-07-09 11:47:52,369 - INFO - 正在解析药材详情: 昆布, URL: https://www.zysj.com.cn/lilunshuji/zhongyaoxue/1725.html
2025-07-09 11:47:54,736 - INFO - 成功解析药材: 昆布 (清化热痰药)
2025-07-09 11:47:54,736 - INFO -   - 拼音: 
2025-07-09 11:47:54,736 - INFO -   - 药用部位: 本品为昆布科植物（海带）或翅藻科植物鹅掌菜等的叶状体。
2025-07-09 11:47:54,736 - INFO -   - 性味归经: 咸，寒。入肝、胃、肾经。
2025-07-09 11:47:54,736 - INFO -   - 药性: 寒
2025-07-09 11:47:54,736 - INFO -   - 药味: 咸
2025-07-09 11:47:54,736 - INFO -   - 归经: 肝经, 胃经, 肾经
2025-07-09 11:47:54,736 - INFO -   - 功效: 消痰结，散瘿瘤。
2025-07-09 11:47:54,736 - INFO -   - 功效列表: 2 条
2025-07-09 11:47:54,736 - INFO -   - 临床应用: 3 条
2025-07-09 11:47:54,736 - INFO -   - 处方用名: 昆布、淡昆布（洗净，晒干，切断用）
2025-07-09 11:47:54,736 - INFO -   - 用法用量: 一钱至三钱，煎服。
2025-07-09 11:47:54,736 - INFO -   - 按语: 0 条
2025-07-09 11:47:54,736 - INFO -   - 方剂举例: 1 条
2025-07-09 11:47:54,737 - INFO -   - 文献摘录: 0 条
2025-07-09 11:47:54,737 - INFO -   - 附药: 0 条
2025-07-09 11:47:54,737 - INFO -   - 图片: 0 张
2025-07-09 11:47:54,737 - INFO - 成功添加药材: 昆布
2025-07-09 11:47:56,744 - INFO - 正在处理 [304/464] 海藻 (清化热痰药)
2025-07-09 11:47:56,744 - INFO - 正在解析药材详情: 海藻, URL: https://www.zysj.com.cn/lilunshuji/zhongyaoxue/1726.html
2025-07-09 11:47:59,146 - INFO - 成功解析药材: 海藻 (清化热痰药)
2025-07-09 11:47:59,146 - INFO -   - 拼音: 
2025-07-09 11:47:59,146 - INFO -   - 药用部位: 本品为马尾藻科植物海蒿子（大叶海藻）或羊西藻（小叶海藻）的叶...
2025-07-09 11:47:59,146 - INFO -   - 性味归经: 苦、咸，寒。入肝、胃、肾经。
2025-07-09 11:47:59,146 - INFO -   - 药性: 寒
2025-07-09 11:47:59,146 - INFO -   - 药味: 苦、咸
2025-07-09 11:47:59,146 - INFO -   - 归经: 肝经, 胃经, 肾经
2025-07-09 11:47:59,146 - INFO -   - 功效: 消痰结，散瘿瘤。
2025-07-09 11:47:59,146 - INFO -   - 功效列表: 2 条
2025-07-09 11:47:59,146 - INFO -   - 临床应用: 2 条
2025-07-09 11:47:59,146 - INFO -   - 处方用名: 淡海藻、海藻（洗净，晒干用）
2025-07-09 11:47:59,146 - INFO -   - 用法用量: 三钱至五钱，煎服。
2025-07-09 11:47:59,146 - INFO -   - 按语: 0 条
2025-07-09 11:47:59,146 - INFO -   - 方剂举例: 1 条
2025-07-09 11:47:59,146 - INFO -   - 文献摘录: 0 条
2025-07-09 11:47:59,146 - INFO -   - 附药: 0 条
2025-07-09 11:47:59,146 - INFO -   - 图片: 0 张
2025-07-09 11:47:59,146 - INFO - 成功添加药材: 海藻
2025-07-09 11:48:01,157 - INFO - 正在处理 [305/464] 黄药脂 (清化热痰药)
2025-07-09 11:48:01,157 - INFO - 正在解析药材详情: 黄药脂, URL: https://www.zysj.com.cn/lilunshuji/zhongyaoxue/1727.html
2025-07-09 11:48:03,544 - INFO - 成功解析药材: 黄药脂 (清化热痰药)
2025-07-09 11:48:03,544 - INFO -   - 拼音: 
2025-07-09 11:48:03,544 - INFO -   - 药用部位: 本品为薯蓣科植物黄独的块根。
2025-07-09 11:48:03,544 - INFO -   - 性味归经: 苦，平。入肝、心经。
2025-07-09 11:48:03,544 - INFO -   - 药性: 平
2025-07-09 11:48:03,544 - INFO -   - 药味: 苦
2025-07-09 11:48:03,544 - INFO -   - 归经: 肝经, 心经
2025-07-09 11:48:03,544 - INFO -   - 功效: 化痰消瘿，止咳，止血。
2025-07-09 11:48:03,544 - INFO -   - 功效列表: 3 条
2025-07-09 11:48:03,544 - INFO -   - 临床应用: 2 条
2025-07-09 11:48:03,544 - INFO -   - 处方用名: 黄药脂、黄药子、黄独（洗净，晒干，切片用）
2025-07-09 11:48:03,544 - INFO -   - 用法用量: 三钱至一两，煎服。外用适量。
2025-07-09 11:48:03,544 - INFO -   - 按语: 0 条
2025-07-09 11:48:03,544 - INFO -   - 方剂举例: 1 条
2025-07-09 11:48:03,544 - INFO -   - 文献摘录: 0 条
2025-07-09 11:48:03,544 - INFO -   - 附药: 0 条
2025-07-09 11:48:03,544 - INFO -   - 图片: 0 张
2025-07-09 11:48:03,544 - INFO - 成功添加药材: 黄药脂
2025-07-09 11:48:05,559 - INFO - 正在处理 [306/464] 荸荠 (清化热痰药)
2025-07-09 11:48:05,559 - INFO - 正在解析药材详情: 荸荠, URL: https://www.zysj.com.cn/lilunshuji/zhongyaoxue/1728.html
2025-07-09 11:48:07,964 - INFO - 成功解析药材: 荸荠 (清化热痰药)
2025-07-09 11:48:07,964 - INFO -   - 拼音: 
2025-07-09 11:48:07,964 - INFO -   - 药用部位: 本品为莎草科植物乌芋的球茎。
2025-07-09 11:48:07,964 - INFO -   - 性味归经: 甘，微寒。入肺、胃、大肠经。
2025-07-09 11:48:07,964 - INFO -   - 药性: 微寒
2025-07-09 11:48:07,964 - INFO -   - 药味: 甘
2025-07-09 11:48:07,964 - INFO -   - 归经: 肺经, 胃经, 大肠经
2025-07-09 11:48:07,964 - INFO -   - 功效: 化痰消积，清热生津，明目退翳。
2025-07-09 11:48:07,964 - INFO -   - 功效列表: 3 条
2025-07-09 11:48:07,964 - INFO -   - 临床应用: 3 条
2025-07-09 11:48:07,964 - INFO -   - 处方用名: 荸荠、地粟（洗净，晒干，切碎用）
2025-07-09 11:48:07,964 - INFO -   - 用法用量: 一两至三两，煎服。外用适量。
2025-07-09 11:48:07,964 - INFO -   - 按语: 0 条
2025-07-09 11:48:07,964 - INFO -   - 方剂举例: 1 条
2025-07-09 11:48:07,964 - INFO -   - 文献摘录: 0 条
2025-07-09 11:48:07,965 - INFO -   - 附药: 0 条
2025-07-09 11:48:07,965 - INFO -   - 图片: 0 张
2025-07-09 11:48:07,965 - INFO - 成功添加药材: 荸荠
2025-07-09 11:48:07,979 - INFO - 数据已保存到 zysj_herbal_data.json，当前共 305 条记录
2025-07-09 11:48:09,993 - INFO - 正在处理 [307/464] 胖大海 (清化热痰药)
2025-07-09 11:48:09,993 - INFO - 正在解析药材详情: 胖大海, URL: https://www.zysj.com.cn/lilunshuji/zhongyaoxue/1730.html
2025-07-09 11:48:12,366 - INFO - 成功解析药材: 胖大海 (清化热痰药)
2025-07-09 11:48:12,366 - INFO -   - 拼音: 
2025-07-09 11:48:12,366 - INFO -   - 药用部位: 本品为梧桐科植物胖大海的成熟种子。
2025-07-09 11:48:12,366 - INFO -   - 性味归经: 甘，寒。入肺、大肠经。
2025-07-09 11:48:12,366 - INFO -   - 药性: 寒
2025-07-09 11:48:12,366 - INFO -   - 药味: 甘
2025-07-09 11:48:12,366 - INFO -   - 归经: 肺经, 大肠经
2025-07-09 11:48:12,366 - INFO -   - 功效: 开肺气，清肺热，润肠通便。
2025-07-09 11:48:12,366 - INFO -   - 功效列表: 3 条
2025-07-09 11:48:12,366 - INFO -   - 临床应用: 2 条
2025-07-09 11:48:12,366 - INFO -   - 处方用名: 胖大海（晒干用）
2025-07-09 11:48:12,366 - INFO -   - 用法用量: 三枚至五枚，煎服。或用沸水炮汁服。
2025-07-09 11:48:12,366 - INFO -   - 按语: 0 条
2025-07-09 11:48:12,366 - INFO -   - 方剂举例: 0 条
2025-07-09 11:48:12,366 - INFO -   - 文献摘录: 0 条
2025-07-09 11:48:12,366 - INFO -   - 附药: 0 条
2025-07-09 11:48:12,366 - INFO -   - 图片: 0 张
2025-07-09 11:48:12,366 - INFO - 成功添加药材: 胖大海
2025-07-09 11:48:14,374 - INFO - 正在处理 [308/464] 木蝴蝶 (清化热痰药)
2025-07-09 11:48:14,374 - INFO - 正在解析药材详情: 木蝴蝶, URL: https://www.zysj.com.cn/lilunshuji/zhongyaoxue/1731.html
2025-07-09 11:48:16,750 - INFO - 成功解析药材: 木蝴蝶 (清化热痰药)
2025-07-09 11:48:16,750 - INFO -   - 拼音: 
2025-07-09 11:48:16,750 - INFO -   - 药用部位: 本品为紫葳科植物木蝴蝶的成熟种子。
2025-07-09 11:48:16,750 - INFO -   - 性味归经: 苦，寒。
2025-07-09 11:48:16,751 - INFO -   - 药性: 寒
2025-07-09 11:48:16,751 - INFO -   - 药味: 苦
2025-07-09 11:48:16,751 - INFO -   - 归经: 无
2025-07-09 11:48:16,751 - INFO -   - 功效: 清肺开音，疏肝理气。
2025-07-09 11:48:16,751 - INFO -   - 功效列表: 2 条
2025-07-09 11:48:16,751 - INFO -   - 临床应用: 2 条
2025-07-09 11:48:16,751 - INFO -   - 处方用名: 木蝴蝶、玉蝴蝶、千张纸（晒干用）
2025-07-09 11:48:16,751 - INFO -   - 用法用量: 三分至一钱，煎服。外用适量。
2025-07-09 11:48:16,751 - INFO -   - 按语: 0 条
2025-07-09 11:48:16,751 - INFO -   - 方剂举例: 0 条
2025-07-09 11:48:16,751 - INFO -   - 文献摘录: 0 条
2025-07-09 11:48:16,751 - INFO -   - 附药: 0 条
2025-07-09 11:48:16,751 - INFO -   - 图片: 0 张
2025-07-09 11:48:16,751 - INFO - 成功添加药材: 木蝴蝶
2025-07-09 11:48:18,754 - INFO - 正在处理 [309/464] 杏仁（附：甜杏仁） (止咳平喘药)
2025-07-09 11:48:18,754 - INFO - 正在解析药材详情: 杏仁（附：甜杏仁）, URL: https://www.zysj.com.cn/lilunshuji/zhongyaoxue/1733.html
2025-07-09 11:48:21,139 - INFO - 成功解析药材: 杏仁（附：甜杏仁） (止咳平喘药)
2025-07-09 11:48:21,140 - INFO -   - 拼音: 
2025-07-09 11:48:21,140 - INFO -   - 药用部位: 本品为蔷薇科植物杏、山杏等的种仁。
2025-07-09 11:48:21,140 - INFO -   - 性味归经: 甘、苦，温。有小毒。入肺、大肠经。
2025-07-09 11:48:21,140 - INFO -   - 药性: 温
2025-07-09 11:48:21,140 - INFO -   - 药味: 甘、苦
2025-07-09 11:48:21,140 - INFO -   - 归经: 肺经, 大肠经
2025-07-09 11:48:21,140 - INFO -   - 功效: 止咳化痰，润肠通便。
2025-07-09 11:48:21,140 - INFO -   - 功效列表: 2 条
2025-07-09 11:48:21,140 - INFO -   - 临床应用: 2 条
2025-07-09 11:48:21,140 - INFO -   - 处方用名: 苦杏仁、光杏仁（去种皮，打碎用）
2025-07-09 11:48:21,140 - INFO -   - 用法用量: 一钱至三钱，煎服。
2025-07-09 11:48:21,140 - INFO -   - 按语: 2 条
2025-07-09 11:48:21,140 - INFO -   - 方剂举例: 1 条
2025-07-09 11:48:21,140 - INFO -   - 文献摘录: 0 条
2025-07-09 11:48:21,140 - INFO -   - 附药: 1 条
2025-07-09 11:48:21,140 - INFO -   - 图片: 0 张
2025-07-09 11:48:21,140 - INFO - 成功添加药材: 杏仁（附：甜杏仁）
2025-07-09 11:48:23,152 - INFO - 正在处理 [310/464] 枇杷叶 (止咳平喘药)
2025-07-09 11:48:23,152 - INFO - 正在解析药材详情: 枇杷叶, URL: https://www.zysj.com.cn/lilunshuji/zhongyaoxue/1735.html
2025-07-09 11:48:25,537 - INFO - 成功解析药材: 枇杷叶 (止咳平喘药)
2025-07-09 11:48:25,537 - INFO -   - 拼音: 
2025-07-09 11:48:25,537 - INFO -   - 药用部位: 本品为蔷薇科植物枇杷的叶。
2025-07-09 11:48:25,537 - INFO -   - 性味归经: 苦，平。入肺、胃经。
2025-07-09 11:48:25,537 - INFO -   - 药性: 平
2025-07-09 11:48:25,537 - INFO -   - 药味: 苦
2025-07-09 11:48:25,537 - INFO -   - 归经: 肺经, 胃经
2025-07-09 11:48:25,538 - INFO -   - 功效: 清肺止咳，和胃降逆。
2025-07-09 11:48:25,538 - INFO -   - 功效列表: 2 条
2025-07-09 11:48:25,538 - INFO -   - 临床应用: 2 条
2025-07-09 11:48:25,538 - INFO -   - 处方用名: 枇杷叶（洗净，晒干，切碎用）、蜜炙枇杷叶、炙枇杷叶（蜜炙，有润肺作用）
2025-07-09 11:48:25,538 - INFO -   - 用法用量: 一钱至三钱，包煎。
2025-07-09 11:48:25,538 - INFO -   - 按语: 2 条
2025-07-09 11:48:25,538 - INFO -   - 方剂举例: 1 条
2025-07-09 11:48:25,538 - INFO -   - 文献摘录: 0 条
2025-07-09 11:48:25,538 - INFO -   - 附药: 0 条
2025-07-09 11:48:25,538 - INFO -   - 图片: 0 张
2025-07-09 11:48:25,538 - INFO - 成功添加药材: 枇杷叶
2025-07-09 11:48:27,546 - INFO - 正在处理 [311/464] 鼠曲草 (止咳平喘药)
2025-07-09 11:48:27,546 - INFO - 正在解析药材详情: 鼠曲草, URL: https://www.zysj.com.cn/lilunshuji/zhongyaoxue/1736.html
2025-07-09 11:48:29,917 - INFO - 成功解析药材: 鼠曲草 (止咳平喘药)
2025-07-09 11:48:29,917 - INFO -   - 拼音: 
2025-07-09 11:48:29,917 - INFO -   - 药用部位: 本品为菊科植物鼠曲草的全草。
2025-07-09 11:48:29,917 - INFO -   - 性味归经: 甘，平。入肺经。
2025-07-09 11:48:29,917 - INFO -   - 药性: 平
2025-07-09 11:48:29,917 - INFO -   - 药味: 甘
2025-07-09 11:48:29,917 - INFO -   - 归经: 肺经
2025-07-09 11:48:29,917 - INFO -   - 功效: 化痰止咳。
2025-07-09 11:48:29,917 - INFO -   - 功效列表: 1 条
2025-07-09 11:48:29,917 - INFO -   - 临床应用: 3 条
2025-07-09 11:48:29,917 - INFO -   - 处方用名: 鼠曲草、佛耳草、鼠曲草（洗净，晒干，切碎用）
2025-07-09 11:48:29,917 - INFO -   - 用法用量: 三钱至五钱，单味可用至一两，煎服。
2025-07-09 11:48:29,917 - INFO -   - 按语: 0 条
2025-07-09 11:48:29,917 - INFO -   - 方剂举例: 1 条
2025-07-09 11:48:29,917 - INFO -   - 文献摘录: 0 条
2025-07-09 11:48:29,917 - INFO -   - 附药: 0 条
2025-07-09 11:48:29,917 - INFO -   - 图片: 0 张
2025-07-09 11:48:29,917 - INFO - 成功添加药材: 鼠曲草
2025-07-09 11:48:29,930 - INFO - 数据已保存到 zysj_herbal_data.json，当前共 310 条记录
2025-07-09 11:48:31,934 - INFO - 正在处理 [312/464] 蔊菜 (止咳平喘药)
2025-07-09 11:48:31,934 - INFO - 正在解析药材详情: 蔊菜, URL: https://www.zysj.com.cn/lilunshuji/zhongyaoxue/1737.html
2025-07-09 11:48:34,359 - INFO - 成功解析药材: 蔊菜 (止咳平喘药)
2025-07-09 11:48:34,359 - INFO -   - 拼音: 
2025-07-09 11:48:34,359 - INFO -   - 药用部位: 本品为十字花科植物蔊菜的全草。
2025-07-09 11:48:34,359 - INFO -   - 性味归经: 辛，温。入肺经。
2025-07-09 11:48:34,359 - INFO -   - 药性: 温
2025-07-09 11:48:34,359 - INFO -   - 药味: 辛
2025-07-09 11:48:34,359 - INFO -   - 归经: 肺经
2025-07-09 11:48:34,359 - INFO -   - 功效: 化痰止咳，解毒。
2025-07-09 11:48:34,359 - INFO -   - 功效列表: 2 条
2025-07-09 11:48:34,359 - INFO -   - 临床应用: 2 条
2025-07-09 11:48:34,359 - INFO -   - 处方用名: 蔊菜、江剪刀草（洗净，晒干，切碎用）
2025-07-09 11:48:34,360 - INFO -   - 用法用量: 五钱至一两，煎服。外用适量。
2025-07-09 11:48:34,360 - INFO -   - 按语: 0 条
2025-07-09 11:48:34,360 - INFO -   - 方剂举例: 0 条
2025-07-09 11:48:34,360 - INFO -   - 文献摘录: 0 条
2025-07-09 11:48:34,360 - INFO -   - 附药: 0 条
2025-07-09 11:48:34,360 - INFO -   - 图片: 0 张
2025-07-09 11:48:34,360 - INFO - 成功添加药材: 蔊菜
2025-07-09 11:48:36,369 - INFO - 正在处理 [313/464] 款冬花 (止咳平喘药)
2025-07-09 11:48:36,369 - INFO - 正在解析药材详情: 款冬花, URL: https://www.zysj.com.cn/lilunshuji/zhongyaoxue/1739.html
2025-07-09 11:48:38,769 - INFO - 成功解析药材: 款冬花 (止咳平喘药)
2025-07-09 11:48:38,770 - INFO -   - 拼音: 
2025-07-09 11:48:38,770 - INFO -   - 药用部位: 本品为菊科植物款冬的外开放的头状花序。
2025-07-09 11:48:38,770 - INFO -   - 性味归经: 辛，温。入肺经。
2025-07-09 11:48:38,770 - INFO -   - 药性: 温
2025-07-09 11:48:38,770 - INFO -   - 药味: 辛
2025-07-09 11:48:38,770 - INFO -   - 归经: 肺经
2025-07-09 11:48:38,770 - INFO -   - 功效: 止咳化痰。
2025-07-09 11:48:38,770 - INFO -   - 功效列表: 1 条
2025-07-09 11:48:38,770 - INFO -   - 临床应用: 2 条
2025-07-09 11:48:38,770 - INFO -   - 处方用名: 款冬花、冬花（上海地区，均付生者）、炒冬花、炒款冬（炒微焦用）、蜜炙款冬花、炙款冬、炙冬花（蜂蜜拌炒用，有润肺作用）
2025-07-09 11:48:38,770 - INFO -   - 用法用量: 一钱至三钱，煎服。
2025-07-09 11:48:38,770 - INFO -   - 按语: 1 条
2025-07-09 11:48:38,770 - INFO -   - 方剂举例: 1 条
2025-07-09 11:48:38,770 - INFO -   - 文献摘录: 0 条
2025-07-09 11:48:38,770 - INFO -   - 附药: 0 条
2025-07-09 11:48:38,770 - INFO -   - 图片: 0 张
2025-07-09 11:48:38,770 - INFO - 成功添加药材: 款冬花
2025-07-09 11:48:40,775 - INFO - 正在处理 [314/464] 紫菀 (止咳平喘药)
2025-07-09 11:48:40,775 - INFO - 正在解析药材详情: 紫菀, URL: https://www.zysj.com.cn/lilunshuji/zhongyaoxue/1740.html
2025-07-09 11:48:43,186 - INFO - 成功解析药材: 紫菀 (止咳平喘药)
2025-07-09 11:48:43,186 - INFO -   - 拼音: 
2025-07-09 11:48:43,186 - INFO -   - 药用部位: 本品为菊科紫菀的根及根茎。
2025-07-09 11:48:43,186 - INFO -   - 性味归经: 辛、苦，温。入肺经。
2025-07-09 11:48:43,186 - INFO -   - 药性: 温
2025-07-09 11:48:43,186 - INFO -   - 药味: 辛、苦
2025-07-09 11:48:43,186 - INFO -   - 归经: 肺经
2025-07-09 11:48:43,186 - INFO -   - 功效: 化痰止咳。
2025-07-09 11:48:43,186 - INFO -   - 功效列表: 1 条
2025-07-09 11:48:43,186 - INFO -   - 临床应用: 2 条
2025-07-09 11:48:43,186 - INFO -   - 处方用名: 紫菀、紫菀茸、紫菀头（洗净，晒干，切片用）、炙紫菀、蜜炙紫菀（蜜炙，润肺）
2025-07-09 11:48:43,186 - INFO -   - 用法用量: 一钱至三钱，煎服。
2025-07-09 11:48:43,186 - INFO -   - 按语: 1 条
2025-07-09 11:48:43,186 - INFO -   - 方剂举例: 1 条
2025-07-09 11:48:43,186 - INFO -   - 文献摘录: 0 条
2025-07-09 11:48:43,186 - INFO -   - 附药: 0 条
2025-07-09 11:48:43,186 - INFO -   - 图片: 0 张
2025-07-09 11:48:43,186 - INFO - 成功添加药材: 紫菀
2025-07-09 11:48:45,193 - INFO - 正在处理 [315/464] 百部 (止咳平喘药)
2025-07-09 11:48:45,193 - INFO - 正在解析药材详情: 百部, URL: https://www.zysj.com.cn/lilunshuji/zhongyaoxue/1741.html
2025-07-09 11:48:47,594 - INFO - 成功解析药材: 百部 (止咳平喘药)
2025-07-09 11:48:47,594 - INFO -   - 拼音: 
2025-07-09 11:48:47,594 - INFO -   - 药用部位: 本品为百部科植物蔓生百部、直立百部或对叶百部等的块根。
2025-07-09 11:48:47,594 - INFO -   - 性味归经: 甘、苦，微寒。入肺经。
2025-07-09 11:48:47,595 - INFO -   - 药性: 微寒
2025-07-09 11:48:47,595 - INFO -   - 药味: 甘、苦
2025-07-09 11:48:47,595 - INFO -   - 归经: 肺经
2025-07-09 11:48:47,595 - INFO -   - 功效: 润肺止咳，灭虱杀虫。
2025-07-09 11:48:47,595 - INFO -   - 功效列表: 2 条
2025-07-09 11:48:47,595 - INFO -   - 临床应用: 2 条
2025-07-09 11:48:47,595 - INFO -   - 处方用名: 百部（洗净，晒干，切片用。杀虫灭虱力强）、炙百部（蜜炙用，有润肺作用）、蒸百部（蒸熟用）
2025-07-09 11:48:47,595 - INFO -   - 用法用量: 一钱至三钱，煎服。外用适量。
2025-07-09 11:48:47,595 - INFO -   - 按语: 3 条
2025-07-09 11:48:47,595 - INFO -   - 方剂举例: 1 条
2025-07-09 11:48:47,595 - INFO -   - 文献摘录: 0 条
2025-07-09 11:48:47,595 - INFO -   - 附药: 0 条
2025-07-09 11:48:47,595 - INFO -   - 图片: 0 张
2025-07-09 11:48:47,595 - INFO - 成功添加药材: 百部
2025-07-09 11:48:49,597 - INFO - 正在处理 [316/464] 桑白皮 (止咳平喘药)
2025-07-09 11:48:49,597 - INFO - 正在解析药材详情: 桑白皮, URL: https://www.zysj.com.cn/lilunshuji/zhongyaoxue/1742.html
2025-07-09 11:48:51,991 - INFO - 成功解析药材: 桑白皮 (止咳平喘药)
2025-07-09 11:48:51,992 - INFO -   - 拼音: 
2025-07-09 11:48:51,992 - INFO -   - 药用部位: 本品为桑科植物桑的根皮。
2025-07-09 11:48:51,992 - INFO -   - 性味归经: 甘，寒。入肺经。
2025-07-09 11:48:51,992 - INFO -   - 药性: 寒
2025-07-09 11:48:51,992 - INFO -   - 药味: 甘
2025-07-09 11:48:51,992 - INFO -   - 归经: 肺经
2025-07-09 11:48:51,992 - INFO -   - 功效: 泻肺平喘，行水消肿。
2025-07-09 11:48:51,992 - INFO -   - 功效列表: 2 条
2025-07-09 11:48:51,992 - INFO -   - 临床应用: 2 条
2025-07-09 11:48:51,992 - INFO -   - 处方用名: 桑白皮（洗净，晒干，切碎用）
2025-07-09 11:48:51,992 - INFO -   - 用法用量: 三钱至五钱，煎服。
2025-07-09 11:48:51,992 - INFO -   - 按语: 0 条
2025-07-09 11:48:51,992 - INFO -   - 方剂举例: 1 条
2025-07-09 11:48:51,993 - INFO -   - 文献摘录: 0 条
2025-07-09 11:48:51,993 - INFO -   - 附药: 0 条
2025-07-09 11:48:51,993 - INFO -   - 图片: 0 张
2025-07-09 11:48:51,993 - INFO - 成功添加药材: 桑白皮
2025-07-09 11:48:52,005 - INFO - 数据已保存到 zysj_herbal_data.json，当前共 315 条记录
2025-07-09 11:48:54,015 - INFO - 正在处理 [317/464] 千日红 (止咳平喘药)
2025-07-09 11:48:54,016 - INFO - 正在解析药材详情: 千日红, URL: https://www.zysj.com.cn/lilunshuji/zhongyaoxue/1745.html
2025-07-09 11:48:56,395 - INFO - 成功解析药材: 千日红 (止咳平喘药)
2025-07-09 11:48:56,395 - INFO -   - 拼音: 
2025-07-09 11:48:56,395 - INFO -   - 药用部位: 本品为苋科植物千日红的花序。
2025-07-09 11:48:56,396 - INFO -   - 性味归经: 甘，平。
2025-07-09 11:48:56,396 - INFO -   - 药性: 平
2025-07-09 11:48:56,396 - INFO -   - 药味: 甘
2025-07-09 11:48:56,396 - INFO -   - 归经: 无
2025-07-09 11:48:56,396 - INFO -   - 功效: 止咳平喘，平肝明目。
2025-07-09 11:48:56,396 - INFO -   - 功效列表: 2 条
2025-07-09 11:48:56,396 - INFO -   - 临床应用: 2 条
2025-07-09 11:48:56,396 - INFO -   - 处方用名: 千年红、千日红（晒干用）
2025-07-09 11:48:56,396 - INFO -   - 用法用量: 一钱至三钱，煎服。
2025-07-09 11:48:56,396 - INFO -   - 按语: 0 条
2025-07-09 11:48:56,396 - INFO -   - 方剂举例: 0 条
2025-07-09 11:48:56,396 - INFO -   - 文献摘录: 0 条
2025-07-09 11:48:56,396 - INFO -   - 附药: 0 条
2025-07-09 11:48:56,396 - INFO -   - 图片: 0 张
2025-07-09 11:48:56,396 - INFO - 成功添加药材: 千日红
2025-07-09 11:48:58,400 - INFO - 正在处理 [318/464] 钟乳石 (止咳平喘药)
2025-07-09 11:48:58,400 - INFO - 正在解析药材详情: 钟乳石, URL: https://www.zysj.com.cn/lilunshuji/zhongyaoxue/1746.html
2025-07-09 11:49:00,806 - INFO - 成功解析药材: 钟乳石 (止咳平喘药)
2025-07-09 11:49:00,806 - INFO -   - 拼音: 
2025-07-09 11:49:00,806 - INFO -   - 药用部位: 本品为天然碳酸钙钟乳状的岩石。
2025-07-09 11:49:00,806 - INFO -   - 性味归经: 甘，温。入肺、肾、胃经。
2025-07-09 11:49:00,806 - INFO -   - 药性: 温
2025-07-09 11:49:00,806 - INFO -   - 药味: 甘
2025-07-09 11:49:00,806 - INFO -   - 归经: 肺经, 肾经, 胃经
2025-07-09 11:49:00,806 - INFO -   - 功效: 温肺助阳，化痰平喘。
2025-07-09 11:49:00,806 - INFO -   - 功效列表: 2 条
2025-07-09 11:49:00,806 - INFO -   - 临床应用: 2 条
2025-07-09 11:49:00,806 - INFO -   - 处方用名: 钟乳石、滴乳石、石钟乳（生用或用）
2025-07-09 11:49:00,806 - INFO -   - 用法用量: 三钱至五钱，煎服。
2025-07-09 11:49:00,806 - INFO -   - 按语: 1 条
2025-07-09 11:49:00,806 - INFO -   - 方剂举例: 1 条
2025-07-09 11:49:00,806 - INFO -   - 文献摘录: 0 条
2025-07-09 11:49:00,806 - INFO -   - 附药: 0 条
2025-07-09 11:49:00,806 - INFO -   - 图片: 0 张
2025-07-09 11:49:00,806 - INFO - 成功添加药材: 钟乳石
2025-07-09 11:49:02,820 - INFO - 正在处理 [319/464] 肉桂 (祛寒药)
2025-07-09 11:49:02,821 - INFO - 正在解析药材详情: 肉桂, URL: https://www.zysj.com.cn/lilunshuji/zhongyaoxue/1752.html
2025-07-09 11:49:05,223 - INFO - 成功解析药材: 肉桂 (祛寒药)
2025-07-09 11:49:05,223 - INFO -   - 拼音: 
2025-07-09 11:49:05,223 - INFO -   - 药用部位: 本品为樟科植物箘桂树的树皮。
2025-07-09 11:49:05,223 - INFO -   - 性味归经: 辛、甘、大热。入肝、肾、脾经。
2025-07-09 11:49:05,223 - INFO -   - 药性: 大热
2025-07-09 11:49:05,223 - INFO -   - 药味: 辛、甘
2025-07-09 11:49:05,223 - INFO -   - 归经: 肝经, 肾经, 脾经
2025-07-09 11:49:05,223 - INFO -   - 功效: 温中补阳，散寒止痛。
2025-07-09 11:49:05,223 - INFO -   - 功效列表: 2 条
2025-07-09 11:49:05,223 - INFO -   - 临床应用: 3 条
2025-07-09 11:49:05,223 - INFO -   - 处方用名: 上肉桂、肉桂心、桂心（阴干，切片或研粉用）
2025-07-09 11:49:05,223 - INFO -   - 用法用量: 煎服五分至一钱，研粉吞服或冲服每次三分至五分。本品含有挥发油，不宜久煎，须后下，或另泡汁服。
2025-07-09 11:49:05,223 - INFO -   - 按语: 3 条
2025-07-09 11:49:05,223 - INFO -   - 方剂举例: 0 条
2025-07-09 11:49:05,223 - INFO -   - 文献摘录: 0 条
2025-07-09 11:49:05,223 - INFO -   - 附药: 0 条
2025-07-09 11:49:05,223 - INFO -   - 图片: 0 张
2025-07-09 11:49:05,223 - INFO - 成功添加药材: 肉桂
2025-07-09 11:49:07,226 - INFO - 正在处理 [320/464] 干姜 (祛寒药)
2025-07-09 11:49:07,227 - INFO - 正在解析药材详情: 干姜, URL: https://www.zysj.com.cn/lilunshuji/zhongyaoxue/1753.html
2025-07-09 11:49:09,634 - INFO - 成功解析药材: 干姜 (祛寒药)
2025-07-09 11:49:09,634 - INFO -   - 拼音: 
2025-07-09 11:49:09,634 - INFO -   - 药用部位: 本品为姜科植物姜的干燥根茎。
2025-07-09 11:49:09,634 - INFO -   - 性味归经: 辛，温。入心、肺、脾、胃、肾经。
2025-07-09 11:49:09,634 - INFO -   - 药性: 温
2025-07-09 11:49:09,634 - INFO -   - 药味: 辛
2025-07-09 11:49:09,634 - INFO -   - 归经: 心经, 肺经, 脾经, 胃经, 肾经
2025-07-09 11:49:09,634 - INFO -   - 功效: 温中，回阳，温肺化痰。
2025-07-09 11:49:09,634 - INFO -   - 功效列表: 3 条
2025-07-09 11:49:09,634 - INFO -   - 临床应用: 2 条
2025-07-09 11:49:09,634 - INFO -   - 处方用名: 淡干姜、均姜、泡姜（取生姜用沸水泡浸，干燥后应用。）
2025-07-09 11:49:09,634 - INFO -   - 用法用量: 五分至三钱，煎服。
2025-07-09 11:49:09,634 - INFO -   - 按语: 3 条
2025-07-09 11:49:09,634 - INFO -   - 方剂举例: 1 条
2025-07-09 11:49:09,635 - INFO -   - 文献摘录: 0 条
2025-07-09 11:49:09,635 - INFO -   - 附药: 1 条
2025-07-09 11:49:09,635 - INFO -   - 图片: 0 张
2025-07-09 11:49:09,635 - INFO - 成功添加药材: 干姜
2025-07-09 11:49:11,642 - INFO - 正在处理 [321/464] 吴茱萸 (祛寒药)
2025-07-09 11:49:11,642 - INFO - 正在解析药材详情: 吴茱萸, URL: https://www.zysj.com.cn/lilunshuji/zhongyaoxue/1754.html
2025-07-09 11:49:14,014 - INFO - 成功解析药材: 吴茱萸 (祛寒药)
2025-07-09 11:49:14,014 - INFO -   - 拼音: 
2025-07-09 11:49:14,014 - INFO -   - 药用部位: 本品为云香科植物吴茱萸的未成熟果实。
2025-07-09 11:49:14,014 - INFO -   - 性味归经: 辛、苦，大热。有小毒。入肝、胃、脾、肾经。
2025-07-09 11:49:14,014 - INFO -   - 药性: 大热
2025-07-09 11:49:14,014 - INFO -   - 药味: 辛、苦
2025-07-09 11:49:14,014 - INFO -   - 归经: 肝经, 胃经, 脾经, 肾经
2025-07-09 11:49:14,014 - INFO -   - 功效: 温中止痛，降逆止呕，杀虫。
2025-07-09 11:49:14,014 - INFO -   - 功效列表: 3 条
2025-07-09 11:49:14,014 - INFO -   - 临床应用: 2 条
2025-07-09 11:49:14,014 - INFO -   - 处方用名: 吴萸、淡吴萸（每斤吴茱萸用甘草一两煎汁浸泡，泡至吴茱萸开裂为度，晒干用。辛烈之性稍减。）
2025-07-09 11:49:14,014 - INFO -   - 用法用量: 五分至一钱五分，煎服。
2025-07-09 11:49:14,014 - INFO -   - 按语: 3 条
2025-07-09 11:49:14,014 - INFO -   - 方剂举例: 1 条
2025-07-09 11:49:14,014 - INFO -   - 文献摘录: 0 条
2025-07-09 11:49:14,014 - INFO -   - 附药: 0 条
2025-07-09 11:49:14,014 - INFO -   - 图片: 0 张
2025-07-09 11:49:14,014 - INFO - 成功添加药材: 吴茱萸
2025-07-09 11:49:14,027 - INFO - 数据已保存到 zysj_herbal_data.json，当前共 320 条记录
2025-07-09 11:49:16,036 - INFO - 正在处理 [322/464] 高良姜（附：红豆寇） (祛寒药)
2025-07-09 11:49:16,037 - INFO - 正在解析药材详情: 高良姜（附：红豆寇）, URL: https://www.zysj.com.cn/lilunshuji/zhongyaoxue/1755.html
2025-07-09 11:49:18,394 - INFO - 成功解析药材: 高良姜（附：红豆寇） (祛寒药)
2025-07-09 11:49:18,394 - INFO -   - 拼音: 
2025-07-09 11:49:18,394 - INFO -   - 药用部位: 本品为姜科植物高良姜的根茎。
2025-07-09 11:49:18,394 - INFO -   - 性味归经: 辛、热。入脾、胃经。
2025-07-09 11:49:18,394 - INFO -   - 药性: 热
2025-07-09 11:49:18,394 - INFO -   - 药味: 辛
2025-07-09 11:49:18,394 - INFO -   - 归经: 脾经, 胃经
2025-07-09 11:49:18,394 - INFO -   - 功效: 散寒止痛。
2025-07-09 11:49:18,394 - INFO -   - 功效列表: 1 条
2025-07-09 11:49:18,394 - INFO -   - 临床应用: 2 条
2025-07-09 11:49:18,394 - INFO -   - 处方用名: 高良姜、良姜（洗净，晒干，切片用。）
2025-07-09 11:49:18,394 - INFO -   - 用法用量: 一钱至三钱，煎服。
2025-07-09 11:49:18,394 - INFO -   - 按语: 0 条
2025-07-09 11:49:18,394 - INFO -   - 方剂举例: 1 条
2025-07-09 11:49:18,394 - INFO -   - 文献摘录: 0 条
2025-07-09 11:49:18,394 - INFO -   - 附药: 1 条
2025-07-09 11:49:18,394 - INFO -   - 图片: 0 张
2025-07-09 11:49:18,394 - INFO - 成功添加药材: 高良姜（附：红豆寇）
2025-07-09 11:49:20,395 - INFO - 正在处理 [323/464] 蜀椒（附：椒目） (祛寒药)
2025-07-09 11:49:20,395 - INFO - 正在解析药材详情: 蜀椒（附：椒目）, URL: https://www.zysj.com.cn/lilunshuji/zhongyaoxue/1756.html
2025-07-09 11:49:22,770 - INFO - 成功解析药材: 蜀椒（附：椒目） (祛寒药)
2025-07-09 11:49:22,770 - INFO -   - 拼音: 
2025-07-09 11:49:22,770 - INFO -   - 药用部位: 本品为云香科植物花椒的果壳。
2025-07-09 11:49:22,770 - INFO -   - 性味归经: 辛、大热。有毒。入脾、胃、肺、肾经。
2025-07-09 11:49:22,770 - INFO -   - 药性: 大热
2025-07-09 11:49:22,770 - INFO -   - 药味: 辛
2025-07-09 11:49:22,770 - INFO -   - 归经: 脾经, 胃经, 肺经, 肾经
2025-07-09 11:49:22,770 - INFO -   - 功效: 温中止痛，杀虫。
2025-07-09 11:49:22,770 - INFO -   - 功效列表: 2 条
2025-07-09 11:49:22,770 - INFO -   - 临床应用: 2 条
2025-07-09 11:49:22,770 - INFO -   - 处方用名: 川椒、花椒、蜀椒（晒干用。）
2025-07-09 11:49:22,770 - INFO -   - 用法用量: 五分至一钱五分，煎服。
2025-07-09 11:49:22,770 - INFO -   - 按语: 0 条
2025-07-09 11:49:22,770 - INFO -   - 方剂举例: 1 条
2025-07-09 11:49:22,770 - INFO -   - 文献摘录: 0 条
2025-07-09 11:49:22,770 - INFO -   - 附药: 1 条
2025-07-09 11:49:22,770 - INFO -   - 图片: 0 张
2025-07-09 11:49:22,770 - INFO - 成功添加药材: 蜀椒（附：椒目）
2025-07-09 11:49:24,782 - INFO - 正在处理 [324/464] 胡椒 (祛寒药)
2025-07-09 11:49:24,782 - INFO - 正在解析药材详情: 胡椒, URL: https://www.zysj.com.cn/lilunshuji/zhongyaoxue/1757.html
2025-07-09 11:49:27,151 - INFO - 成功解析药材: 胡椒 (祛寒药)
2025-07-09 11:49:27,151 - INFO -   - 拼音: 
2025-07-09 11:49:27,151 - INFO -   - 药用部位: 本品为胡椒科植物胡椒的果实。
2025-07-09 11:49:27,151 - INFO -   - 性味归经: 辛、热。入胃、大肠经。
2025-07-09 11:49:27,151 - INFO -   - 药性: 热
2025-07-09 11:49:27,151 - INFO -   - 药味: 辛
2025-07-09 11:49:27,151 - INFO -   - 归经: 胃经, 大肠经
2025-07-09 11:49:27,151 - INFO -   - 功效: 温中散寒。
2025-07-09 11:49:27,151 - INFO -   - 功效列表: 1 条
2025-07-09 11:49:27,151 - INFO -   - 临床应用: 3 条
2025-07-09 11:49:27,151 - INFO -   - 处方用名: 胡椒、白胡椒（为成熟已去壳的果实，作用较佳。研粉用。）、黑胡椒（未成熟的果实，作用较弱。去壳，研粉用。）
2025-07-09 11:49:27,151 - INFO -   - 用法用量: 五分至一钱，煎服；散剂每次一至三分，吞服。
2025-07-09 11:49:27,151 - INFO -   - 按语: 0 条
2025-07-09 11:49:27,151 - INFO -   - 方剂举例: 0 条
2025-07-09 11:49:27,151 - INFO -   - 文献摘录: 0 条
2025-07-09 11:49:27,151 - INFO -   - 附药: 0 条
2025-07-09 11:49:27,151 - INFO -   - 图片: 0 张
2025-07-09 11:49:27,151 - INFO - 成功添加药材: 胡椒
2025-07-09 11:49:29,161 - INFO - 正在处理 [325/464] 荜菝 (祛寒药)
2025-07-09 11:49:29,161 - INFO - 正在解析药材详情: 荜菝, URL: https://www.zysj.com.cn/lilunshuji/zhongyaoxue/1758.html
2025-07-09 11:49:31,537 - INFO - 成功解析药材: 荜菝 (祛寒药)
2025-07-09 11:49:31,537 - INFO -   - 拼音: 
2025-07-09 11:49:31,537 - INFO -   - 药用部位: 本品为胡椒科植物荜菝的未成熟的果穗。
2025-07-09 11:49:31,537 - INFO -   - 性味归经: 辛、热。入胃、大肠经。
2025-07-09 11:49:31,537 - INFO -   - 药性: 热
2025-07-09 11:49:31,537 - INFO -   - 药味: 辛
2025-07-09 11:49:31,537 - INFO -   - 归经: 胃经, 大肠经
2025-07-09 11:49:31,537 - INFO -   - 功效: 温中散寒。
2025-07-09 11:49:31,537 - INFO -   - 功效列表: 1 条
2025-07-09 11:49:31,537 - INFO -   - 临床应用: 3 条
2025-07-09 11:49:31,537 - INFO -   - 处方用名: 荜菝（晒干用。）
2025-07-09 11:49:31,537 - INFO -   - 用法用量: 五分至一钱五分，煎服。
2025-07-09 11:49:31,537 - INFO -   - 按语: 0 条
2025-07-09 11:49:31,537 - INFO -   - 方剂举例: 1 条
2025-07-09 11:49:31,537 - INFO -   - 文献摘录: 0 条
2025-07-09 11:49:31,537 - INFO -   - 附药: 0 条
2025-07-09 11:49:31,537 - INFO -   - 图片: 0 张
2025-07-09 11:49:31,537 - INFO - 成功添加药材: 荜菝
2025-07-09 11:49:33,548 - INFO - 正在处理 [326/464] 毕澄茄 (祛寒药)
2025-07-09 11:49:33,549 - INFO - 正在解析药材详情: 毕澄茄, URL: https://www.zysj.com.cn/lilunshuji/zhongyaoxue/1759.html
2025-07-09 11:49:35,906 - INFO - 成功解析药材: 毕澄茄 (祛寒药)
2025-07-09 11:49:35,906 - INFO -   - 拼音: 
2025-07-09 11:49:35,906 - INFO -   - 药用部位: 本品樟科植物山鸡椒的成熟果实。
2025-07-09 11:49:35,906 - INFO -   - 性味归经: 辛、温。入脾、胃、肾、膀胱经。
2025-07-09 11:49:35,906 - INFO -   - 药性: 温
2025-07-09 11:49:35,906 - INFO -   - 药味: 辛
2025-07-09 11:49:35,906 - INFO -   - 归经: 脾经, 胃经, 肾经, 膀胱经
2025-07-09 11:49:35,906 - INFO -   - 功效: 温中散寒，行气止痛。
2025-07-09 11:49:35,906 - INFO -   - 功效列表: 2 条
2025-07-09 11:49:35,906 - INFO -   - 临床应用: 2 条
2025-07-09 11:49:35,906 - INFO -   - 处方用名: 毕澄茄（晒干用。）
2025-07-09 11:49:35,906 - INFO -   - 用法用量: 五分至一钱五分，煎服。
2025-07-09 11:49:35,906 - INFO -   - 按语: 0 条
2025-07-09 11:49:35,906 - INFO -   - 方剂举例: 1 条
2025-07-09 11:49:35,906 - INFO -   - 文献摘录: 0 条
2025-07-09 11:49:35,906 - INFO -   - 附药: 0 条
2025-07-09 11:49:35,906 - INFO -   - 图片: 0 张
2025-07-09 11:49:35,906 - INFO - 成功添加药材: 毕澄茄
2025-07-09 11:49:35,918 - INFO - 数据已保存到 zysj_herbal_data.json，当前共 325 条记录
2025-07-09 11:49:37,924 - INFO - 正在处理 [327/464] 小茴香 (祛寒药)
2025-07-09 11:49:37,924 - INFO - 正在解析药材详情: 小茴香, URL: https://www.zysj.com.cn/lilunshuji/zhongyaoxue/1761.html
2025-07-09 11:49:40,326 - INFO - 成功解析药材: 小茴香 (祛寒药)
2025-07-09 11:49:40,326 - INFO -   - 拼音: 
2025-07-09 11:49:40,326 - INFO -   - 药用部位: 本品为伞形科植物茴香的成熟果实。
2025-07-09 11:49:40,326 - INFO -   - 性味归经: 辛、温。入肝、肾、脾、胃经。
2025-07-09 11:49:40,326 - INFO -   - 药性: 温
2025-07-09 11:49:40,326 - INFO -   - 药味: 辛
2025-07-09 11:49:40,326 - INFO -   - 归经: 肝经, 肾经, 脾经, 胃经
2025-07-09 11:49:40,326 - INFO -   - 功效: 理气止痛，调中和胃。
2025-07-09 11:49:40,326 - INFO -   - 功效列表: 2 条
2025-07-09 11:49:40,326 - INFO -   - 临床应用: 2 条
2025-07-09 11:49:40,326 - INFO -   - 处方用名: 小茴香（晒干用。）
2025-07-09 11:49:40,326 - INFO -   - 用法用量: 一钱至三钱，煎服。
2025-07-09 11:49:40,326 - INFO -   - 按语: 0 条
2025-07-09 11:49:40,326 - INFO -   - 方剂举例: 1 条
2025-07-09 11:49:40,326 - INFO -   - 文献摘录: 0 条
2025-07-09 11:49:40,326 - INFO -   - 附药: 1 条
2025-07-09 11:49:40,326 - INFO -   - 图片: 0 张
2025-07-09 11:49:40,326 - INFO - 成功添加药材: 小茴香
2025-07-09 11:49:42,336 - INFO - 正在处理 [328/464] 麝香 (开窍药)
2025-07-09 11:49:42,336 - INFO - 正在解析药材详情: 麝香, URL: https://www.zysj.com.cn/lilunshuji/zhongyaoxue/1765.html
2025-07-09 11:49:44,731 - INFO - 成功解析药材: 麝香 (开窍药)
2025-07-09 11:49:44,731 - INFO -   - 拼音: 
2025-07-09 11:49:44,731 - INFO -   - 药用部位: 本品为鹿科动物麝香囊中的分泌物。
2025-07-09 11:49:44,731 - INFO -   - 性味归经: 辛，温。入心，脾经。
2025-07-09 11:49:44,731 - INFO -   - 药性: 温
2025-07-09 11:49:44,731 - INFO -   - 药味: 辛
2025-07-09 11:49:44,731 - INFO -   - 归经: 心经, 脾经
2025-07-09 11:49:44,731 - INFO -   - 功效: 开窍回苏，活血散结，催产下胎。
2025-07-09 11:49:44,731 - INFO -   - 功效列表: 3 条
2025-07-09 11:49:44,731 - INFO -   - 临床应用: 3 条
2025-07-09 11:49:44,731 - INFO -   - 处方用名: 麝香、元寸香、当门子
2025-07-09 11:49:44,731 - INFO -   - 用法用量: 内服每次一厘至五厘。本品气味芳香，内服只宜配入丸、散剂，不宜入煎剂。外用适量。
2025-07-09 11:49:44,731 - INFO -   - 按语: 3 条
2025-07-09 11:49:44,731 - INFO -   - 方剂举例: 1 条
2025-07-09 11:49:44,731 - INFO -   - 文献摘录: 0 条
2025-07-09 11:49:44,731 - INFO -   - 附药: 0 条
2025-07-09 11:49:44,731 - INFO -   - 图片: 0 张
2025-07-09 11:49:44,731 - INFO - 成功添加药材: 麝香
2025-07-09 11:49:46,732 - INFO - 正在处理 [329/464] 冰片 (开窍药)
2025-07-09 11:49:46,732 - INFO - 正在解析药材详情: 冰片, URL: https://www.zysj.com.cn/lilunshuji/zhongyaoxue/1766.html
2025-07-09 11:49:49,144 - INFO - 成功解析药材: 冰片 (开窍药)
2025-07-09 11:49:49,144 - INFO -   - 拼音: 
2025-07-09 11:49:49,144 - INFO -   - 药用部位: 本品为龙脑香科植物龙脑香的树脂加工品。也有用菊科植物艾纳香（...
2025-07-09 11:49:49,144 - INFO -   - 性味归经: 辛、苦，微寒。入心、脾、肺经。
2025-07-09 11:49:49,144 - INFO -   - 药性: 微寒
2025-07-09 11:49:49,144 - INFO -   - 药味: 辛、苦
2025-07-09 11:49:49,144 - INFO -   - 归经: 心经, 脾经, 肺经
2025-07-09 11:49:49,144 - INFO -   - 功效: 回苏开窍，清热止痛。
2025-07-09 11:49:49,144 - INFO -   - 功效列表: 2 条
2025-07-09 11:49:49,144 - INFO -   - 临床应用: 2 条
2025-07-09 11:49:49,144 - INFO -   - 处方用名: 冰片、梅花冰片、梅片、脑香、片脑（以原植物龙脑香树命名。）
2025-07-09 11:49:49,144 - INFO -   - 用法用量: 内服每次一厘至三厘。本品气味芳香，内服只宜入丸散，不入汤剂。外用适量。
2025-07-09 11:49:49,144 - INFO -   - 按语: 2 条
2025-07-09 11:49:49,144 - INFO -   - 方剂举例: 1 条
2025-07-09 11:49:49,144 - INFO -   - 文献摘录: 0 条
2025-07-09 11:49:49,145 - INFO -   - 附药: 0 条
2025-07-09 11:49:49,145 - INFO -   - 图片: 0 张
2025-07-09 11:49:49,145 - INFO - 成功添加药材: 冰片
2025-07-09 11:49:51,146 - INFO - 正在处理 [330/464] 苏合香 (开窍药)
2025-07-09 11:49:51,148 - INFO - 正在解析药材详情: 苏合香, URL: https://www.zysj.com.cn/lilunshuji/zhongyaoxue/1767.html
2025-07-09 11:49:53,526 - INFO - 成功解析药材: 苏合香 (开窍药)
2025-07-09 11:49:53,526 - INFO -   - 拼音: 
2025-07-09 11:49:53,526 - INFO -   - 药用部位: 本品为金缕梅科植物苏合香树的树脂。
2025-07-09 11:49:53,526 - INFO -   - 性味归经: 甘、辛，温。入心、脾经。
2025-07-09 11:49:53,526 - INFO -   - 药性: 温
2025-07-09 11:49:53,526 - INFO -   - 药味: 甘、辛
2025-07-09 11:49:53,526 - INFO -   - 归经: 心经, 脾经
2025-07-09 11:49:53,526 - INFO -   - 功效: 开窍辟秽。
2025-07-09 11:49:53,526 - INFO -   - 功效列表: 1 条
2025-07-09 11:49:53,526 - INFO -   - 临床应用: 2 条
2025-07-09 11:49:53,526 - INFO -   - 处方用名: 苏合香、苏合香油。
2025-07-09 11:49:53,526 - INFO -   - 用法用量: 内服每次一分至三分，宜作丸剂。
2025-07-09 11:49:53,526 - INFO -   - 按语: 0 条
2025-07-09 11:49:53,526 - INFO -   - 方剂举例: 1 条
2025-07-09 11:49:53,526 - INFO -   - 文献摘录: 0 条
2025-07-09 11:49:53,526 - INFO -   - 附药: 0 条
2025-07-09 11:49:53,526 - INFO -   - 图片: 0 张
2025-07-09 11:49:53,526 - INFO - 成功添加药材: 苏合香
2025-07-09 11:49:55,540 - INFO - 正在处理 [331/464] 石菖蒲 (开窍药)
2025-07-09 11:49:55,540 - INFO - 正在解析药材详情: 石菖蒲, URL: https://www.zysj.com.cn/lilunshuji/zhongyaoxue/1768.html
2025-07-09 11:49:57,925 - INFO - 成功解析药材: 石菖蒲 (开窍药)
2025-07-09 11:49:57,925 - INFO -   - 拼音: 
2025-07-09 11:49:57,925 - INFO -   - 药用部位: 本品为天南星科植物石菖蒲的根茎。
2025-07-09 11:49:57,925 - INFO -   - 性味归经: 辛，温。入心、肝经。
2025-07-09 11:49:57,925 - INFO -   - 药性: 温
2025-07-09 11:49:57,925 - INFO -   - 药味: 辛
2025-07-09 11:49:57,925 - INFO -   - 归经: 心经, 肝经
2025-07-09 11:49:57,925 - INFO -   - 功效: 化痰湿，开窍，和中辟秽。
2025-07-09 11:49:57,925 - INFO -   - 功效列表: 3 条
2025-07-09 11:49:57,925 - INFO -   - 临床应用: 2 条
2025-07-09 11:49:57,925 - INFO -   - 处方用名: 石菖蒲（洗净，晒干，切片用。）、鲜菖蒲、鲜石菖蒲（随用随取新鲜者，适用于痰热神昏。）
2025-07-09 11:49:57,925 - INFO -   - 用法用量: 干者一钱至三钱，鲜者三钱至五钱，煎服。
2025-07-09 11:49:57,925 - INFO -   - 按语: 3 条
2025-07-09 11:49:57,925 - INFO -   - 方剂举例: 1 条
2025-07-09 11:49:57,925 - INFO -   - 文献摘录: 0 条
2025-07-09 11:49:57,925 - INFO -   - 附药: 0 条
2025-07-09 11:49:57,925 - INFO -   - 图片: 0 张
2025-07-09 11:49:57,925 - INFO - 成功添加药材: 石菖蒲
2025-07-09 11:49:57,938 - INFO - 数据已保存到 zysj_herbal_data.json，当前共 330 条记录
2025-07-09 11:49:59,941 - INFO - 正在处理 [332/464] 羚羊角 (平肝息风药)
2025-07-09 11:49:59,941 - INFO - 正在解析药材详情: 羚羊角, URL: https://www.zysj.com.cn/lilunshuji/zhongyaoxue/1772.html
2025-07-09 11:50:02,317 - INFO - 成功解析药材: 羚羊角 (平肝息风药)
2025-07-09 11:50:02,317 - INFO -   - 拼音: 
2025-07-09 11:50:02,317 - INFO -   - 药用部位: 本品为牛科植物赛加羚羊角及他种羚羊的角。
2025-07-09 11:50:02,317 - INFO -   - 性味归经: 咸，寒。入肝经。
2025-07-09 11:50:02,317 - INFO -   - 药性: 寒
2025-07-09 11:50:02,317 - INFO -   - 药味: 咸
2025-07-09 11:50:02,317 - INFO -   - 归经: 肝经
2025-07-09 11:50:02,317 - INFO -   - 功效: 平肝息风，清热明目。
2025-07-09 11:50:02,317 - INFO -   - 功效列表: 2 条
2025-07-09 11:50:02,317 - INFO -   - 临床应用: 4 条
2025-07-09 11:50:02,317 - INFO -   - 处方用名: 羚羊角片（镑成片，入煎剂用）、羚羊粉（研粉，入丸散，或吞服）
2025-07-09 11:50:02,317 - INFO -   - 用法用量: 吞服每次一分至三分。入煎剂一般用三分至一钱，须另煎冲服。
2025-07-09 11:50:02,317 - INFO -   - 按语: 2 条
2025-07-09 11:50:02,317 - INFO -   - 方剂举例: 1 条
2025-07-09 11:50:02,317 - INFO -   - 文献摘录: 0 条
2025-07-09 11:50:02,317 - INFO -   - 附药: 0 条
2025-07-09 11:50:02,317 - INFO -   - 图片: 0 张
2025-07-09 11:50:02,317 - INFO - 成功添加药材: 羚羊角
2025-07-09 11:50:04,325 - INFO - 正在处理 [333/464] 山羊角 (平肝息风药)
2025-07-09 11:50:04,325 - INFO - 正在解析药材详情: 山羊角, URL: https://www.zysj.com.cn/lilunshuji/zhongyaoxue/1773.html
2025-07-09 11:50:06,774 - INFO - 成功解析药材: 山羊角 (平肝息风药)
2025-07-09 11:50:06,774 - INFO -   - 拼音: 
2025-07-09 11:50:06,774 - INFO -   - 药用部位: 本品为脊椎动物牛科山羊的角。
2025-07-09 11:50:06,774 - INFO -   - 性味归经: 咸，寒。
2025-07-09 11:50:06,774 - INFO -   - 药性: 寒
2025-07-09 11:50:06,774 - INFO -   - 药味: 咸
2025-07-09 11:50:06,774 - INFO -   - 归经: 无
2025-07-09 11:50:06,774 - INFO -   - 功效: 平肝，镇惊。
2025-07-09 11:50:06,774 - INFO -   - 功效列表: 2 条
2025-07-09 11:50:06,774 - INFO -   - 临床应用: 2 条
2025-07-09 11:50:06,774 - INFO -   - 处方用名: 山羊角（镑片用）
2025-07-09 11:50:06,774 - INFO -   - 用法用量: 三钱至五钱，煎服。
2025-07-09 11:50:06,774 - INFO -   - 按语: 1 条
2025-07-09 11:50:06,775 - INFO -   - 方剂举例: 0 条
2025-07-09 11:50:06,775 - INFO -   - 文献摘录: 0 条
2025-07-09 11:50:06,775 - INFO -   - 附药: 0 条
2025-07-09 11:50:06,775 - INFO -   - 图片: 0 张
2025-07-09 11:50:06,775 - INFO - 成功添加药材: 山羊角
2025-07-09 11:50:08,781 - INFO - 正在处理 [334/464] 石决明 (平肝息风药)
2025-07-09 11:50:08,781 - INFO - 正在解析药材详情: 石决明, URL: https://www.zysj.com.cn/lilunshuji/zhongyaoxue/1774.html
2025-07-09 11:50:11,149 - INFO - 成功解析药材: 石决明 (平肝息风药)
2025-07-09 11:50:11,149 - INFO -   - 拼音: 
2025-07-09 11:50:11,149 - INFO -   - 药用部位: 本品为鲍科软件动物九孔鲍或盘大鲍的贝壳。
2025-07-09 11:50:11,149 - INFO -   - 性味归经: 咸，微寒。入肝经。
2025-07-09 11:50:11,149 - INFO -   - 药性: 微寒
2025-07-09 11:50:11,149 - INFO -   - 药味: 咸
2025-07-09 11:50:11,149 - INFO -   - 归经: 肝经
2025-07-09 11:50:11,149 - INFO -   - 功效: 平肝潜阳，清热明目。
2025-07-09 11:50:11,149 - INFO -   - 功效列表: 2 条
2025-07-09 11:50:11,149 - INFO -   - 临床应用: 2 条
2025-07-09 11:50:11,149 - INFO -   - 处方用名: 石决明、生石决、九孔决明（打碎，生用）、煅石决明（将石决明放于烈火中煅至为红色为度，寒凉之性有所减弱）
2025-07-09 11:50:11,149 - INFO -   - 用法用量: 五钱至一两，先煎。
2025-07-09 11:50:11,149 - INFO -   - 按语: 1 条
2025-07-09 11:50:11,149 - INFO -   - 方剂举例: 1 条
2025-07-09 11:50:11,150 - INFO -   - 文献摘录: 0 条
2025-07-09 11:50:11,150 - INFO -   - 附药: 0 条
2025-07-09 11:50:11,150 - INFO -   - 图片: 0 张
2025-07-09 11:50:11,150 - INFO - 成功添加药材: 石决明
2025-07-09 11:50:13,152 - INFO - 正在处理 [335/464] 天麻 (平肝息风药)
2025-07-09 11:50:13,152 - INFO - 正在解析药材详情: 天麻, URL: https://www.zysj.com.cn/lilunshuji/zhongyaoxue/1775.html
2025-07-09 11:50:15,564 - INFO - 成功解析药材: 天麻 (平肝息风药)
2025-07-09 11:50:15,564 - INFO -   - 拼音: 
2025-07-09 11:50:15,564 - INFO -   - 药用部位: 本品为兰科植物天麻的块茎。
2025-07-09 11:50:15,564 - INFO -   - 性味归经: 甘，微温。入肝经。
2025-07-09 11:50:15,564 - INFO -   - 药性: 微温
2025-07-09 11:50:15,564 - INFO -   - 药味: 甘
2025-07-09 11:50:15,564 - INFO -   - 归经: 肝经
2025-07-09 11:50:15,564 - INFO -   - 功效: 平肝息风，通络止痛。
2025-07-09 11:50:15,564 - INFO -   - 功效列表: 2 条
2025-07-09 11:50:15,564 - INFO -   - 临床应用: 3 条
2025-07-09 11:50:15,564 - INFO -   - 处方用名: 天麻、明天麻（洗净，晒干，切片用）、煨天麻（用麸皮同炒后应用）
2025-07-09 11:50:15,564 - INFO -   - 用法用量: 一钱至三钱，煎服。研末吞服每次三分至五分。
2025-07-09 11:50:15,564 - INFO -   - 按语: 2 条
2025-07-09 11:50:15,564 - INFO -   - 方剂举例: 1 条
2025-07-09 11:50:15,564 - INFO -   - 文献摘录: 0 条
2025-07-09 11:50:15,564 - INFO -   - 附药: 0 条
2025-07-09 11:50:15,564 - INFO -   - 图片: 0 张
2025-07-09 11:50:15,564 - INFO - 成功添加药材: 天麻
2025-07-09 11:50:17,568 - INFO - 正在处理 [336/464] 钩藤 (平肝息风药)
2025-07-09 11:50:17,568 - INFO - 正在解析药材详情: 钩藤, URL: https://www.zysj.com.cn/lilunshuji/zhongyaoxue/1776.html
2025-07-09 11:50:20,000 - INFO - 成功解析药材: 钩藤 (平肝息风药)
2025-07-09 11:50:20,000 - INFO -   - 拼音: 
2025-07-09 11:50:20,000 - INFO -   - 药用部位: 本品为茜草科植物钩藤或华钩藤的钩及相连的茎枝。
2025-07-09 11:50:20,000 - INFO -   - 性味归经: 甘，微寒。入肝、心包经。
2025-07-09 11:50:20,000 - INFO -   - 药性: 微寒
2025-07-09 11:50:20,000 - INFO -   - 药味: 甘
2025-07-09 11:50:20,000 - INFO -   - 归经: 肝经, 心包经
2025-07-09 11:50:20,000 - INFO -   - 功效: 清热平肝，息风镇痉。
2025-07-09 11:50:20,000 - INFO -   - 功效列表: 2 条
2025-07-09 11:50:20,000 - INFO -   - 临床应用: 2 条
2025-07-09 11:50:20,000 - INFO -   - 处方用名: 钩藤、嫩钩藤、嫩双钩、嫩钩钩（晒干用）
2025-07-09 11:50:20,000 - INFO -   - 用法用量: 三钱至五钱，煎服。煎时须后下。
2025-07-09 11:50:20,000 - INFO -   - 按语: 2 条
2025-07-09 11:50:20,000 - INFO -   - 方剂举例: 1 条
2025-07-09 11:50:20,000 - INFO -   - 文献摘录: 0 条
2025-07-09 11:50:20,000 - INFO -   - 附药: 0 条
2025-07-09 11:50:20,000 - INFO -   - 图片: 0 张
2025-07-09 11:50:20,000 - INFO - 成功添加药材: 钩藤
2025-07-09 11:50:20,014 - INFO - 数据已保存到 zysj_herbal_data.json，当前共 335 条记录
2025-07-09 11:50:22,029 - INFO - 正在处理 [337/464] 白蒺藜 (平肝息风药)
2025-07-09 11:50:22,029 - INFO - 正在解析药材详情: 白蒺藜, URL: https://www.zysj.com.cn/lilunshuji/zhongyaoxue/1777.html
2025-07-09 11:50:24,503 - INFO - 成功解析药材: 白蒺藜 (平肝息风药)
2025-07-09 11:50:24,503 - INFO -   - 拼音: 
2025-07-09 11:50:24,503 - INFO -   - 药用部位: 本品为蒺藜科植物刺蒺藜的果实。
2025-07-09 11:50:24,503 - INFO -   - 性味归经: 辛、苦，微温。入肝经。
2025-07-09 11:50:24,503 - INFO -   - 药性: 微温
2025-07-09 11:50:24,504 - INFO -   - 药味: 辛、苦
2025-07-09 11:50:24,504 - INFO -   - 归经: 肝经
2025-07-09 11:50:24,504 - INFO -   - 功效: 平肝，疏肝，祛风，明目。
2025-07-09 11:50:24,504 - INFO -   - 功效列表: 4 条
2025-07-09 11:50:24,504 - INFO -   - 临床应用: 3 条
2025-07-09 11:50:24,504 - INFO -   - 处方用名: 白蒺藜、刺蒺藜（炒黄，去刺用）
2025-07-09 11:50:24,504 - INFO -   - 用法用量: 一钱至三钱，煎服。
2025-07-09 11:50:24,504 - INFO -   - 按语: 0 条
2025-07-09 11:50:24,504 - INFO -   - 方剂举例: 1 条
2025-07-09 11:50:24,504 - INFO -   - 文献摘录: 0 条
2025-07-09 11:50:24,504 - INFO -   - 附药: 0 条
2025-07-09 11:50:24,504 - INFO -   - 图片: 0 张
2025-07-09 11:50:24,504 - INFO - 成功添加药材: 白蒺藜
2025-07-09 11:50:26,509 - INFO - 正在处理 [338/464] 橹豆衣 (平肝息风药)
2025-07-09 11:50:26,509 - INFO - 正在解析药材详情: 橹豆衣, URL: https://www.zysj.com.cn/lilunshuji/zhongyaoxue/1778.html
2025-07-09 11:50:28,873 - INFO - 成功解析药材: 橹豆衣 (平肝息风药)
2025-07-09 11:50:28,873 - INFO -   - 拼音: 
2025-07-09 11:50:28,873 - INFO -   - 药用部位: 本品为蝶形花科植物黑小豆的种皮。
2025-07-09 11:50:28,873 - INFO -   - 性味归经: 甘，平。入肝、肾经。
2025-07-09 11:50:28,873 - INFO -   - 药性: 平
2025-07-09 11:50:28,873 - INFO -   - 药味: 甘
2025-07-09 11:50:28,873 - INFO -   - 归经: 肝经, 肾经
2025-07-09 11:50:28,873 - INFO -   - 功效: 养血平肝，除热，止汗。
2025-07-09 11:50:28,873 - INFO -   - 功效列表: 3 条
2025-07-09 11:50:28,873 - INFO -   - 临床应用: 2 条
2025-07-09 11:50:28,873 - INFO -   - 处方用名: 橹豆衣、料豆衣、黑豆衣（晒干用）
2025-07-09 11:50:28,873 - INFO -   - 用法用量: 一钱至三钱，煎服。
2025-07-09 11:50:28,873 - INFO -   - 按语: 0 条
2025-07-09 11:50:28,873 - INFO -   - 方剂举例: 0 条
2025-07-09 11:50:28,873 - INFO -   - 文献摘录: 0 条
2025-07-09 11:50:28,873 - INFO -   - 附药: 0 条
2025-07-09 11:50:28,873 - INFO -   - 图片: 0 张
2025-07-09 11:50:28,873 - INFO - 成功添加药材: 橹豆衣
2025-07-09 11:50:30,876 - INFO - 正在处理 [339/464] 蚯蚓 (平肝息风药)
2025-07-09 11:50:30,876 - INFO - 正在解析药材详情: 蚯蚓, URL: https://www.zysj.com.cn/lilunshuji/zhongyaoxue/1780.html
2025-07-09 11:50:33,273 - INFO - 成功解析药材: 蚯蚓 (平肝息风药)
2025-07-09 11:50:33,273 - INFO -   - 拼音: 
2025-07-09 11:50:33,273 - INFO -   - 药用部位: 本品为巨蚓科动物参环毛蚓或缟蚯蚓等的全体（前者称“广地龙”，...
2025-07-09 11:50:33,274 - INFO -   - 性味归经: 咸，寒。入胃、脾、肝、肾经。
2025-07-09 11:50:33,274 - INFO -   - 药性: 寒
2025-07-09 11:50:33,274 - INFO -   - 药味: 咸
2025-07-09 11:50:33,274 - INFO -   - 归经: 胃经, 脾经, 肝经, 肾经
2025-07-09 11:50:33,274 - INFO -   - 功效: 清热息风，通络，平喘，利尿。
2025-07-09 11:50:33,274 - INFO -   - 功效列表: 4 条
2025-07-09 11:50:33,274 - INFO -   - 临床应用: 4 条
2025-07-09 11:50:33,274 - INFO -   - 处方用名: 地龙、广地龙、地龙干（洗净，晒干用）。广地龙须剖开腹部，去内脏。
2025-07-09 11:50:33,274 - INFO -   - 用法用量: 一钱至三钱，煎服。研末吞服，每次五分至一钱。
2025-07-09 11:50:33,274 - INFO -   - 按语: 1 条
2025-07-09 11:50:33,274 - INFO -   - 方剂举例: 1 条
2025-07-09 11:50:33,274 - INFO -   - 文献摘录: 0 条
2025-07-09 11:50:33,274 - INFO -   - 附药: 0 条
2025-07-09 11:50:33,274 - INFO -   - 图片: 0 张
2025-07-09 11:50:33,274 - INFO - 成功添加药材: 蚯蚓
2025-07-09 11:50:35,280 - INFO - 正在处理 [340/464] 僵蚕（附：僵茧壳） (平肝息风药)
2025-07-09 11:50:35,280 - INFO - 正在解析药材详情: 僵蚕（附：僵茧壳）, URL: https://www.zysj.com.cn/lilunshuji/zhongyaoxue/1781.html
2025-07-09 11:50:37,651 - INFO - 成功解析药材: 僵蚕（附：僵茧壳） (平肝息风药)
2025-07-09 11:50:37,651 - INFO -   - 拼音: 
2025-07-09 11:50:37,651 - INFO -   - 药用部位: 本品为蚕蛾科昆虫家蚕的幼虫感染白僵菌而发病而僵死的虫体。
2025-07-09 11:50:37,651 - INFO -   - 性味归经: 咸、辛，平。入肺、肝经。
2025-07-09 11:50:37,652 - INFO -   - 药性: 平
2025-07-09 11:50:37,652 - INFO -   - 药味: 咸、辛
2025-07-09 11:50:37,652 - INFO -   - 归经: 肺经, 肝经
2025-07-09 11:50:37,652 - INFO -   - 功效: 息风解痉，疏散风热，化痰散结。
2025-07-09 11:50:37,652 - INFO -   - 功效列表: 3 条
2025-07-09 11:50:37,652 - INFO -   - 临床应用: 4 条
2025-07-09 11:50:37,652 - INFO -   - 处方用名: 制僵蚕、炙僵蚕、制姜虫、制天虫（用麸皮同炒至黄色为度）
2025-07-09 11:50:37,652 - INFO -   - 用法用量: 一钱至三钱，煎服。研粉吞服，每次三分至五分。
2025-07-09 11:50:37,652 - INFO -   - 按语: 2 条
2025-07-09 11:50:37,652 - INFO -   - 方剂举例: 1 条
2025-07-09 11:50:37,652 - INFO -   - 文献摘录: 0 条
2025-07-09 11:50:37,652 - INFO -   - 附药: 1 条
2025-07-09 11:50:37,652 - INFO -   - 图片: 0 张
2025-07-09 11:50:37,652 - INFO - 成功添加药材: 僵蚕（附：僵茧壳）
2025-07-09 11:50:39,660 - INFO - 正在处理 [341/464] 贝齿 (平肝息风药)
2025-07-09 11:50:39,660 - INFO - 正在解析药材详情: 贝齿, URL: https://www.zysj.com.cn/lilunshuji/zhongyaoxue/1782.html
2025-07-09 11:50:42,054 - INFO - 成功解析药材: 贝齿 (平肝息风药)
2025-07-09 11:50:42,054 - INFO -   - 拼音: 
2025-07-09 11:50:42,054 - INFO -   - 药用部位: 本品为宝贝科软件动物的贝壳。（入药以紫贝齿为主。而紫贝齿的原...
2025-07-09 11:50:42,054 - INFO -   - 性味归经: 咸，平。入肝经。
2025-07-09 11:50:42,054 - INFO -   - 药性: 平
2025-07-09 11:50:42,054 - INFO -   - 药味: 咸
2025-07-09 11:50:42,054 - INFO -   - 归经: 肝经
2025-07-09 11:50:42,054 - INFO -   - 功效: 清肝明目，镇惊安神。
2025-07-09 11:50:42,054 - INFO -   - 功效列表: 2 条
2025-07-09 11:50:42,054 - INFO -   - 临床应用: 2 条
2025-07-09 11:50:42,054 - INFO -   - 处方用名: 贝齿、紫贝齿（打碎用）
2025-07-09 11:50:42,054 - INFO -   - 用法用量: 三钱至五钱，煎服。
2025-07-09 11:50:42,054 - INFO -   - 按语: 0 条
2025-07-09 11:50:42,054 - INFO -   - 方剂举例: 0 条
2025-07-09 11:50:42,054 - INFO -   - 文献摘录: 0 条
2025-07-09 11:50:42,054 - INFO -   - 附药: 0 条
2025-07-09 11:50:42,054 - INFO -   - 图片: 0 张
2025-07-09 11:50:42,055 - INFO - 成功添加药材: 贝齿
2025-07-09 11:50:42,068 - INFO - 数据已保存到 zysj_herbal_data.json，当前共 340 条记录
2025-07-09 11:50:44,074 - INFO - 正在处理 [342/464] 玳瑁 (平肝息风药)
2025-07-09 11:50:44,074 - INFO - 正在解析药材详情: 玳瑁, URL: https://www.zysj.com.cn/lilunshuji/zhongyaoxue/1783.html
2025-07-09 11:50:46,465 - INFO - 成功解析药材: 玳瑁 (平肝息风药)
2025-07-09 11:50:46,465 - INFO -   - 拼音: 
2025-07-09 11:50:46,465 - INFO -   - 药用部位: 本品为海龟科动物玳瑁的甲片。
2025-07-09 11:50:46,465 - INFO -   - 性味归经: 甘，寒。入心、肝经。
2025-07-09 11:50:46,465 - INFO -   - 药性: 寒
2025-07-09 11:50:46,465 - INFO -   - 药味: 甘
2025-07-09 11:50:46,465 - INFO -   - 归经: 心经, 肝经
2025-07-09 11:50:46,466 - INFO -   - 功效: 清热解毒，平肝定惊。
2025-07-09 11:50:46,466 - INFO -   - 功效列表: 2 条
2025-07-09 11:50:46,466 - INFO -   - 临床应用: 2 条
2025-07-09 11:50:46,466 - INFO -   - 处方用名: 明玳瑁、玳瑁片（镑片或研粉用）
2025-07-09 11:50:46,466 - INFO -   - 用法用量: 一钱至三钱，煎服。或研粉配入丸散。
2025-07-09 11:50:46,466 - INFO -   - 按语: 0 条
2025-07-09 11:50:46,466 - INFO -   - 方剂举例: 0 条
2025-07-09 11:50:46,466 - INFO -   - 文献摘录: 0 条
2025-07-09 11:50:46,466 - INFO -   - 附药: 0 条
2025-07-09 11:50:46,466 - INFO -   - 图片: 0 张
2025-07-09 11:50:46,466 - INFO - 成功添加药材: 玳瑁
2025-07-09 11:50:48,473 - INFO - 正在处理 [343/464] 马宝（附：狗宝） (平肝息风药)
2025-07-09 11:50:48,473 - INFO - 正在解析药材详情: 马宝（附：狗宝）, URL: https://www.zysj.com.cn/lilunshuji/zhongyaoxue/1784.html
2025-07-09 11:50:50,859 - INFO - 成功解析药材: 马宝（附：狗宝） (平肝息风药)
2025-07-09 11:50:50,859 - INFO -   - 拼音: 
2025-07-09 11:50:50,859 - INFO -   - 药用部位: 不品为哺乳类脊椎动物马的胃肠道或膀胱中的结石。
2025-07-09 11:50:50,859 - INFO -   - 性味归经: 甘、咸，平。入心、肝经。
2025-07-09 11:50:50,859 - INFO -   - 药性: 平
2025-07-09 11:50:50,859 - INFO -   - 药味: 甘、咸
2025-07-09 11:50:50,859 - INFO -   - 归经: 心经, 肝经
2025-07-09 11:50:50,859 - INFO -   - 功效: 清肝镇惊，化痰。
2025-07-09 11:50:50,859 - INFO -   - 功效列表: 2 条
2025-07-09 11:50:50,859 - INFO -   - 临床应用: 2 条
2025-07-09 11:50:50,859 - INFO -   - 处方用名: 马宝（研粉用）
2025-07-09 11:50:50,859 - INFO -   - 用法用量: 一分至三分，研粉吞服。
2025-07-09 11:50:50,859 - INFO -   - 按语: 0 条
2025-07-09 11:50:50,859 - INFO -   - 方剂举例: 0 条
2025-07-09 11:50:50,859 - INFO -   - 文献摘录: 0 条
2025-07-09 11:50:50,859 - INFO -   - 附药: 1 条
2025-07-09 11:50:50,859 - INFO -   - 图片: 0 张
2025-07-09 11:50:50,859 - INFO - 成功添加药材: 马宝（附：狗宝）
2025-07-09 11:50:52,869 - INFO - 正在处理 [344/464] 紫石英（附：白石英） (平肝息风药)
2025-07-09 11:50:52,869 - INFO - 正在解析药材详情: 紫石英（附：白石英）, URL: https://www.zysj.com.cn/lilunshuji/zhongyaoxue/1785.html
2025-07-09 11:50:55,218 - INFO - 成功解析药材: 紫石英（附：白石英） (平肝息风药)
2025-07-09 11:50:55,218 - INFO -   - 拼音: 
2025-07-09 11:50:55,218 - INFO -   - 药用部位: 本品为一种含氟化钙的矿石。（非真正的石英矿，而是萤石，即氟石...
2025-07-09 11:50:55,218 - INFO -   - 性味归经: 甘，温。入心、肝经。
2025-07-09 11:50:55,218 - INFO -   - 药性: 温
2025-07-09 11:50:55,218 - INFO -   - 药味: 甘
2025-07-09 11:50:55,218 - INFO -   - 归经: 心经, 肝经
2025-07-09 11:50:55,218 - INFO -   - 功效: 镇心定惊，温肺，暖宫。
2025-07-09 11:50:55,218 - INFO -   - 功效列表: 3 条
2025-07-09 11:50:55,218 - INFO -   - 临床应用: 2 条
2025-07-09 11:50:55,218 - INFO -   - 处方用名: 紫石英（打碎用）
2025-07-09 11:50:55,218 - INFO -   - 用法用量: 三钱至五钱，煎服。
2025-07-09 11:50:55,218 - INFO -   - 按语: 0 条
2025-07-09 11:50:55,218 - INFO -   - 方剂举例: 1 条
2025-07-09 11:50:55,218 - INFO -   - 文献摘录: 0 条
2025-07-09 11:50:55,218 - INFO -   - 附药: 1 条
2025-07-09 11:50:55,218 - INFO -   - 图片: 0 张
2025-07-09 11:50:55,218 - INFO - 成功添加药材: 紫石英（附：白石英）
2025-07-09 11:50:57,228 - INFO - 正在处理 [345/464] 全蝎 (平肝息风药)
2025-07-09 11:50:57,228 - INFO - 正在解析药材详情: 全蝎, URL: https://www.zysj.com.cn/lilunshuji/zhongyaoxue/1786.html
2025-07-09 11:50:59,606 - INFO - 成功解析药材: 全蝎 (平肝息风药)
2025-07-09 11:50:59,606 - INFO -   - 拼音: 
2025-07-09 11:50:59,606 - INFO -   - 药用部位: 本品为钳蝎科动物问荆蝎的全体。
2025-07-09 11:50:59,607 - INFO -   - 性味归经: 辛，平。有毒。入肝经。
2025-07-09 11:50:59,607 - INFO -   - 药性: 平
2025-07-09 11:50:59,607 - INFO -   - 药味: 辛
2025-07-09 11:50:59,607 - INFO -   - 归经: 肝经
2025-07-09 11:50:59,607 - INFO -   - 功效: 息风解痉，祛风止痛，解毒散结。
2025-07-09 11:50:59,607 - INFO -   - 功效列表: 3 条
2025-07-09 11:50:59,607 - INFO -   - 临床应用: 3 条
2025-07-09 11:50:59,607 - INFO -   - 处方用名: 全蝎、淡全蝎、全虫（沸水泡死后，晒干用）、蝎尾（过去认为蝎之尾部药力较强，现上海药店仅出售连尾的尸体，不单独供应尾部）
2025-07-09 11:50:59,607 - INFO -   - 用法用量: 五分至一钱，煎服。研末吞服每次二分至三分。本品以研末吞服功效较佳，故现在一般不入煎剂。但本品有毒，用量不可过大，必须注意。
2025-07-09 11:50:59,607 - INFO -   - 按语: 1 条
2025-07-09 11:50:59,607 - INFO -   - 方剂举例: 1 条
2025-07-09 11:50:59,607 - INFO -   - 文献摘录: 0 条
2025-07-09 11:50:59,607 - INFO -   - 附药: 0 条
2025-07-09 11:50:59,607 - INFO -   - 图片: 0 张
2025-07-09 11:50:59,607 - INFO - 成功添加药材: 全蝎
2025-07-09 11:51:01,612 - INFO - 正在处理 [346/464] 蜈蚣 (平肝息风药)
2025-07-09 11:51:01,612 - INFO - 正在解析药材详情: 蜈蚣, URL: https://www.zysj.com.cn/lilunshuji/zhongyaoxue/1787.html
2025-07-09 11:51:04,006 - INFO - 成功解析药材: 蜈蚣 (平肝息风药)
2025-07-09 11:51:04,006 - INFO -   - 拼音: 
2025-07-09 11:51:04,006 - INFO -   - 药用部位: 本品为蜈蚣科动物少棘巨蜈蚣的虫体。
2025-07-09 11:51:04,007 - INFO -   - 性味归经: 辛，温。有毒。入肝经。
2025-07-09 11:51:04,007 - INFO -   - 药性: 温
2025-07-09 11:51:04,007 - INFO -   - 药味: 辛
2025-07-09 11:51:04,007 - INFO -   - 归经: 肝经
2025-07-09 11:51:04,007 - INFO -   - 功效: 祛风、解痉、解毒。
2025-07-09 11:51:04,007 - INFO -   - 功效列表: 3 条
2025-07-09 11:51:04,007 - INFO -   - 临床应用: 2 条
2025-07-09 11:51:04,007 - INFO -   - 处方用名: 蜈蚣（晒干或烘干用）
2025-07-09 11:51:04,007 - INFO -   - 用法用量: 三分至一钱，煎服。外用适量。
2025-07-09 11:51:04,007 - INFO -   - 按语: 0 条
2025-07-09 11:51:04,007 - INFO -   - 方剂举例: 1 条
2025-07-09 11:51:04,007 - INFO -   - 文献摘录: 0 条
2025-07-09 11:51:04,007 - INFO -   - 附药: 0 条
2025-07-09 11:51:04,007 - INFO -   - 图片: 0 张
2025-07-09 11:51:04,007 - INFO - 成功添加药材: 蜈蚣
2025-07-09 11:51:04,020 - INFO - 数据已保存到 zysj_herbal_data.json，当前共 345 条记录
2025-07-09 11:51:06,026 - INFO - 正在处理 [347/464] 壁虎 (平肝息风药)
2025-07-09 11:51:06,026 - INFO - 正在解析药材详情: 壁虎, URL: https://www.zysj.com.cn/lilunshuji/zhongyaoxue/1788.html
2025-07-09 11:51:08,403 - INFO - 成功解析药材: 壁虎 (平肝息风药)
2025-07-09 11:51:08,403 - INFO -   - 拼音: 
2025-07-09 11:51:08,403 - INFO -   - 药用部位: 本品为脊椎动物壁虎科蹼趾壁虎或同属他种壁虎的干燥全体。
2025-07-09 11:51:08,403 - INFO -   - 性味归经: 咸，寒。有小毒。
2025-07-09 11:51:08,403 - INFO -   - 药性: 寒
2025-07-09 11:51:08,403 - INFO -   - 药味: 咸
2025-07-09 11:51:08,403 - INFO -   - 归经: 无
2025-07-09 11:51:08,404 - INFO -   - 功效: 祛风，定惊，止痛，散结。
2025-07-09 11:51:08,404 - INFO -   - 功效列表: 4 条
2025-07-09 11:51:08,404 - INFO -   - 临床应用: 2 条
2025-07-09 11:51:08,404 - INFO -   - 处方用名: 壁虎、天龙、守宫（晒干或烘干用）
2025-07-09 11:51:08,404 - INFO -   - 用法用量: 五分至一钱五分，煎服。或研粉吞服，每次三分至五分。
2025-07-09 11:51:08,404 - INFO -   - 按语: 0 条
2025-07-09 11:51:08,404 - INFO -   - 方剂举例: 1 条
2025-07-09 11:51:08,404 - INFO -   - 文献摘录: 0 条
2025-07-09 11:51:08,404 - INFO -   - 附药: 0 条
2025-07-09 11:51:08,404 - INFO -   - 图片: 0 张
2025-07-09 11:51:08,404 - INFO - 成功添加药材: 壁虎
2025-07-09 11:51:10,415 - INFO - 正在处理 [348/464] 朱砂 (重镇安神药)
2025-07-09 11:51:10,415 - INFO - 正在解析药材详情: 朱砂, URL: https://www.zysj.com.cn/lilunshuji/zhongyaoxue/1793.html
2025-07-09 11:51:12,784 - INFO - 成功解析药材: 朱砂 (重镇安神药)
2025-07-09 11:51:12,784 - INFO -   - 拼音: 
2025-07-09 11:51:12,784 - INFO -   - 药用部位: 本品为三方晶系天然的辰砂矿石。
2025-07-09 11:51:12,784 - INFO -   - 性味归经: 甘，微寒。有小毒。入心经。
2025-07-09 11:51:12,784 - INFO -   - 药性: 微寒
2025-07-09 11:51:12,784 - INFO -   - 药味: 甘
2025-07-09 11:51:12,784 - INFO -   - 归经: 心经
2025-07-09 11:51:12,784 - INFO -   - 功效: 重镇安神,解毒。
2025-07-09 11:51:12,784 - INFO -   - 功效列表: 2 条
2025-07-09 11:51:12,784 - INFO -   - 临床应用: 2 条
2025-07-09 11:51:12,784 - INFO -   - 处方用名: 朱砂、朱砂、丹砂、辰砂、飞朱砂（研末，水飞后用）
2025-07-09 11:51:12,784 - INFO -   - 用法用量: 每次吞服一分至三分，多入丸散剂。或拌其它药物，入汤剂煎服。外用适量。
2025-07-09 11:51:12,784 - INFO -   - 按语: 3 条
2025-07-09 11:51:12,784 - INFO -   - 方剂举例: 1 条
2025-07-09 11:51:12,785 - INFO -   - 文献摘录: 0 条
2025-07-09 11:51:12,785 - INFO -   - 附药: 0 条
2025-07-09 11:51:12,785 - INFO -   - 图片: 0 张
2025-07-09 11:51:12,785 - INFO - 成功添加药材: 朱砂
2025-07-09 11:51:14,793 - INFO - 正在处理 [349/464] 磁石 (重镇安神药)
2025-07-09 11:51:14,793 - INFO - 正在解析药材详情: 磁石, URL: https://www.zysj.com.cn/lilunshuji/zhongyaoxue/1794.html
2025-07-09 11:51:17,153 - INFO - 成功解析药材: 磁石 (重镇安神药)
2025-07-09 11:51:17,153 - INFO -   - 拼音: 
2025-07-09 11:51:17,153 - INFO -   - 药用部位: 本品为等轴晶系天然的磁铁矿石。
2025-07-09 11:51:17,153 - INFO -   - 性味归经: 辛、寒。入肝、肾经。
2025-07-09 11:51:17,153 - INFO -   - 药性: 寒
2025-07-09 11:51:17,153 - INFO -   - 药味: 辛
2025-07-09 11:51:17,153 - INFO -   - 归经: 肝经, 肾经
2025-07-09 11:51:17,153 - INFO -   - 功效: 重镇安神，纳气平喘，益肾潜阳。
2025-07-09 11:51:17,153 - INFO -   - 功效列表: 3 条
2025-07-09 11:51:17,154 - INFO -   - 临床应用: 3 条
2025-07-09 11:51:17,154 - INFO -   - 处方用名: 灵磁石、活磁石（生用，以有吸铁能力者为佳）、呆磁石（生用，失去吸铁能力者，功力较差）、煅磁石（将磁石放烈火中煅烧，趁热放醋中淬之，质地松脆，便于研末制丸散用。）
2025-07-09 11:51:17,154 - INFO -   - 用法用量: 五钱至一两，先煎。
2025-07-09 11:51:17,154 - INFO -   - 按语: 2 条
2025-07-09 11:51:17,154 - INFO -   - 方剂举例: 1 条
2025-07-09 11:51:17,154 - INFO -   - 文献摘录: 0 条
2025-07-09 11:51:17,154 - INFO -   - 附药: 0 条
2025-07-09 11:51:17,154 - INFO -   - 图片: 0 张
2025-07-09 11:51:17,154 - INFO - 成功添加药材: 磁石
2025-07-09 11:51:19,162 - INFO - 正在处理 [350/464] 龙骨（附：龙齿） (重镇安神药)
2025-07-09 11:51:19,162 - INFO - 正在解析药材详情: 龙骨（附：龙齿）, URL: https://www.zysj.com.cn/lilunshuji/zhongyaoxue/1795.html
2025-07-09 11:51:21,557 - INFO - 成功解析药材: 龙骨（附：龙齿） (重镇安神药)
2025-07-09 11:51:21,557 - INFO -   - 拼音: 
2025-07-09 11:51:21,557 - INFO -   - 药用部位: 本品为古代多种哺乳动物（包括象、犀牛、马、骆驼、羚羊等）骨胳...
2025-07-09 11:51:21,557 - INFO -   - 性味归经: 甘、涩，平。入心、肝、肾经。
2025-07-09 11:51:21,557 - INFO -   - 药性: 平
2025-07-09 11:51:21,557 - INFO -   - 药味: 甘、涩
2025-07-09 11:51:21,557 - INFO -   - 归经: 心经, 肝经, 肾经
2025-07-09 11:51:21,557 - INFO -   - 功效: 重镇安神，平降肝阳，收敛固涩。
2025-07-09 11:51:21,558 - INFO -   - 功效列表: 3 条
2025-07-09 11:51:21,558 - INFO -   - 临床应用: 3 条
2025-07-09 11:51:21,558 - INFO -   - 处方用名: 生龙骨、花龙骨（生用，主要用以安神、平肝）、龙骨（用，用以收涩）
2025-07-09 11:51:21,558 - INFO -   - 用法用量: 五钱至一两，生用者须先煎。
2025-07-09 11:51:21,558 - INFO -   - 按语: 2 条
2025-07-09 11:51:21,558 - INFO -   - 方剂举例: 1 条
2025-07-09 11:51:21,558 - INFO -   - 文献摘录: 0 条
2025-07-09 11:51:21,558 - INFO -   - 附药: 1 条
2025-07-09 11:51:21,558 - INFO -   - 图片: 0 张
2025-07-09 11:51:21,558 - INFO - 成功添加药材: 龙骨（附：龙齿）
2025-07-09 11:51:23,564 - INFO - 正在处理 [351/464] 牡蛎 (重镇安神药)
2025-07-09 11:51:23,564 - INFO - 正在解析药材详情: 牡蛎, URL: https://www.zysj.com.cn/lilunshuji/zhongyaoxue/1796.html
2025-07-09 11:51:25,950 - INFO - 成功解析药材: 牡蛎 (重镇安神药)
2025-07-09 11:51:25,950 - INFO -   - 拼音: 
2025-07-09 11:51:25,950 - INFO -   - 药用部位: 本品为牡蛎科动物长牡蛎及同属动物的贝壳。
2025-07-09 11:51:25,950 - INFO -   - 性味归经: 咸、涩，微寒。入肝、胆、肾经。
2025-07-09 11:51:25,950 - INFO -   - 药性: 微寒
2025-07-09 11:51:25,950 - INFO -   - 药味: 咸、涩
2025-07-09 11:51:25,950 - INFO -   - 归经: 肝经, 胆经, 肾经
2025-07-09 11:51:25,950 - INFO -   - 功效: 重镇安神，平肝潜阳，收敛固涩，软坚散结，制酸止痛。
2025-07-09 11:51:25,950 - INFO -   - 功效列表: 5 条
2025-07-09 11:51:25,950 - INFO -   - 临床应用: 5 条
2025-07-09 11:51:25,950 - INFO -   - 处方用名: 生牡蛎（生用，用以安神、平肝）、牡蛎（用，用以收涩、软坚、制酸）
2025-07-09 11:51:25,950 - INFO -   - 用法用量: 五钱至一两，生用宜先煎。
2025-07-09 11:51:25,951 - INFO -   - 按语: 1 条
2025-07-09 11:51:25,951 - INFO -   - 方剂举例: 1 条
2025-07-09 11:51:25,951 - INFO -   - 文献摘录: 0 条
2025-07-09 11:51:25,951 - INFO -   - 附药: 0 条
2025-07-09 11:51:25,951 - INFO -   - 图片: 0 张
2025-07-09 11:51:25,951 - INFO - 成功添加药材: 牡蛎
2025-07-09 11:51:25,967 - INFO - 数据已保存到 zysj_herbal_data.json，当前共 350 条记录
2025-07-09 11:51:27,970 - INFO - 正在处理 [352/464] 琥珀 (重镇安神药)
2025-07-09 11:51:27,970 - INFO - 正在解析药材详情: 琥珀, URL: https://www.zysj.com.cn/lilunshuji/zhongyaoxue/1797.html
2025-07-09 11:51:30,376 - INFO - 成功解析药材: 琥珀 (重镇安神药)
2025-07-09 11:51:30,377 - INFO -   - 拼音: 
2025-07-09 11:51:30,377 - INFO -   - 药用部位: 本品为古代松树、枫树等渗出的树脂，埋于地层下，经久而成的化石...
2025-07-09 11:51:30,377 - INFO -   - 性味归经: 甘，平。入心、肝、膀胱经。
2025-07-09 11:51:30,377 - INFO -   - 药性: 平
2025-07-09 11:51:30,377 - INFO -   - 药味: 甘
2025-07-09 11:51:30,377 - INFO -   - 归经: 心经, 肝经, 膀胱经
2025-07-09 11:51:30,377 - INFO -   - 功效: 镇惊安神，利水通淋，活血化瘀。
2025-07-09 11:51:30,377 - INFO -   - 功效列表: 3 条
2025-07-09 11:51:30,377 - INFO -   - 临床应用: 3 条
2025-07-09 11:51:30,377 - INFO -   - 处方用名: 血珀、琥珀、琥珀屑。
2025-07-09 11:51:30,377 - INFO -   - 用法用量: 三分至五分，研粉，冲服。不入煎剂。
2025-07-09 11:51:30,377 - INFO -   - 按语: 0 条
2025-07-09 11:51:30,377 - INFO -   - 方剂举例: 1 条
2025-07-09 11:51:30,377 - INFO -   - 文献摘录: 0 条
2025-07-09 11:51:30,377 - INFO -   - 附药: 0 条
2025-07-09 11:51:30,377 - INFO -   - 图片: 0 张
2025-07-09 11:51:30,377 - INFO - 成功添加药材: 琥珀
2025-07-09 11:51:32,384 - INFO - 正在处理 [353/464] 珍珠（附：珍珠母） (重镇安神药)
2025-07-09 11:51:32,384 - INFO - 正在解析药材详情: 珍珠（附：珍珠母）, URL: https://www.zysj.com.cn/lilunshuji/zhongyaoxue/1798.html
2025-07-09 11:51:34,796 - INFO - 成功解析药材: 珍珠（附：珍珠母） (重镇安神药)
2025-07-09 11:51:34,796 - INFO -   - 拼音: 
2025-07-09 11:51:34,797 - INFO -   - 药用部位: 本品为软件动物真珠贝科及蚌科多种贝所分泌的真珠质包围异物并日...
2025-07-09 11:51:34,797 - INFO -   - 性味归经: 甘、咸，寒。入肝、心经。
2025-07-09 11:51:34,797 - INFO -   - 药性: 寒
2025-07-09 11:51:34,797 - INFO -   - 药味: 甘、咸
2025-07-09 11:51:34,797 - INFO -   - 归经: 肝经, 心经
2025-07-09 11:51:34,797 - INFO -   - 功效: 镇心定惊，清肝除翳，清热解毒，收敛生肌。
2025-07-09 11:51:34,797 - INFO -   - 功效列表: 4 条
2025-07-09 11:51:34,797 - INFO -   - 临床应用: 3 条
2025-07-09 11:51:34,797 - INFO -   - 处方用名: 真珠、珍珠、濂珠（研粉用）
2025-07-09 11:51:34,797 - INFO -   - 用法用量: 一分至三分，研末吞服。不入煎剂。外用适量。
2025-07-09 11:51:34,797 - INFO -   - 按语: 0 条
2025-07-09 11:51:34,797 - INFO -   - 方剂举例: 1 条
2025-07-09 11:51:34,797 - INFO -   - 文献摘录: 0 条
2025-07-09 11:51:34,797 - INFO -   - 附药: 1 条
2025-07-09 11:51:34,797 - INFO -   - 图片: 0 张
2025-07-09 11:51:34,797 - INFO - 成功添加药材: 珍珠（附：珍珠母）
2025-07-09 11:51:36,803 - INFO - 正在处理 [354/464] 酸枣仁 (养心安神药)
2025-07-09 11:51:36,803 - INFO - 正在解析药材详情: 酸枣仁, URL: https://www.zysj.com.cn/lilunshuji/zhongyaoxue/1800.html
2025-07-09 11:51:39,197 - INFO - 成功解析药材: 酸枣仁 (养心安神药)
2025-07-09 11:51:39,197 - INFO -   - 拼音: 
2025-07-09 11:51:39,197 - INFO -   - 药用部位: 本品为鼠李科植物酸枣的成熟种子。
2025-07-09 11:51:39,197 - INFO -   - 性味归经: 甘、酸，平。入心、脾、肝、胆经。
2025-07-09 11:51:39,197 - INFO -   - 药性: 平
2025-07-09 11:51:39,197 - INFO -   - 药味: 甘、酸
2025-07-09 11:51:39,197 - INFO -   - 归经: 心经, 脾经, 肝经, 胆经
2025-07-09 11:51:39,197 - INFO -   - 功效: 养心安神，益阴敛汗。
2025-07-09 11:51:39,197 - INFO -   - 功效列表: 2 条
2025-07-09 11:51:39,197 - INFO -   - 临床应用: 2 条
2025-07-09 11:51:39,197 - INFO -   - 处方用名: 炒枣仁（炒微焦用用时打碎）、生枣仁（生用，用时打碎）
2025-07-09 11:51:39,197 - INFO -   - 用法用量: 三钱至五钱，煎服。近来临床取枣仁研末或研末后制成丸剂，每次吞服五分。如果用治失眠，可以在临睡前吞服。
2025-07-09 11:51:39,197 - INFO -   - 按语: 2 条
2025-07-09 11:51:39,197 - INFO -   - 方剂举例: 1 条
2025-07-09 11:51:39,197 - INFO -   - 文献摘录: 0 条
2025-07-09 11:51:39,198 - INFO -   - 附药: 0 条
2025-07-09 11:51:39,198 - INFO -   - 图片: 0 张
2025-07-09 11:51:39,198 - INFO - 成功添加药材: 酸枣仁
2025-07-09 11:51:41,202 - INFO - 正在处理 [355/464] 柏子仁 (养心安神药)
2025-07-09 11:51:41,202 - INFO - 正在解析药材详情: 柏子仁, URL: https://www.zysj.com.cn/lilunshuji/zhongyaoxue/1801.html
2025-07-09 11:51:43,754 - INFO - 成功解析药材: 柏子仁 (养心安神药)
2025-07-09 11:51:43,754 - INFO -   - 拼音: 
2025-07-09 11:51:43,755 - INFO -   - 药用部位: 本品为柏科植物侧柏的种仁。
2025-07-09 11:51:43,755 - INFO -   - 性味归经: 甘、辛，平。入心、肝、肾经。
2025-07-09 11:51:43,755 - INFO -   - 药性: 平
2025-07-09 11:51:43,755 - INFO -   - 药味: 甘、辛
2025-07-09 11:51:43,755 - INFO -   - 归经: 心经, 肝经, 肾经
2025-07-09 11:51:43,755 - INFO -   - 功效: 养心安神，润肠通便。
2025-07-09 11:51:43,755 - INFO -   - 功效列表: 2 条
2025-07-09 11:51:43,755 - INFO -   - 临床应用: 2 条
2025-07-09 11:51:43,755 - INFO -   - 处方用名: 柏子仁（用时打碎）
2025-07-09 11:51:43,755 - INFO -   - 用法用量: 三钱至五钱，煎服。
2025-07-09 11:51:43,755 - INFO -   - 按语: 0 条
2025-07-09 11:51:43,755 - INFO -   - 方剂举例: 1 条
2025-07-09 11:51:43,755 - INFO -   - 文献摘录: 0 条
2025-07-09 11:51:43,755 - INFO -   - 附药: 0 条
2025-07-09 11:51:43,755 - INFO -   - 图片: 0 张
2025-07-09 11:51:43,755 - INFO - 成功添加药材: 柏子仁
2025-07-09 11:51:45,769 - INFO - 正在处理 [356/464] 远志 (养心安神药)
2025-07-09 11:51:45,769 - INFO - 正在解析药材详情: 远志, URL: https://www.zysj.com.cn/lilunshuji/zhongyaoxue/1802.html
2025-07-09 11:51:48,168 - INFO - 成功解析药材: 远志 (养心安神药)
2025-07-09 11:51:48,169 - INFO -   - 拼音: 
2025-07-09 11:51:48,169 - INFO -   - 药用部位: 本品为远志科植物远志的根皮。
2025-07-09 11:51:48,169 - INFO -   - 性味归经: 苦、辛，温、入肺、心、肾经。
2025-07-09 11:51:48,169 - INFO -   - 药性: 温、入肺、心、肾经
2025-07-09 11:51:48,169 - INFO -   - 药味: 苦、辛
2025-07-09 11:51:48,169 - INFO -   - 归经: 肺经, 心经, 肾经
2025-07-09 11:51:48,169 - INFO -   - 功效: 安神，袪痰，消痈。
2025-07-09 11:51:48,169 - INFO -   - 功效列表: 3 条
2025-07-09 11:51:48,169 - INFO -   - 临床应用: 2 条
2025-07-09 11:51:48,169 - INFO -   - 处方用名: 炙远志、远志肉、远志筒（用甘草汤浸泡，微火煮至汤吸尽，趁热抽去木心，再用麸皮炒黄应用。）
2025-07-09 11:51:48,169 - INFO -   - 用法用量: 一钱至一钱五分煎服。外用适量。
2025-07-09 11:51:48,169 - INFO -   - 按语: 0 条
2025-07-09 11:51:48,169 - INFO -   - 方剂举例: 1 条
2025-07-09 11:51:48,169 - INFO -   - 文献摘录: 0 条
2025-07-09 11:51:48,169 - INFO -   - 附药: 0 条
2025-07-09 11:51:48,169 - INFO -   - 图片: 0 张
2025-07-09 11:51:48,169 - INFO - 成功添加药材: 远志
2025-07-09 11:51:48,184 - INFO - 数据已保存到 zysj_herbal_data.json，当前共 355 条记录
2025-07-09 11:51:50,187 - INFO - 正在处理 [357/464] 夜交藤 (养心安神药)
2025-07-09 11:51:50,187 - INFO - 正在解析药材详情: 夜交藤, URL: https://www.zysj.com.cn/lilunshuji/zhongyaoxue/1803.html
2025-07-09 11:51:52,667 - INFO - 成功解析药材: 夜交藤 (养心安神药)
2025-07-09 11:51:52,667 - INFO -   - 拼音: 
2025-07-09 11:51:52,667 - INFO -   - 药用部位: 本品为蓼科植物何首乌的茎藤。
2025-07-09 11:51:52,667 - INFO -   - 性味归经: 甘，平。入心、肝经。
2025-07-09 11:51:52,668 - INFO -   - 药性: 平
2025-07-09 11:51:52,668 - INFO -   - 药味: 甘
2025-07-09 11:51:52,668 - INFO -   - 归经: 心经, 肝经
2025-07-09 11:51:52,668 - INFO -   - 功效: 养心安神，养血通络，止痒。
2025-07-09 11:51:52,668 - INFO -   - 功效列表: 3 条
2025-07-09 11:51:52,668 - INFO -   - 临床应用: 3 条
2025-07-09 11:51:52,668 - INFO -   - 处方用名: 夜交藤、首乌藤（洗净，晒干，切碎用）
2025-07-09 11:51:52,668 - INFO -   - 用法用量: 五钱至一两，煎服。外用适量。
2025-07-09 11:51:52,668 - INFO -   - 按语: 0 条
2025-07-09 11:51:52,668 - INFO -   - 方剂举例: 0 条
2025-07-09 11:51:52,669 - INFO -   - 文献摘录: 0 条
2025-07-09 11:51:52,669 - INFO -   - 附药: 0 条
2025-07-09 11:51:52,669 - INFO -   - 图片: 0 张
2025-07-09 11:51:52,669 - INFO - 成功添加药材: 夜交藤
2025-07-09 11:51:54,671 - INFO - 正在处理 [358/464] 合欢皮（附：合欢花） (养心安神药)
2025-07-09 11:51:54,671 - INFO - 正在解析药材详情: 合欢皮（附：合欢花）, URL: https://www.zysj.com.cn/lilunshuji/zhongyaoxue/1804.html
2025-07-09 11:51:57,057 - INFO - 成功解析药材: 合欢皮（附：合欢花） (养心安神药)
2025-07-09 11:51:57,057 - INFO -   - 拼音: 
2025-07-09 11:51:57,057 - INFO -   - 药用部位: 本品为豆科植物合欢的树皮。
2025-07-09 11:51:57,057 - INFO -   - 性味归经: 甘，平。入心、脾、肺经。
2025-07-09 11:51:57,057 - INFO -   - 药性: 平
2025-07-09 11:51:57,057 - INFO -   - 药味: 甘
2025-07-09 11:51:57,057 - INFO -   - 归经: 心经, 脾经, 肺经
2025-07-09 11:51:57,057 - INFO -   - 功效: 安神，活血，消痈肿。
2025-07-09 11:51:57,057 - INFO -   - 功效列表: 3 条
2025-07-09 11:51:57,058 - INFO -   - 临床应用: 3 条
2025-07-09 11:51:57,058 - INFO -   - 处方用名: 合欢皮（洗净，晒干，切片用）
2025-07-09 11:51:57,058 - INFO -   - 用法用量: 三钱至五钱，煎服。外用适量。
2025-07-09 11:51:57,058 - INFO -   - 按语: 0 条
2025-07-09 11:51:57,058 - INFO -   - 方剂举例: 0 条
2025-07-09 11:51:57,058 - INFO -   - 文献摘录: 0 条
2025-07-09 11:51:57,058 - INFO -   - 附药: 1 条
2025-07-09 11:51:57,058 - INFO -   - 图片: 0 张
2025-07-09 11:51:57,058 - INFO - 成功添加药材: 合欢皮（附：合欢花）
2025-07-09 11:51:59,066 - INFO - 正在处理 [359/464] 小麦 (养心安神药)
2025-07-09 11:51:59,066 - INFO - 正在解析药材详情: 小麦, URL: https://www.zysj.com.cn/lilunshuji/zhongyaoxue/1805.html
2025-07-09 11:52:01,437 - INFO - 成功解析药材: 小麦 (养心安神药)
2025-07-09 11:52:01,437 - INFO -   - 拼音: 
2025-07-09 11:52:01,437 - INFO -   - 药用部位: 本品为禾本科植物小麦的果实。
2025-07-09 11:52:01,437 - INFO -   - 性味归经: 甘，平。入心经。
2025-07-09 11:52:01,437 - INFO -   - 药性: 平
2025-07-09 11:52:01,437 - INFO -   - 药味: 甘
2025-07-09 11:52:01,437 - INFO -   - 归经: 心经
2025-07-09 11:52:01,437 - INFO -   - 功效: 养心安神。
2025-07-09 11:52:01,437 - INFO -   - 功效列表: 1 条
2025-07-09 11:52:01,437 - INFO -   - 临床应用: 2 条
2025-07-09 11:52:01,437 - INFO -   - 处方用名: 小麦、淮小麦（晒干用）
2025-07-09 11:52:01,437 - INFO -   - 用法用量: 五钱至一两，煎服。
2025-07-09 11:52:01,437 - INFO -   - 按语: 0 条
2025-07-09 11:52:01,437 - INFO -   - 方剂举例: 1 条
2025-07-09 11:52:01,437 - INFO -   - 文献摘录: 0 条
2025-07-09 11:52:01,437 - INFO -   - 附药: 0 条
2025-07-09 11:52:01,437 - INFO -   - 图片: 0 张
2025-07-09 11:52:01,437 - INFO - 成功添加药材: 小麦
2025-07-09 11:52:03,446 - INFO - 正在处理 [360/464] 秫米 (养心安神药)
2025-07-09 11:52:03,446 - INFO - 正在解析药材详情: 秫米, URL: https://www.zysj.com.cn/lilunshuji/zhongyaoxue/1806.html
2025-07-09 11:52:05,804 - INFO - 成功解析药材: 秫米 (养心安神药)
2025-07-09 11:52:05,804 - INFO -   - 拼音: 
2025-07-09 11:52:05,805 - INFO -   - 药用部位: 本品为禾植物粟的干燥种子。
2025-07-09 11:52:05,805 - INFO -   - 性味归经: 甘，微寒。入肺、大肠经。
2025-07-09 11:52:05,805 - INFO -   - 药性: 微寒
2025-07-09 11:52:05,805 - INFO -   - 药味: 甘
2025-07-09 11:52:05,805 - INFO -   - 归经: 肺经, 大肠经
2025-07-09 11:52:05,805 - INFO -   - 功效: 和胃安眠。
2025-07-09 11:52:05,805 - INFO -   - 功效列表: 1 条
2025-07-09 11:52:05,805 - INFO -   - 临床应用: 2 条
2025-07-09 11:52:05,805 - INFO -   - 处方用名: 北秫米（晒干用）
2025-07-09 11:52:05,805 - INFO -   - 用法用量: 三钱至五钱，煎服。包煎。
2025-07-09 11:52:05,805 - INFO -   - 按语: 0 条
2025-07-09 11:52:05,805 - INFO -   - 方剂举例: 1 条
2025-07-09 11:52:05,805 - INFO -   - 文献摘录: 0 条
2025-07-09 11:52:05,805 - INFO -   - 附药: 0 条
2025-07-09 11:52:05,805 - INFO -   - 图片: 0 张
2025-07-09 11:52:05,805 - INFO - 成功添加药材: 秫米
2025-07-09 11:52:07,813 - INFO - 正在处理 [361/464] 党参（附:明党参） (补气药)
2025-07-09 11:52:07,813 - INFO - 正在解析药材详情: 党参（附:明党参）, URL: https://www.zysj.com.cn/lilunshuji/zhongyaoxue/1812.html
2025-07-09 11:52:10,174 - INFO - 成功解析药材: 党参（附:明党参） (补气药)
2025-07-09 11:52:10,174 - INFO -   - 拼音: 
2025-07-09 11:52:10,174 - INFO -   - 药用部位: 
2025-07-09 11:52:10,175 - INFO -   - 性味归经: 甘，平。入脾、肺经。
2025-07-09 11:52:10,175 - INFO -   - 药性: 平
2025-07-09 11:52:10,175 - INFO -   - 药味: 甘
2025-07-09 11:52:10,175 - INFO -   - 归经: 脾经, 肺经
2025-07-09 11:52:10,175 - INFO -   - 功效: 补中益气。
2025-07-09 11:52:10,175 - INFO -   - 功效列表: 1 条
2025-07-09 11:52:10,175 - INFO -   - 临床应用: 2 条
2025-07-09 11:52:10,175 - INFO -   - 处方用名: 党参、潞党参、台党参（洗净，晒干，切片用。）、炒党参（麸皮拌炒至微黄色，药性和润，健脾力佳。）
2025-07-09 11:52:10,175 - INFO -   - 用法用量: 三钱至五钱，煎服。焙干，研末吞服，每次三分至五分。
2025-07-09 11:52:10,175 - INFO -   - 按语: 2 条
2025-07-09 11:52:10,175 - INFO -   - 方剂举例: 1 条
2025-07-09 11:52:10,175 - INFO -   - 文献摘录: 2 条
2025-07-09 11:52:10,175 - INFO -   - 附药: 1 条
2025-07-09 11:52:10,175 - INFO -   - 图片: 0 张
2025-07-09 11:52:10,175 - INFO - 成功添加药材: 党参（附:明党参）
2025-07-09 11:52:10,189 - INFO - 数据已保存到 zysj_herbal_data.json，当前共 360 条记录
2025-07-09 11:52:12,195 - INFO - 正在处理 [362/464] 孩儿参 (补气药)
2025-07-09 11:52:12,195 - INFO - 正在解析药材详情: 孩儿参, URL: https://www.zysj.com.cn/lilunshuji/zhongyaoxue/1813.html
2025-07-09 11:52:14,592 - INFO - 成功解析药材: 孩儿参 (补气药)
2025-07-09 11:52:14,592 - INFO -   - 拼音: 
2025-07-09 11:52:14,592 - INFO -   - 药用部位: 
2025-07-09 11:52:14,592 - INFO -   - 性味归经: 甘、微苦，平。入脾、肺经。
2025-07-09 11:52:14,592 - INFO -   - 药性: 平
2025-07-09 11:52:14,592 - INFO -   - 药味: 甘、微苦
2025-07-09 11:52:14,592 - INFO -   - 归经: 脾经, 肺经
2025-07-09 11:52:14,592 - INFO -   - 功效: 补气养胃。
2025-07-09 11:52:14,592 - INFO -   - 功效列表: 1 条
2025-07-09 11:52:14,592 - INFO -   - 临床应用: 2 条
2025-07-09 11:52:14,592 - INFO -   - 处方用名: 孩儿参、太子参（洗净，晒干用。）
2025-07-09 11:52:14,592 - INFO -   - 用法用量: 二钱至五钱，煎服。
2025-07-09 11:52:14,592 - INFO -   - 按语: 2 条
2025-07-09 11:52:14,592 - INFO -   - 方剂举例: 0 条
2025-07-09 11:52:14,592 - INFO -   - 文献摘录: 0 条
2025-07-09 11:52:14,592 - INFO -   - 附药: 0 条
2025-07-09 11:52:14,592 - INFO -   - 图片: 0 张
2025-07-09 11:52:14,592 - INFO - 成功添加药材: 孩儿参
2025-07-09 11:52:16,600 - INFO - 正在处理 [363/464] 黄耆 (补气药)
2025-07-09 11:52:16,600 - INFO - 正在解析药材详情: 黄耆, URL: https://www.zysj.com.cn/lilunshuji/zhongyaoxue/1814.html
2025-07-09 11:52:19,001 - INFO - 成功解析药材: 黄耆 (补气药)
2025-07-09 11:52:19,001 - INFO -   - 拼音: 
2025-07-09 11:52:19,001 - INFO -   - 药用部位: 
2025-07-09 11:52:19,001 - INFO -   - 性味归经: 甘，微温。入脾、肺经。
2025-07-09 11:52:19,001 - INFO -   - 药性: 微温
2025-07-09 11:52:19,001 - INFO -   - 药味: 甘
2025-07-09 11:52:19,001 - INFO -   - 归经: 脾经, 肺经
2025-07-09 11:52:19,001 - INFO -   - 功效: 补气升阳，固表止汗，托疮生肌，利水退肿。
2025-07-09 11:52:19,001 - INFO -   - 功效列表: 4 条
2025-07-09 11:52:19,001 - INFO -   - 临床应用: 4 条
2025-07-09 11:52:19,001 - INFO -   - 处方用名: 生黄耆、绵黄耆、北口耆（生用，多用于固表、托疮、利水、利痹等。）、炙黄耆（蜜炙用，用于补气健脾。）、清炙黄耆（用麸皮拌炒至微黄色，用于补气。）
2025-07-09 11:52:19,001 - INFO -   - 用法用量: 三钱至五钱，煎服。
2025-07-09 11:52:19,001 - INFO -   - 按语: 2 条
2025-07-09 11:52:19,001 - INFO -   - 方剂举例: 1 条
2025-07-09 11:52:19,001 - INFO -   - 文献摘录: 0 条
2025-07-09 11:52:19,001 - INFO -   - 附药: 0 条
2025-07-09 11:52:19,001 - INFO -   - 图片: 0 张
2025-07-09 11:52:19,001 - INFO - 成功添加药材: 黄耆
2025-07-09 11:52:21,001 - INFO - 正在处理 [364/464] 白朮 (补气药)
2025-07-09 11:52:21,001 - INFO - 正在解析药材详情: 白朮, URL: https://www.zysj.com.cn/lilunshuji/zhongyaoxue/1815.html
2025-07-09 11:52:23,392 - INFO - 成功解析药材: 白朮 (补气药)
2025-07-09 11:52:23,392 - INFO -   - 拼音: 
2025-07-09 11:52:23,392 - INFO -   - 药用部位: 
2025-07-09 11:52:23,392 - INFO -   - 性味归经: 苦、甘，温。入脾、胃经。
2025-07-09 11:52:23,392 - INFO -   - 药性: 温
2025-07-09 11:52:23,392 - INFO -   - 药味: 苦、甘
2025-07-09 11:52:23,392 - INFO -   - 归经: 脾经, 胃经
2025-07-09 11:52:23,392 - INFO -   - 功效: 补脾燥湿，利水，止汗。
2025-07-09 11:52:23,392 - INFO -   - 功效列表: 3 条
2025-07-09 11:52:23,392 - INFO -   - 临床应用: 3 条
2025-07-09 11:52:23,393 - INFO -   - 处方用名: 生白朮（生用，燥湿、利水作用较好）、炒白朮、焦白朮（用麸皮炒黄用，减少燥性，功偏补脾。）、制白朮（蒸熟用，燥性减弱，用于补脾益气。）
2025-07-09 11:52:23,393 - INFO -   - 用法用量: 一钱至三钱，煎服。
2025-07-09 11:52:23,393 - INFO -   - 按语: 2 条
2025-07-09 11:52:23,393 - INFO -   - 方剂举例: 1 条
2025-07-09 11:52:23,393 - INFO -   - 文献摘录: 4 条
2025-07-09 11:52:23,393 - INFO -   - 附药: 0 条
2025-07-09 11:52:23,393 - INFO -   - 图片: 0 张
2025-07-09 11:52:23,393 - INFO - 成功添加药材: 白朮
2025-07-09 11:52:25,402 - INFO - 正在处理 [365/464] 山药 (补气药)
2025-07-09 11:52:25,402 - INFO - 正在解析药材详情: 山药, URL: https://www.zysj.com.cn/lilunshuji/zhongyaoxue/1816.html
2025-07-09 11:52:27,793 - INFO - 成功解析药材: 山药 (补气药)
2025-07-09 11:52:27,793 - INFO -   - 拼音: 
2025-07-09 11:52:27,793 - INFO -   - 药用部位: 
2025-07-09 11:52:27,793 - INFO -   - 性味归经: 甘，平。入肺、脾经。
2025-07-09 11:52:27,793 - INFO -   - 药性: 平
2025-07-09 11:52:27,793 - INFO -   - 药味: 甘
2025-07-09 11:52:27,793 - INFO -   - 归经: 肺经, 脾经
2025-07-09 11:52:27,793 - INFO -   - 功效: 补脾胃，益肺肾。
2025-07-09 11:52:27,793 - INFO -   - 功效列表: 2 条
2025-07-09 11:52:27,793 - INFO -   - 临床应用: 2 条
2025-07-09 11:52:27,793 - INFO -   - 处方用名: 山药、怀山药、淮山药（除去外皮，洗净，晒干，打碎用。）
2025-07-09 11:52:27,793 - INFO -   - 用法用量: 三钱至一两，煎服。
2025-07-09 11:52:27,793 - INFO -   - 按语: 1 条
2025-07-09 11:52:27,793 - INFO -   - 方剂举例: 1 条
2025-07-09 11:52:27,793 - INFO -   - 文献摘录: 3 条
2025-07-09 11:52:27,793 - INFO -   - 附药: 0 条
2025-07-09 11:52:27,793 - INFO -   - 图片: 0 张
2025-07-09 11:52:27,793 - INFO - 成功添加药材: 山药
2025-07-09 11:52:29,797 - INFO - 正在处理 [366/464] 大枣 (补气药)
2025-07-09 11:52:29,797 - INFO - 正在解析药材详情: 大枣, URL: https://www.zysj.com.cn/lilunshuji/zhongyaoxue/1818.html
2025-07-09 11:52:32,189 - INFO - 成功解析药材: 大枣 (补气药)
2025-07-09 11:52:32,189 - INFO -   - 拼音: 
2025-07-09 11:52:32,189 - INFO -   - 药用部位: 
2025-07-09 11:52:32,189 - INFO -   - 性味归经: 甘，平。入脾经。
2025-07-09 11:52:32,189 - INFO -   - 药性: 平
2025-07-09 11:52:32,189 - INFO -   - 药味: 甘
2025-07-09 11:52:32,189 - INFO -   - 归经: 脾经
2025-07-09 11:52:32,189 - INFO -   - 功效: 补脾胃，养营安神，缓和药性。
2025-07-09 11:52:32,189 - INFO -   - 功效列表: 3 条
2025-07-09 11:52:32,189 - INFO -   - 临床应用: 2 条
2025-07-09 11:52:32,189 - INFO -   - 处方用名: 大枣、红枣、大红枣（劈开用。）
2025-07-09 11:52:32,189 - INFO -   - 用法用量: 三枚至十枚，煎服。
2025-07-09 11:52:32,189 - INFO -   - 按语: 2 条
2025-07-09 11:52:32,189 - INFO -   - 方剂举例: 0 条
2025-07-09 11:52:32,189 - INFO -   - 文献摘录: 3 条
2025-07-09 11:52:32,190 - INFO -   - 附药: 0 条
2025-07-09 11:52:32,190 - INFO -   - 图片: 0 张
2025-07-09 11:52:32,190 - INFO - 成功添加药材: 大枣
2025-07-09 11:52:32,205 - INFO - 数据已保存到 zysj_herbal_data.json，当前共 365 条记录
2025-07-09 11:52:34,213 - INFO - 正在处理 [367/464] 甘草 (补气药)
2025-07-09 11:52:34,213 - INFO - 正在解析药材详情: 甘草, URL: https://www.zysj.com.cn/lilunshuji/zhongyaoxue/1819.html
2025-07-09 11:52:36,590 - INFO - 成功解析药材: 甘草 (补气药)
2025-07-09 11:52:36,590 - INFO -   - 拼音: 
2025-07-09 11:52:36,590 - INFO -   - 药用部位: 
2025-07-09 11:52:36,590 - INFO -   - 性味归经: 甘，平。入十二经。
2025-07-09 11:52:36,590 - INFO -   - 药性: 平
2025-07-09 11:52:36,590 - INFO -   - 药味: 甘
2025-07-09 11:52:36,590 - INFO -   - 归经: 无
2025-07-09 11:52:36,590 - INFO -   - 功效: 补中益气，泻火解毒，润肺袪痰，缓和药性，缓急定痛。
2025-07-09 11:52:36,590 - INFO -   - 功效列表: 5 条
2025-07-09 11:52:36,590 - INFO -   - 临床应用: 4 条
2025-07-09 11:52:36,590 - INFO -   - 处方用名: 生甘草、生草、粉甘草（生用，多用于泻火解毒，缓急止痛。）、炙甘草、炙草（蜜炙用，多用于补中益气。）、清炙草（炒用。）
2025-07-09 11:52:36,590 - INFO -   - 用法用量: 五分至三钱，煎服。
2025-07-09 11:52:36,590 - INFO -   - 按语: 3 条
2025-07-09 11:52:36,590 - INFO -   - 方剂举例: 1 条
2025-07-09 11:52:36,590 - INFO -   - 文献摘录: 4 条
2025-07-09 11:52:36,590 - INFO -   - 附药: 0 条
2025-07-09 11:52:36,590 - INFO -   - 图片: 0 张
2025-07-09 11:52:36,590 - INFO - 成功添加药材: 甘草
2025-07-09 11:52:38,603 - INFO - 正在处理 [368/464] 饴糖 (补气药)
2025-07-09 11:52:38,603 - INFO - 正在解析药材详情: 饴糖, URL: https://www.zysj.com.cn/lilunshuji/zhongyaoxue/1820.html
2025-07-09 11:52:40,961 - INFO - 成功解析药材: 饴糖 (补气药)
2025-07-09 11:52:40,961 - INFO -   - 拼音: 
2025-07-09 11:52:40,961 - INFO -   - 药用部位: 本品为以糯米或粳米磨成粉，煮熟，加入麦芽，搅合均匀，微火煎熬...
2025-07-09 11:52:40,961 - INFO -   - 性味归经: 甘，微温。入脾、胃、肺经。
2025-07-09 11:52:40,961 - INFO -   - 药性: 微温
2025-07-09 11:52:40,961 - INFO -   - 药味: 甘
2025-07-09 11:52:40,961 - INFO -   - 归经: 脾经, 胃经, 肺经
2025-07-09 11:52:40,961 - INFO -   - 功效: 补中缓痛，润肺止咳。
2025-07-09 11:52:40,962 - INFO -   - 功效列表: 2 条
2025-07-09 11:52:40,962 - INFO -   - 临床应用: 2 条
2025-07-09 11:52:40,962 - INFO -   - 处方用名: 饴糖
2025-07-09 11:52:40,962 - INFO -   - 用法用量: 一两至二两，冲服。
2025-07-09 11:52:40,962 - INFO -   - 按语: 0 条
2025-07-09 11:52:40,962 - INFO -   - 方剂举例: 1 条
2025-07-09 11:52:40,962 - INFO -   - 文献摘录: 2 条
2025-07-09 11:52:40,962 - INFO -   - 附药: 0 条
2025-07-09 11:52:40,962 - INFO -   - 图片: 0 张
2025-07-09 11:52:40,962 - INFO - 成功添加药材: 饴糖
2025-07-09 11:52:42,978 - INFO - 正在处理 [369/464] 人胞（附：脐带） (补气药)
2025-07-09 11:52:42,978 - INFO - 正在解析药材详情: 人胞（附：脐带）, URL: https://www.zysj.com.cn/lilunshuji/zhongyaoxue/1821.html
2025-07-09 11:52:45,339 - INFO - 成功解析药材: 人胞（附：脐带） (补气药)
2025-07-09 11:52:45,339 - INFO -   - 拼音: 
2025-07-09 11:52:45,339 - INFO -   - 药用部位: 本品为人的胎盘。
2025-07-09 11:52:45,339 - INFO -   - 性味归经: 甘、咸，温。入心、肺、肾经。
2025-07-09 11:52:45,339 - INFO -   - 药性: 温
2025-07-09 11:52:45,339 - INFO -   - 药味: 甘、咸
2025-07-09 11:52:45,339 - INFO -   - 归经: 心经, 肺经, 肾经
2025-07-09 11:52:45,339 - INFO -   - 功效: 益气，补精血。
2025-07-09 11:52:45,339 - INFO -   - 功效列表: 2 条
2025-07-09 11:52:45,339 - INFO -   - 临床应用: 2 条
2025-07-09 11:52:45,339 - INFO -   - 处方用名: 紫河车、杜河车、人胞（焙干用。）
2025-07-09 11:52:45,339 - INFO -   - 用法用量: 五分至一钱，研粉吞服。或入丸、散、片剂服用。
2025-07-09 11:52:45,340 - INFO -   - 按语: 1 条
2025-07-09 11:52:45,340 - INFO -   - 方剂举例: 1 条
2025-07-09 11:52:45,340 - INFO -   - 文献摘录: 3 条
2025-07-09 11:52:45,340 - INFO -   - 附药: 1 条
2025-07-09 11:52:45,340 - INFO -   - 图片: 0 张
2025-07-09 11:52:45,340 - INFO - 成功添加药材: 人胞（附：脐带）
2025-07-09 11:52:47,345 - INFO - 正在处理 [370/464] 黄精 (补气药)
2025-07-09 11:52:47,345 - INFO - 正在解析药材详情: 黄精, URL: https://www.zysj.com.cn/lilunshuji/zhongyaoxue/1822.html
2025-07-09 11:52:49,708 - INFO - 成功解析药材: 黄精 (补气药)
2025-07-09 11:52:49,708 - INFO -   - 拼音: 
2025-07-09 11:52:49,708 - INFO -   - 药用部位: 
2025-07-09 11:52:49,708 - INFO -   - 性味归经: 甘，平。入脾、肺经。
2025-07-09 11:52:49,708 - INFO -   - 药性: 平
2025-07-09 11:52:49,708 - INFO -   - 药味: 甘
2025-07-09 11:52:49,708 - INFO -   - 归经: 脾经, 肺经
2025-07-09 11:52:49,708 - INFO -   - 功效: 补脾润肺。
2025-07-09 11:52:49,709 - INFO -   - 功效列表: 1 条
2025-07-09 11:52:49,709 - INFO -   - 临床应用: 3 条
2025-07-09 11:52:49,709 - INFO -   - 处方用名: 黄精、制黄精（蒸熟用。）
2025-07-09 11:52:49,709 - INFO -   - 用法用量: 三钱至五钱，煎服。
2025-07-09 11:52:49,709 - INFO -   - 按语: 0 条
2025-07-09 11:52:49,709 - INFO -   - 方剂举例: 0 条
2025-07-09 11:52:49,709 - INFO -   - 文献摘录: 2 条
2025-07-09 11:52:49,709 - INFO -   - 附药: 0 条
2025-07-09 11:52:49,709 - INFO -   - 图片: 0 张
2025-07-09 11:52:49,709 - INFO - 成功添加药材: 黄精
2025-07-09 11:52:51,710 - INFO - 正在处理 [371/464] 狼把草 (补气药)
2025-07-09 11:52:51,710 - INFO - 正在解析药材详情: 狼把草, URL: https://www.zysj.com.cn/lilunshuji/zhongyaoxue/1823.html
2025-07-09 11:52:54,107 - INFO - 成功解析药材: 狼把草 (补气药)
2025-07-09 11:52:54,107 - INFO -   - 拼音: 
2025-07-09 11:52:54,107 - INFO -   - 药用部位: 
2025-07-09 11:52:54,107 - INFO -   - 性味归经: 
2025-07-09 11:52:54,107 - INFO -   - 药性: 
2025-07-09 11:52:54,107 - INFO -   - 药味: 
2025-07-09 11:52:54,107 - INFO -   - 归经: 无
2025-07-09 11:52:54,107 - INFO -   - 功效: 补气，清热。
2025-07-09 11:52:54,107 - INFO -   - 功效列表: 2 条
2025-07-09 11:52:54,107 - INFO -   - 临床应用: 2 条
2025-07-09 11:52:54,107 - INFO -   - 处方用名: 狼把草、大狼把草（洗净，晒干，切碎用。）
2025-07-09 11:52:54,107 - INFO -   - 用法用量: 五钱至一两，煎服。
2025-07-09 11:52:54,107 - INFO -   - 按语: 0 条
2025-07-09 11:52:54,107 - INFO -   - 方剂举例: 0 条
2025-07-09 11:52:54,107 - INFO -   - 文献摘录: 0 条
2025-07-09 11:52:54,107 - INFO -   - 附药: 0 条
2025-07-09 11:52:54,108 - INFO -   - 图片: 0 张
2025-07-09 11:52:54,108 - INFO - 成功添加药材: 狼把草
2025-07-09 11:52:54,124 - INFO - 数据已保存到 zysj_herbal_data.json，当前共 370 条记录
2025-07-09 11:52:56,139 - INFO - 正在处理 [372/464] 金雀根（附：金雀花） (补气药)
2025-07-09 11:52:56,139 - INFO - 正在解析药材详情: 金雀根（附：金雀花）, URL: https://www.zysj.com.cn/lilunshuji/zhongyaoxue/1824.html
2025-07-09 11:52:58,524 - INFO - 成功解析药材: 金雀根（附：金雀花） (补气药)
2025-07-09 11:52:58,524 - INFO -   - 拼音: 
2025-07-09 11:52:58,524 - INFO -   - 药用部位: 
2025-07-09 11:52:58,524 - INFO -   - 性味归经: 
2025-07-09 11:52:58,524 - INFO -   - 药性: 
2025-07-09 11:52:58,524 - INFO -   - 药味: 
2025-07-09 11:52:58,524 - INFO -   - 归经: 无
2025-07-09 11:52:58,524 - INFO -   - 功效: 补气、利尿、活血、止痛。
2025-07-09 11:52:58,524 - INFO -   - 功效列表: 4 条
2025-07-09 11:52:58,524 - INFO -   - 临床应用: 2 条
2025-07-09 11:52:58,524 - INFO -   - 处方用名: 金雀根（洗净，晒干，切片用。）
2025-07-09 11:52:58,525 - INFO -   - 用法用量: 五钱至一两，煎服。
2025-07-09 11:52:58,525 - INFO -   - 按语: 0 条
2025-07-09 11:52:58,525 - INFO -   - 方剂举例: 0 条
2025-07-09 11:52:58,525 - INFO -   - 文献摘录: 0 条
2025-07-09 11:52:58,525 - INFO -   - 附药: 1 条
2025-07-09 11:52:58,525 - INFO -   - 图片: 0 张
2025-07-09 11:52:58,525 - INFO - 成功添加药材: 金雀根（附：金雀花）
2025-07-09 11:53:00,534 - INFO - 正在处理 [373/464] 鹿茸 (助阳药)
2025-07-09 11:53:00,535 - INFO - 正在解析药材详情: 鹿茸, URL: https://www.zysj.com.cn/lilunshuji/zhongyaoxue/1826.html
2025-07-09 11:53:02,912 - INFO - 成功解析药材: 鹿茸 (助阳药)
2025-07-09 11:53:02,912 - INFO -   - 拼音: 
2025-07-09 11:53:02,912 - INFO -   - 药用部位: 
2025-07-09 11:53:02,912 - INFO -   - 性味归经: 甘、咸，温。入肝.肾经。
2025-07-09 11:53:02,912 - INFO -   - 药性: 温
2025-07-09 11:53:02,912 - INFO -   - 药味: 甘、咸
2025-07-09 11:53:02,912 - INFO -   - 归经: 肝.肾经
2025-07-09 11:53:02,912 - INFO -   - 功效: 补督脉，助肾阳，生精髓，强筋骨。
2025-07-09 11:53:02,912 - INFO -   - 功效列表: 4 条
2025-07-09 11:53:02,913 - INFO -   - 临床应用: 2 条
2025-07-09 11:53:02,913 - INFO -   - 处方用名: 鹿茸血片（呈蜜蜡色，功效较佳，价较贵。）、鹿茸、鹿茸粉片（白色者称粉片，处方写鹿茸，药店付粉片，功效较血片稍弱，价较低。）
2025-07-09 11:53:02,913 - INFO -   - 用法用量: 每次一分至三分，研细吞服。或入丸、散剂。不入汤剂。
2025-07-09 11:53:02,913 - INFO -   - 按语: 2 条
2025-07-09 11:53:02,913 - INFO -   - 方剂举例: 1 条
2025-07-09 11:53:02,913 - INFO -   - 文献摘录: 2 条
2025-07-09 11:53:02,913 - INFO -   - 附药: 0 条
2025-07-09 11:53:02,913 - INFO -   - 图片: 0 张
2025-07-09 11:53:02,913 - INFO - 成功添加药材: 鹿茸
2025-07-09 11:53:04,924 - INFO - 正在处理 [374/464] 淫羊藿 (助阳药)
2025-07-09 11:53:04,924 - INFO - 正在解析药材详情: 淫羊藿, URL: https://www.zysj.com.cn/lilunshuji/zhongyaoxue/1828.html
2025-07-09 11:53:07,283 - INFO - 成功解析药材: 淫羊藿 (助阳药)
2025-07-09 11:53:07,283 - INFO -   - 拼音: 
2025-07-09 11:53:07,283 - INFO -   - 药用部位: 
2025-07-09 11:53:07,283 - INFO -   - 性味归经: 辛，温。入肝、肾经。
2025-07-09 11:53:07,283 - INFO -   - 药性: 温
2025-07-09 11:53:07,283 - INFO -   - 药味: 辛
2025-07-09 11:53:07,283 - INFO -   - 归经: 肝经, 肾经
2025-07-09 11:53:07,283 - INFO -   - 功效: 补肾助阳，袪风湿。
2025-07-09 11:53:07,283 - INFO -   - 功效列表: 2 条
2025-07-09 11:53:07,283 - INFO -   - 临床应用: 2 条
2025-07-09 11:53:07,283 - INFO -   - 处方用名: 仙灵脾、淫羊藿（洗净，晒干，切碎用。）
2025-07-09 11:53:07,284 - INFO -   - 用法用量: 三钱至五钱，煎服。
2025-07-09 11:53:07,284 - INFO -   - 按语: 1 条
2025-07-09 11:53:07,284 - INFO -   - 方剂举例: 1 条
2025-07-09 11:53:07,284 - INFO -   - 文献摘录: 3 条
2025-07-09 11:53:07,284 - INFO -   - 附药: 0 条
2025-07-09 11:53:07,284 - INFO -   - 图片: 0 张
2025-07-09 11:53:07,284 - INFO - 成功添加药材: 淫羊藿
2025-07-09 11:53:09,292 - INFO - 正在处理 [375/464] 仙茅 (助阳药)
2025-07-09 11:53:09,292 - INFO - 正在解析药材详情: 仙茅, URL: https://www.zysj.com.cn/lilunshuji/zhongyaoxue/1829.html
2025-07-09 11:53:11,685 - INFO - 成功解析药材: 仙茅 (助阳药)
2025-07-09 11:53:11,685 - INFO -   - 拼音: 
2025-07-09 11:53:11,685 - INFO -   - 药用部位: 
2025-07-09 11:53:11,685 - INFO -   - 性味归经: 辛，热。有小毒。入肾经。
2025-07-09 11:53:11,685 - INFO -   - 药性: 热
2025-07-09 11:53:11,685 - INFO -   - 药味: 辛
2025-07-09 11:53:11,685 - INFO -   - 归经: 肾经
2025-07-09 11:53:11,685 - INFO -   - 功效: 温肾壮阳，袪寒除湿。
2025-07-09 11:53:11,685 - INFO -   - 功效列表: 2 条
2025-07-09 11:53:11,685 - INFO -   - 临床应用: 2 条
2025-07-09 11:53:11,685 - INFO -   - 处方用名: 仙茅（洗净，晒干用。）
2025-07-09 11:53:11,685 - INFO -   - 用法用量: 一钱至三钱，煎服。
2025-07-09 11:53:11,685 - INFO -   - 按语: 0 条
2025-07-09 11:53:11,685 - INFO -   - 方剂举例: 1 条
2025-07-09 11:53:11,685 - INFO -   - 文献摘录: 2 条
2025-07-09 11:53:11,685 - INFO -   - 附药: 0 条
2025-07-09 11:53:11,685 - INFO -   - 图片: 0 张
2025-07-09 11:53:11,685 - INFO - 成功添加药材: 仙茅
2025-07-09 11:53:13,693 - INFO - 正在处理 [376/464] 巴戟天 (助阳药)
2025-07-09 11:53:13,694 - INFO - 正在解析药材详情: 巴戟天, URL: https://www.zysj.com.cn/lilunshuji/zhongyaoxue/1830.html
2025-07-09 11:53:16,095 - INFO - 成功解析药材: 巴戟天 (助阳药)
2025-07-09 11:53:16,095 - INFO -   - 拼音: 
2025-07-09 11:53:16,095 - INFO -   - 药用部位: 
2025-07-09 11:53:16,095 - INFO -   - 性味归经: 辛、甘，微温。入肾经。
2025-07-09 11:53:16,095 - INFO -   - 药性: 微温
2025-07-09 11:53:16,095 - INFO -   - 药味: 辛、甘
2025-07-09 11:53:16,096 - INFO -   - 归经: 肾经
2025-07-09 11:53:16,096 - INFO -   - 功效: 补肾助阳，散风袪寒湿。
2025-07-09 11:53:16,096 - INFO -   - 功效列表: 2 条
2025-07-09 11:53:16,096 - INFO -   - 临床应用: 2 条
2025-07-09 11:53:16,096 - INFO -   - 处方用名: 巴戟天、巴戟肉（洗净，晒干，切片用。）
2025-07-09 11:53:16,096 - INFO -   - 用法用量: 三钱至五钱，煎服。
2025-07-09 11:53:16,096 - INFO -   - 按语: 1 条
2025-07-09 11:53:16,096 - INFO -   - 方剂举例: 1 条
2025-07-09 11:53:16,096 - INFO -   - 文献摘录: 3 条
2025-07-09 11:53:16,096 - INFO -   - 附药: 0 条
2025-07-09 11:53:16,096 - INFO -   - 图片: 0 张
2025-07-09 11:53:16,096 - INFO - 成功添加药材: 巴戟天
2025-07-09 11:53:16,110 - INFO - 数据已保存到 zysj_herbal_data.json，当前共 375 条记录
2025-07-09 11:53:18,119 - INFO - 正在处理 [377/464] 补骨脂 (助阳药)
2025-07-09 11:53:18,119 - INFO - 正在解析药材详情: 补骨脂, URL: https://www.zysj.com.cn/lilunshuji/zhongyaoxue/1831.html
2025-07-09 11:53:20,576 - INFO - 成功解析药材: 补骨脂 (助阳药)
2025-07-09 11:53:20,576 - INFO -   - 拼音: 
2025-07-09 11:53:20,576 - INFO -   - 药用部位: 
2025-07-09 11:53:20,576 - INFO -   - 性味归经: 辛、苦，大温。入脾、肾经。
2025-07-09 11:53:20,576 - INFO -   - 药性: 大温
2025-07-09 11:53:20,576 - INFO -   - 药味: 辛、苦
2025-07-09 11:53:20,576 - INFO -   - 归经: 脾经, 肾经
2025-07-09 11:53:20,576 - INFO -   - 功效: 补肾助阳。
2025-07-09 11:53:20,576 - INFO -   - 功效列表: 1 条
2025-07-09 11:53:20,576 - INFO -   - 临床应用: 3 条
2025-07-09 11:53:20,577 - INFO -   - 处方用名: 补骨脂、破故纸（用盐水炒至微焦应用。）
2025-07-09 11:53:20,577 - INFO -   - 用法用量: 二钱至四钱，煎服。
2025-07-09 11:53:20,577 - INFO -   - 按语: 1 条
2025-07-09 11:53:20,577 - INFO -   - 方剂举例: 1 条
2025-07-09 11:53:20,577 - INFO -   - 文献摘录: 3 条
2025-07-09 11:53:20,577 - INFO -   - 附药: 0 条
2025-07-09 11:53:20,577 - INFO -   - 图片: 0 张
2025-07-09 11:53:20,577 - INFO - 成功添加药材: 补骨脂
2025-07-09 11:53:22,587 - INFO - 正在处理 [378/464] 胡桃肉（附：胡桃夹） (助阳药)
2025-07-09 11:53:22,587 - INFO - 正在解析药材详情: 胡桃肉（附：胡桃夹）, URL: https://www.zysj.com.cn/lilunshuji/zhongyaoxue/1832.html
2025-07-09 11:53:25,011 - INFO - 成功解析药材: 胡桃肉（附：胡桃夹） (助阳药)
2025-07-09 11:53:25,012 - INFO -   - 拼音: 
2025-07-09 11:53:25,012 - INFO -   - 药用部位: 
2025-07-09 11:53:25,012 - INFO -   - 性味归经: 甘，温。入肺、肾经。
2025-07-09 11:53:25,012 - INFO -   - 药性: 温
2025-07-09 11:53:25,012 - INFO -   - 药味: 甘
2025-07-09 11:53:25,012 - INFO -   - 归经: 肺经, 肾经
2025-07-09 11:53:25,012 - INFO -   - 功效: 补肾强腰膝，敛肺定喘，润肠通便。
2025-07-09 11:53:25,012 - INFO -   - 功效列表: 3 条
2025-07-09 11:53:25,012 - INFO -   - 临床应用: 3 条
2025-07-09 11:53:25,012 - INFO -   - 处方用名: 胡桃、胡桃肉（打碎、去壳用。）
2025-07-09 11:53:25,012 - INFO -   - 用法用量: 三钱至一两，研碎，用开水冲调服；或入丸、散，吞服。
2025-07-09 11:53:25,012 - INFO -   - 按语: 1 条
2025-07-09 11:53:25,012 - INFO -   - 方剂举例: 1 条
2025-07-09 11:53:25,012 - INFO -   - 文献摘录: 2 条
2025-07-09 11:53:25,012 - INFO -   - 附药: 1 条
2025-07-09 11:53:25,012 - INFO -   - 图片: 0 张
2025-07-09 11:53:25,012 - INFO - 成功添加药材: 胡桃肉（附：胡桃夹）
2025-07-09 11:53:27,025 - INFO - 正在处理 [379/464] 肉苁蓉 (助阳药)
2025-07-09 11:53:27,025 - INFO - 正在解析药材详情: 肉苁蓉, URL: https://www.zysj.com.cn/lilunshuji/zhongyaoxue/1833.html
2025-07-09 11:53:29,391 - INFO - 成功解析药材: 肉苁蓉 (助阳药)
2025-07-09 11:53:29,391 - INFO -   - 拼音: 
2025-07-09 11:53:29,391 - INFO -   - 药用部位: 
2025-07-09 11:53:29,392 - INFO -   - 性味归经: 甘、咸，温。入肾、大肠经。
2025-07-09 11:53:29,392 - INFO -   - 药性: 温
2025-07-09 11:53:29,392 - INFO -   - 药味: 甘、咸
2025-07-09 11:53:29,392 - INFO -   - 归经: 肾经, 大肠经
2025-07-09 11:53:29,392 - INFO -   - 功效: 补肾助阳，润肠通便。
2025-07-09 11:53:29,392 - INFO -   - 功效列表: 2 条
2025-07-09 11:53:29,392 - INFO -   - 临床应用: 2 条
2025-07-09 11:53:29,392 - INFO -   - 处方用名: 甜苁蓉、甜大云、肉苁蓉（切片用。）
2025-07-09 11:53:29,392 - INFO -   - 用法用量: 三钱至五钱，煎服。
2025-07-09 11:53:29,392 - INFO -   - 按语: 2 条
2025-07-09 11:53:29,392 - INFO -   - 方剂举例: 1 条
2025-07-09 11:53:29,392 - INFO -   - 文献摘录: 3 条
2025-07-09 11:53:29,392 - INFO -   - 附药: 0 条
2025-07-09 11:53:29,392 - INFO -   - 图片: 0 张
2025-07-09 11:53:29,392 - INFO - 成功添加药材: 肉苁蓉
2025-07-09 11:53:31,405 - INFO - 正在处理 [380/464] 益智仁 (助阳药)
2025-07-09 11:53:31,406 - INFO - 正在解析药材详情: 益智仁, URL: https://www.zysj.com.cn/lilunshuji/zhongyaoxue/1834.html
2025-07-09 11:53:33,802 - INFO - 成功解析药材: 益智仁 (助阳药)
2025-07-09 11:53:33,803 - INFO -   - 拼音: 
2025-07-09 11:53:33,803 - INFO -   - 药用部位: 
2025-07-09 11:53:33,803 - INFO -   - 性味归经: 辛，温。入脾、肾经。
2025-07-09 11:53:33,803 - INFO -   - 药性: 温
2025-07-09 11:53:33,803 - INFO -   - 药味: 辛
2025-07-09 11:53:33,803 - INFO -   - 归经: 脾经, 肾经
2025-07-09 11:53:33,803 - INFO -   - 功效: 补肾固精，缩尿，温脾止泻，摄涎唾。
2025-07-09 11:53:33,803 - INFO -   - 功效列表: 4 条
2025-07-09 11:53:33,803 - INFO -   - 临床应用: 2 条
2025-07-09 11:53:33,803 - INFO -   - 处方用名: 益智仁、煨益智仁（炒用）。
2025-07-09 11:53:33,803 - INFO -   - 用法用量: 一钱至三钱，煎服。
2025-07-09 11:53:33,803 - INFO -   - 按语: 3 条
2025-07-09 11:53:33,803 - INFO -   - 方剂举例: 1 条
2025-07-09 11:53:33,803 - INFO -   - 文献摘录: 3 条
2025-07-09 11:53:33,803 - INFO -   - 附药: 0 条
2025-07-09 11:53:33,803 - INFO -   - 图片: 0 张
2025-07-09 11:53:33,803 - INFO - 成功添加药材: 益智仁
2025-07-09 11:53:35,804 - INFO - 正在处理 [381/464] 沙苑蒺藜 (助阳药)
2025-07-09 11:53:35,805 - INFO - 正在解析药材详情: 沙苑蒺藜, URL: https://www.zysj.com.cn/lilunshuji/zhongyaoxue/1835.html
2025-07-09 11:53:38,209 - INFO - 成功解析药材: 沙苑蒺藜 (助阳药)
2025-07-09 11:53:38,209 - INFO -   - 拼音: 
2025-07-09 11:53:38,209 - INFO -   - 药用部位: 
2025-07-09 11:53:38,209 - INFO -   - 性味归经: 甘，温。入肝、肾经。
2025-07-09 11:53:38,209 - INFO -   - 药性: 温
2025-07-09 11:53:38,209 - INFO -   - 药味: 甘
2025-07-09 11:53:38,209 - INFO -   - 归经: 肝经, 肾经
2025-07-09 11:53:38,209 - INFO -   - 功效: 补肾固精，养肝明目。
2025-07-09 11:53:38,209 - INFO -   - 功效列表: 2 条
2025-07-09 11:53:38,209 - INFO -   - 临床应用: 2 条
2025-07-09 11:53:38,209 - INFO -   - 处方用名: 沙苑蒺藜、沙苑子、潼蒺藜、潼沙苑（晒干用）。
2025-07-09 11:53:38,209 - INFO -   - 用法用量: 三钱至五钱，煎服。
2025-07-09 11:53:38,209 - INFO -   - 按语: 2 条
2025-07-09 11:53:38,209 - INFO -   - 方剂举例: 1 条
2025-07-09 11:53:38,209 - INFO -   - 文献摘录: 3 条
2025-07-09 11:53:38,209 - INFO -   - 附药: 0 条
2025-07-09 11:53:38,209 - INFO -   - 图片: 0 张
2025-07-09 11:53:38,209 - INFO - 成功添加药材: 沙苑蒺藜
2025-07-09 11:53:38,224 - INFO - 数据已保存到 zysj_herbal_data.json，当前共 380 条记录
2025-07-09 11:53:40,234 - INFO - 正在处理 [382/464] 菟丝子 (助阳药)
2025-07-09 11:53:40,235 - INFO - 正在解析药材详情: 菟丝子, URL: https://www.zysj.com.cn/lilunshuji/zhongyaoxue/1836.html
2025-07-09 11:53:42,632 - INFO - 成功解析药材: 菟丝子 (助阳药)
2025-07-09 11:53:42,632 - INFO -   - 拼音: 
2025-07-09 11:53:42,632 - INFO -   - 药用部位: 
2025-07-09 11:53:42,632 - INFO -   - 性味归经: 辛、甘，平。入肝、肾经。
2025-07-09 11:53:42,632 - INFO -   - 药性: 平
2025-07-09 11:53:42,632 - INFO -   - 药味: 辛、甘
2025-07-09 11:53:42,632 - INFO -   - 归经: 肝经, 肾经
2025-07-09 11:53:42,632 - INFO -   - 功效: 补肾固精，养肝明目。
2025-07-09 11:53:42,632 - INFO -   - 功效列表: 2 条
2025-07-09 11:53:42,632 - INFO -   - 临床应用: 2 条
2025-07-09 11:53:42,632 - INFO -   - 处方用名: 菟丝子（晒干用）。菟丝饼（煮熟，做成块状）。
2025-07-09 11:53:42,632 - INFO -   - 用法用量: 三钱至五钱，煎服。
2025-07-09 11:53:42,632 - INFO -   - 按语: 2 条
2025-07-09 11:53:42,633 - INFO -   - 方剂举例: 0 条
2025-07-09 11:53:42,633 - INFO -   - 文献摘录: 4 条
2025-07-09 11:53:42,633 - INFO -   - 附药: 0 条
2025-07-09 11:53:42,633 - INFO -   - 图片: 0 张
2025-07-09 11:53:42,633 - INFO - 成功添加药材: 菟丝子
2025-07-09 11:53:44,642 - INFO - 正在处理 [383/464] 蛤蚧 (助阳药)
2025-07-09 11:53:44,643 - INFO - 正在解析药材详情: 蛤蚧, URL: https://www.zysj.com.cn/lilunshuji/zhongyaoxue/1837.html
2025-07-09 11:53:47,018 - INFO - 成功解析药材: 蛤蚧 (助阳药)
2025-07-09 11:53:47,018 - INFO -   - 拼音: 
2025-07-09 11:53:47,018 - INFO -   - 药用部位: 
2025-07-09 11:53:47,018 - INFO -   - 性味归经: 咸，平。有小毒。入肺、肾经。
2025-07-09 11:53:47,018 - INFO -   - 药性: 平
2025-07-09 11:53:47,018 - INFO -   - 药味: 咸
2025-07-09 11:53:47,018 - INFO -   - 归经: 肺经, 肾经
2025-07-09 11:53:47,018 - INFO -   - 功效: 补肺肾，定喘嗽。
2025-07-09 11:53:47,018 - INFO -   - 功效列表: 2 条
2025-07-09 11:53:47,018 - INFO -   - 临床应用: 2 条
2025-07-09 11:53:47,018 - INFO -   - 处方用名: 蛤蚧（去内脏，晒干或烘干用）。
2025-07-09 11:53:47,018 - INFO -   - 用法用量: 常用一对，焙微焦，研末，每次三分至五分，冲服，或吞服。
2025-07-09 11:53:47,019 - INFO -   - 按语: 0 条
2025-07-09 11:53:47,019 - INFO -   - 方剂举例: 1 条
2025-07-09 11:53:47,019 - INFO -   - 文献摘录: 3 条
2025-07-09 11:53:47,019 - INFO -   - 附药: 0 条
2025-07-09 11:53:47,019 - INFO -   - 图片: 0 张
2025-07-09 11:53:47,019 - INFO - 成功添加药材: 蛤蚧
2025-07-09 11:53:49,028 - INFO - 正在处理 [384/464] 冬虫夏草 (助阳药)
2025-07-09 11:53:49,029 - INFO - 正在解析药材详情: 冬虫夏草, URL: https://www.zysj.com.cn/lilunshuji/zhongyaoxue/1838.html
2025-07-09 11:53:51,414 - INFO - 成功解析药材: 冬虫夏草 (助阳药)
2025-07-09 11:53:51,414 - INFO -   - 拼音: 
2025-07-09 11:53:51,414 - INFO -   - 药用部位: 
2025-07-09 11:53:51,415 - INFO -   - 性味归经: 甘，温。入肺，肾经。
2025-07-09 11:53:51,415 - INFO -   - 药性: 温
2025-07-09 11:53:51,415 - INFO -   - 药味: 甘
2025-07-09 11:53:51,415 - INFO -   - 归经: 肺经, 肾经
2025-07-09 11:53:51,415 - INFO -   - 功效: 滋肺补肾，止血化痰。
2025-07-09 11:53:51,415 - INFO -   - 功效列表: 2 条
2025-07-09 11:53:51,415 - INFO -   - 临床应用: 2 条
2025-07-09 11:53:51,415 - INFO -   - 处方用名: 冬虫夏草、冬虫草、虫草（洗净，晒干，或烘干用）。
2025-07-09 11:53:51,415 - INFO -   - 用法用量: 一钱至三钱，煎服。
2025-07-09 11:53:51,415 - INFO -   - 按语: 0 条
2025-07-09 11:53:51,415 - INFO -   - 方剂举例: 0 条
2025-07-09 11:53:51,415 - INFO -   - 文献摘录: 2 条
2025-07-09 11:53:51,415 - INFO -   - 附药: 0 条
2025-07-09 11:53:51,415 - INFO -   - 图片: 0 张
2025-07-09 11:53:51,415 - INFO - 成功添加药材: 冬虫夏草
2025-07-09 11:53:53,428 - INFO - 正在处理 [385/464] 锁阳 (助阳药)
2025-07-09 11:53:53,428 - INFO - 正在解析药材详情: 锁阳, URL: https://www.zysj.com.cn/lilunshuji/zhongyaoxue/1839.html
2025-07-09 11:53:55,824 - INFO - 成功解析药材: 锁阳 (助阳药)
2025-07-09 11:53:55,824 - INFO -   - 拼音: 
2025-07-09 11:53:55,824 - INFO -   - 药用部位: 
2025-07-09 11:53:55,824 - INFO -   - 性味归经: 甘，温。入肝、肾经。
2025-07-09 11:53:55,824 - INFO -   - 药性: 温
2025-07-09 11:53:55,824 - INFO -   - 药味: 甘
2025-07-09 11:53:55,824 - INFO -   - 归经: 肝经, 肾经
2025-07-09 11:53:55,824 - INFO -   - 功效: 补肾壮阳益精，润燥滑肠。
2025-07-09 11:53:55,824 - INFO -   - 功效列表: 2 条
2025-07-09 11:53:55,824 - INFO -   - 临床应用: 2 条
2025-07-09 11:53:55,824 - INFO -   - 处方用名: 锁阳（洗净，晒干，切片用）。
2025-07-09 11:53:55,824 - INFO -   - 用法用量: 一钱至三钱，煎服。
2025-07-09 11:53:55,824 - INFO -   - 按语: 0 条
2025-07-09 11:53:55,824 - INFO -   - 方剂举例: 1 条
2025-07-09 11:53:55,824 - INFO -   - 文献摘录: 2 条
2025-07-09 11:53:55,824 - INFO -   - 附药: 0 条
2025-07-09 11:53:55,824 - INFO -   - 图片: 0 张
2025-07-09 11:53:55,824 - INFO - 成功添加药材: 锁阳
2025-07-09 11:53:57,830 - INFO - 正在处理 [386/464] 葫芦巴 (助阳药)
2025-07-09 11:53:57,831 - INFO - 正在解析药材详情: 葫芦巴, URL: https://www.zysj.com.cn/lilunshuji/zhongyaoxue/1840.html
2025-07-09 11:54:00,193 - INFO - 成功解析药材: 葫芦巴 (助阳药)
2025-07-09 11:54:00,193 - INFO -   - 拼音: 
2025-07-09 11:54:00,193 - INFO -   - 药用部位: 
2025-07-09 11:54:00,193 - INFO -   - 性味归经: 苦，大温。入肾经。
2025-07-09 11:54:00,193 - INFO -   - 药性: 大温
2025-07-09 11:54:00,193 - INFO -   - 药味: 苦
2025-07-09 11:54:00,193 - INFO -   - 归经: 肾经
2025-07-09 11:54:00,193 - INFO -   - 功效: 温肾阳，逐寒湿。
2025-07-09 11:54:00,193 - INFO -   - 功效列表: 2 条
2025-07-09 11:54:00,193 - INFO -   - 临床应用: 2 条
2025-07-09 11:54:00,193 - INFO -   - 处方用名: 葫芦巴、胡芦巴，（晒干用）。
2025-07-09 11:54:00,193 - INFO -   - 用法用量: 一钱至三钱，煎服。
2025-07-09 11:54:00,193 - INFO -   - 按语: 0 条
2025-07-09 11:54:00,193 - INFO -   - 方剂举例: 1 条
2025-07-09 11:54:00,193 - INFO -   - 文献摘录: 2 条
2025-07-09 11:54:00,193 - INFO -   - 附药: 0 条
2025-07-09 11:54:00,193 - INFO -   - 图片: 0 张
2025-07-09 11:54:00,193 - INFO - 成功添加药材: 葫芦巴
2025-07-09 11:54:00,208 - INFO - 数据已保存到 zysj_herbal_data.json，当前共 385 条记录
2025-07-09 11:54:02,224 - INFO - 正在处理 [387/464] 蛇床子 (助阳药)
2025-07-09 11:54:02,225 - INFO - 正在解析药材详情: 蛇床子, URL: https://www.zysj.com.cn/lilunshuji/zhongyaoxue/1841.html
2025-07-09 11:54:04,656 - INFO - 成功解析药材: 蛇床子 (助阳药)
2025-07-09 11:54:04,656 - INFO -   - 拼音: 
2025-07-09 11:54:04,656 - INFO -   - 药用部位: 
2025-07-09 11:54:04,656 - INFO -   - 性味归经: 辛、苦，温。入肾经。
2025-07-09 11:54:04,656 - INFO -   - 药性: 温
2025-07-09 11:54:04,656 - INFO -   - 药味: 辛、苦
2025-07-09 11:54:04,656 - INFO -   - 归经: 肾经
2025-07-09 11:54:04,656 - INFO -   - 功效: 温肾壮阳，燥湿杀虫。
2025-07-09 11:54:04,656 - INFO -   - 功效列表: 2 条
2025-07-09 11:54:04,656 - INFO -   - 临床应用: 2 条
2025-07-09 11:54:04,656 - INFO -   - 处方用名: 蛇床子（晒干用）。
2025-07-09 11:54:04,656 - INFO -   - 用法用量: 一钱至三钱，煎服。外用或煎汤熏洗，可酌量应用。
2025-07-09 11:54:04,656 - INFO -   - 按语: 0 条
2025-07-09 11:54:04,656 - INFO -   - 方剂举例: 1 条
2025-07-09 11:54:04,656 - INFO -   - 文献摘录: 3 条
2025-07-09 11:54:04,656 - INFO -   - 附药: 0 条
2025-07-09 11:54:04,656 - INFO -   - 图片: 0 张
2025-07-09 11:54:04,657 - INFO - 成功添加药材: 蛇床子
2025-07-09 11:54:06,662 - INFO - 正在处理 [388/464] 韭子（附：韭菜根） (助阳药)
2025-07-09 11:54:06,663 - INFO - 正在解析药材详情: 韭子（附：韭菜根）, URL: https://www.zysj.com.cn/lilunshuji/zhongyaoxue/1842.html
2025-07-09 11:54:09,060 - INFO - 成功解析药材: 韭子（附：韭菜根） (助阳药)
2025-07-09 11:54:09,060 - INFO -   - 拼音: 
2025-07-09 11:54:09,060 - INFO -   - 药用部位: 
2025-07-09 11:54:09,060 - INFO -   - 性味归经: 辛、甘，温。入肝、肾经。
2025-07-09 11:54:09,060 - INFO -   - 药性: 温
2025-07-09 11:54:09,060 - INFO -   - 药味: 辛、甘
2025-07-09 11:54:09,060 - INFO -   - 归经: 肝经, 肾经
2025-07-09 11:54:09,060 - INFO -   - 功效: 温肾壮阳，固精。
2025-07-09 11:54:09,060 - INFO -   - 功效列表: 2 条
2025-07-09 11:54:09,060 - INFO -   - 临床应用: 2 条
2025-07-09 11:54:09,060 - INFO -   - 处方用名: 韭子、韭菜子（晒干用）。
2025-07-09 11:54:09,060 - INFO -   - 用法用量: 一钱至三钱，煎服，或作散剂内服。
2025-07-09 11:54:09,060 - INFO -   - 按语: 0 条
2025-07-09 11:54:09,060 - INFO -   - 方剂举例: 1 条
2025-07-09 11:54:09,060 - INFO -   - 文献摘录: 2 条
2025-07-09 11:54:09,060 - INFO -   - 附药: 1 条
2025-07-09 11:54:09,060 - INFO -   - 图片: 0 张
2025-07-09 11:54:09,060 - INFO - 成功添加药材: 韭子（附：韭菜根）
2025-07-09 11:54:11,067 - INFO - 正在处理 [389/464] 阳起石 (助阳药)
2025-07-09 11:54:11,068 - INFO - 正在解析药材详情: 阳起石, URL: https://www.zysj.com.cn/lilunshuji/zhongyaoxue/1843.html
2025-07-09 11:54:13,444 - INFO - 成功解析药材: 阳起石 (助阳药)
2025-07-09 11:54:13,444 - INFO -   - 拼音: 
2025-07-09 11:54:13,444 - INFO -   - 药用部位: 本品为单斜品系石棉类矿石。
2025-07-09 11:54:13,444 - INFO -   - 性味归经: 咸，微温。入肾经。
2025-07-09 11:54:13,444 - INFO -   - 药性: 微温
2025-07-09 11:54:13,444 - INFO -   - 药味: 咸
2025-07-09 11:54:13,444 - INFO -   - 归经: 肾经
2025-07-09 11:54:13,444 - INFO -   - 功效: 温肾壮阳。
2025-07-09 11:54:13,444 - INFO -   - 功效列表: 1 条
2025-07-09 11:54:13,444 - INFO -   - 临床应用: 2 条
2025-07-09 11:54:13,444 - INFO -   - 处方用名: 阳起石（用）。
2025-07-09 11:54:13,444 - INFO -   - 用法用量: 三钱至五钱，煎服。如入丸剂应用，每次吞服量为一分至三分。
2025-07-09 11:54:13,444 - INFO -   - 按语: 0 条
2025-07-09 11:54:13,444 - INFO -   - 方剂举例: 0 条
2025-07-09 11:54:13,444 - INFO -   - 文献摘录: 2 条
2025-07-09 11:54:13,444 - INFO -   - 附药: 0 条
2025-07-09 11:54:13,444 - INFO -   - 图片: 0 张
2025-07-09 11:54:13,444 - INFO - 成功添加药材: 阳起石
2025-07-09 11:54:15,454 - INFO - 正在处理 [390/464] 骨碎补 (助阳药)
2025-07-09 11:54:15,455 - INFO - 正在解析药材详情: 骨碎补, URL: https://www.zysj.com.cn/lilunshuji/zhongyaoxue/1844.html
2025-07-09 11:54:17,890 - INFO - 成功解析药材: 骨碎补 (助阳药)
2025-07-09 11:54:17,891 - INFO -   - 拼音: 
2025-07-09 11:54:17,891 - INFO -   - 药用部位: 
2025-07-09 11:54:17,891 - INFO -   - 性味归经: 苦，温。入肾、心经。
2025-07-09 11:54:17,891 - INFO -   - 药性: 温
2025-07-09 11:54:17,891 - INFO -   - 药味: 苦
2025-07-09 11:54:17,891 - INFO -   - 归经: 肾经, 心经
2025-07-09 11:54:17,891 - INFO -   - 功效: 补肾，续伤。
2025-07-09 11:54:17,891 - INFO -   - 功效列表: 2 条
2025-07-09 11:54:17,891 - INFO -   - 临床应用: 2 条
2025-07-09 11:54:17,891 - INFO -   - 处方用名: 骨碎补、申姜、毛姜、猴姜（洗净，晒干，切片用）。
2025-07-09 11:54:17,891 - INFO -   - 用法用量: 三钱至五钱，煎服。
2025-07-09 11:54:17,891 - INFO -   - 按语: 0 条
2025-07-09 11:54:17,891 - INFO -   - 方剂举例: 1 条
2025-07-09 11:54:17,891 - INFO -   - 文献摘录: 2 条
2025-07-09 11:54:17,891 - INFO -   - 附药: 0 条
2025-07-09 11:54:17,891 - INFO -   - 图片: 0 张
2025-07-09 11:54:17,891 - INFO - 成功添加药材: 骨碎补
2025-07-09 11:54:19,892 - INFO - 正在处理 [391/464] 海狗肾（附：黄狗肾） (助阳药)
2025-07-09 11:54:19,893 - INFO - 正在解析药材详情: 海狗肾（附：黄狗肾）, URL: https://www.zysj.com.cn/lilunshuji/zhongyaoxue/1845.html
2025-07-09 11:54:22,290 - INFO - 成功解析药材: 海狗肾（附：黄狗肾） (助阳药)
2025-07-09 11:54:22,290 - INFO -   - 拼音: 
2025-07-09 11:54:22,290 - INFO -   - 药用部位: 
2025-07-09 11:54:22,290 - INFO -   - 性味归经: 咸，热。入肾经。
2025-07-09 11:54:22,290 - INFO -   - 药性: 热
2025-07-09 11:54:22,290 - INFO -   - 药味: 咸
2025-07-09 11:54:22,290 - INFO -   - 归经: 肾经
2025-07-09 11:54:22,290 - INFO -   - 功效: 暖肾壮阳，益精补髓。
2025-07-09 11:54:22,290 - INFO -   - 功效列表: 2 条
2025-07-09 11:54:22,290 - INFO -   - 临床应用: 2 条
2025-07-09 11:54:22,290 - INFO -   - 处方用名: 海狗肾、腽肭脐
2025-07-09 11:54:22,290 - INFO -   - 用法用量: 三分至五分，研粉吞服。
2025-07-09 11:54:22,290 - INFO -   - 按语: 0 条
2025-07-09 11:54:22,291 - INFO -   - 方剂举例: 0 条
2025-07-09 11:54:22,291 - INFO -   - 文献摘录: 3 条
2025-07-09 11:54:22,291 - INFO -   - 附药: 1 条
2025-07-09 11:54:22,291 - INFO -   - 图片: 0 张
2025-07-09 11:54:22,291 - INFO - 成功添加药材: 海狗肾（附：黄狗肾）
2025-07-09 11:54:22,306 - INFO - 数据已保存到 zysj_herbal_data.json，当前共 390 条记录
2025-07-09 11:54:24,318 - INFO - 正在处理 [392/464] 续断 (助阳药)
2025-07-09 11:54:24,319 - INFO - 正在解析药材详情: 续断, URL: https://www.zysj.com.cn/lilunshuji/zhongyaoxue/1846.html
2025-07-09 11:54:26,717 - INFO - 成功解析药材: 续断 (助阳药)
2025-07-09 11:54:26,717 - INFO -   - 拼音: 
2025-07-09 11:54:26,717 - INFO -   - 药用部位: 
2025-07-09 11:54:26,717 - INFO -   - 性味归经: 苦，微温。入肝、肾经。
2025-07-09 11:54:26,717 - INFO -   - 药性: 微温
2025-07-09 11:54:26,717 - INFO -   - 药味: 苦
2025-07-09 11:54:26,717 - INFO -   - 归经: 肝经, 肾经
2025-07-09 11:54:26,717 - INFO -   - 功效: 补肝肾，强筋骨，续伤折，治崩漏。
2025-07-09 11:54:26,717 - INFO -   - 功效列表: 4 条
2025-07-09 11:54:26,717 - INFO -   - 临床应用: 2 条
2025-07-09 11:54:26,717 - INFO -   - 处方用名: 续断、川断肉、川断（洗净，晒干，切片用）。炒续断（炒用，治崩漏）。
2025-07-09 11:54:26,717 - INFO -   - 用法用量: 三钱至五钱，煎服。
2025-07-09 11:54:26,717 - INFO -   - 按语: 1 条
2025-07-09 11:54:26,717 - INFO -   - 方剂举例: 1 条
2025-07-09 11:54:26,717 - INFO -   - 文献摘录: 3 条
2025-07-09 11:54:26,717 - INFO -   - 附药: 0 条
2025-07-09 11:54:26,717 - INFO -   - 图片: 0 张
2025-07-09 11:54:26,717 - INFO - 成功添加药材: 续断
2025-07-09 11:54:28,728 - INFO - 正在处理 [393/464] 杜仲 (助阳药)
2025-07-09 11:54:28,729 - INFO - 正在解析药材详情: 杜仲, URL: https://www.zysj.com.cn/lilunshuji/zhongyaoxue/1847.html
2025-07-09 11:54:31,093 - INFO - 成功解析药材: 杜仲 (助阳药)
2025-07-09 11:54:31,093 - INFO -   - 拼音: 
2025-07-09 11:54:31,093 - INFO -   - 药用部位: 
2025-07-09 11:54:31,093 - INFO -   - 性味归经: 甘，温。入肝、肾经。
2025-07-09 11:54:31,093 - INFO -   - 药性: 温
2025-07-09 11:54:31,093 - INFO -   - 药味: 甘
2025-07-09 11:54:31,093 - INFO -   - 归经: 肝经, 肾经
2025-07-09 11:54:31,093 - INFO -   - 功效: 补肝肾，强筋骨，安胎。
2025-07-09 11:54:31,093 - INFO -   - 功效列表: 3 条
2025-07-09 11:54:31,093 - INFO -   - 临床应用: 2 条
2025-07-09 11:54:31,093 - INFO -   - 处方用名: 杜仲、厚杜仲、绵杜仲（洗净，晒干，切片用）。炙杜仲、炒杜仲、焦杜仲（用盐水炒至微焦，取它补肾作用较好）。
2025-07-09 11:54:31,093 - INFO -   - 用法用量: 三钱至五钱，煎服。]
2025-07-09 11:54:31,093 - INFO -   - 按语: 2 条
2025-07-09 11:54:31,093 - INFO -   - 方剂举例: 1 条
2025-07-09 11:54:31,093 - INFO -   - 文献摘录: 3 条
2025-07-09 11:54:31,093 - INFO -   - 附药: 0 条
2025-07-09 11:54:31,093 - INFO -   - 图片: 0 张
2025-07-09 11:54:31,093 - INFO - 成功添加药材: 杜仲
2025-07-09 11:54:33,098 - INFO - 正在处理 [394/464] 狗脊 (助阳药)
2025-07-09 11:54:33,098 - INFO - 正在解析药材详情: 狗脊, URL: https://www.zysj.com.cn/lilunshuji/zhongyaoxue/1848.html
2025-07-09 11:54:35,473 - INFO - 成功解析药材: 狗脊 (助阳药)
2025-07-09 11:54:35,473 - INFO -   - 拼音: 
2025-07-09 11:54:35,474 - INFO -   - 药用部位: 
2025-07-09 11:54:35,474 - INFO -   - 性味归经: 苦、甘，温。入肝、肾经。
2025-07-09 11:54:35,474 - INFO -   - 药性: 温
2025-07-09 11:54:35,474 - INFO -   - 药味: 苦、甘
2025-07-09 11:54:35,474 - INFO -   - 归经: 肝经, 肾经
2025-07-09 11:54:35,474 - INFO -   - 功效: 补肝肾，强筋骨，袪风湿。
2025-07-09 11:54:35,474 - INFO -   - 功效列表: 3 条
2025-07-09 11:54:35,474 - INFO -   - 临床应用: 2 条
2025-07-09 11:54:35,474 - INFO -   - 处方用名: 生狗脊（洗净，晒干，切片用）。狗脊、金狗脊、制狗脊（蒸熟应用，可减少苦燥之性）。
2025-07-09 11:54:35,474 - INFO -   - 用法用量: 三钱至五钱，煎服。
2025-07-09 11:54:35,474 - INFO -   - 按语: 1 条
2025-07-09 11:54:35,474 - INFO -   - 方剂举例: 1 条
2025-07-09 11:54:35,474 - INFO -   - 文献摘录: 3 条
2025-07-09 11:54:35,474 - INFO -   - 附药: 0 条
2025-07-09 11:54:35,474 - INFO -   - 图片: 0 张
2025-07-09 11:54:35,474 - INFO - 成功添加药材: 狗脊
2025-07-09 11:54:37,475 - INFO - 正在处理 [395/464] 棉花子（附：棉锦皮） (助阳药)
2025-07-09 11:54:37,477 - INFO - 正在解析药材详情: 棉花子（附：棉锦皮）, URL: https://www.zysj.com.cn/lilunshuji/zhongyaoxue/1849.html
2025-07-09 11:54:39,908 - INFO - 成功解析药材: 棉花子（附：棉锦皮） (助阳药)
2025-07-09 11:54:39,908 - INFO -   - 拼音: 
2025-07-09 11:54:39,908 - INFO -   - 药用部位: 
2025-07-09 11:54:39,908 - INFO -   - 性味归经: 
2025-07-09 11:54:39,908 - INFO -   - 药性: 
2025-07-09 11:54:39,908 - INFO -   - 药味: 
2025-07-09 11:54:39,908 - INFO -   - 归经: 无
2025-07-09 11:54:39,908 - INFO -   - 功效: 补肾强腰，催乳，止痛，止血。
2025-07-09 11:54:39,908 - INFO -   - 功效列表: 4 条
2025-07-09 11:54:39,908 - INFO -   - 临床应用: 2 条
2025-07-09 11:54:39,908 - INFO -   - 处方用名: 棉花子（炒用）。
2025-07-09 11:54:39,908 - INFO -   - 用法用量: 三钱至五钱，煎服。
2025-07-09 11:54:39,908 - INFO -   - 按语: 0 条
2025-07-09 11:54:39,908 - INFO -   - 方剂举例: 0 条
2025-07-09 11:54:39,908 - INFO -   - 文献摘录: 0 条
2025-07-09 11:54:39,908 - INFO -   - 附药: 1 条
2025-07-09 11:54:39,908 - INFO -   - 图片: 0 张
2025-07-09 11:54:39,909 - INFO - 成功添加药材: 棉花子（附：棉锦皮）
2025-07-09 11:54:41,912 - INFO - 正在处理 [396/464] 薛荔果 (助阳药)
2025-07-09 11:54:41,913 - INFO - 正在解析药材详情: 薛荔果, URL: https://www.zysj.com.cn/lilunshuji/zhongyaoxue/1850.html
2025-07-09 11:54:44,329 - INFO - 成功解析药材: 薛荔果 (助阳药)
2025-07-09 11:54:44,329 - INFO -   - 拼音: 
2025-07-09 11:54:44,329 - INFO -   - 药用部位: 
2025-07-09 11:54:44,329 - INFO -   - 性味归经: 
2025-07-09 11:54:44,329 - INFO -   - 药性: 
2025-07-09 11:54:44,329 - INFO -   - 药味: 
2025-07-09 11:54:44,329 - INFO -   - 归经: 无
2025-07-09 11:54:44,329 - INFO -   - 功效: 补肾固精，通乳，活血消肿，解毒。
2025-07-09 11:54:44,329 - INFO -   - 功效列表: 4 条
2025-07-09 11:54:44,329 - INFO -   - 临床应用: 3 条
2025-07-09 11:54:44,329 - INFO -   - 处方用名: 薛荔果、木馒头、木莲、鬼臼、鬼馒头（洗净，晒干用）。
2025-07-09 11:54:44,329 - INFO -   - 用法用量: 三钱至五钱，煎服。
2025-07-09 11:54:44,329 - INFO -   - 按语: 0 条
2025-07-09 11:54:44,329 - INFO -   - 方剂举例: 1 条
2025-07-09 11:54:44,329 - INFO -   - 文献摘录: 2 条
2025-07-09 11:54:44,329 - INFO -   - 附药: 0 条
2025-07-09 11:54:44,329 - INFO -   - 图片: 0 张
2025-07-09 11:54:44,329 - INFO - 成功添加药材: 薛荔果
2025-07-09 11:54:44,344 - INFO - 数据已保存到 zysj_herbal_data.json，当前共 395 条记录
2025-07-09 11:54:46,347 - INFO - 正在处理 [397/464] 熟地黄 (养血药)
2025-07-09 11:54:46,348 - INFO - 正在解析药材详情: 熟地黄, URL: https://www.zysj.com.cn/lilunshuji/zhongyaoxue/1852.html
2025-07-09 11:54:48,724 - INFO - 成功解析药材: 熟地黄 (养血药)
2025-07-09 11:54:48,724 - INFO -   - 拼音: 
2025-07-09 11:54:48,724 - INFO -   - 药用部位: 
2025-07-09 11:54:48,724 - INFO -   - 性味归经: 甘，微温。人心、肝、肾经。
2025-07-09 11:54:48,724 - INFO -   - 药性: 微温
2025-07-09 11:54:48,724 - INFO -   - 药味: 甘
2025-07-09 11:54:48,724 - INFO -   - 归经: 肾经
2025-07-09 11:54:48,724 - INFO -   - 功效: 补血，滋阴。
2025-07-09 11:54:48,724 - INFO -   - 功效列表: 2 条
2025-07-09 11:54:48,724 - INFO -   - 临床应用: 2 条
2025-07-09 11:54:48,724 - INFO -   - 处方用名: 熟地、大熟地（蒸制用）。熟地炭（熟地炒焦后应用，主要用于止血）。砂仁拌熟地（用砂仁拌用，主要减少其滋腻碍胃之性）。
2025-07-09 11:54:48,724 - INFO -   - 用法用量: 三钱至一两，煎服。
2025-07-09 11:54:48,725 - INFO -   - 按语: 2 条
2025-07-09 11:54:48,725 - INFO -   - 方剂举例: 1 条
2025-07-09 11:54:48,725 - INFO -   - 文献摘录: 3 条
2025-07-09 11:54:48,725 - INFO -   - 附药: 0 条
2025-07-09 11:54:48,725 - INFO -   - 图片: 0 张
2025-07-09 11:54:48,725 - INFO - 成功添加药材: 熟地黄
2025-07-09 11:54:50,734 - INFO - 正在处理 [398/464] 何首乌（附：鲜首乌） (养血药)
2025-07-09 11:54:50,734 - INFO - 正在解析药材详情: 何首乌（附：鲜首乌）, URL: https://www.zysj.com.cn/lilunshuji/zhongyaoxue/1853.html
2025-07-09 11:54:53,188 - INFO - 成功解析药材: 何首乌（附：鲜首乌） (养血药)
2025-07-09 11:54:53,189 - INFO -   - 拼音: 
2025-07-09 11:54:53,189 - INFO -   - 药用部位: 
2025-07-09 11:54:53,189 - INFO -   - 性味归经: 苦、涩，微温。制熟则味兼甘。入肝、肾经。
2025-07-09 11:54:53,189 - INFO -   - 药性: 微温
2025-07-09 11:54:53,189 - INFO -   - 药味: 苦、涩
2025-07-09 11:54:53,189 - INFO -   - 归经: 肝经, 肾经
2025-07-09 11:54:53,189 - INFO -   - 功效: 补肝肾，益精血，润肠通便，解毒，截疟。
2025-07-09 11:54:53,189 - INFO -   - 功效列表: 5 条
2025-07-09 11:54:53,189 - INFO -   - 临床应用: 2 条
2025-07-09 11:54:53,189 - INFO -   - 处方用名: 制首乌（蒸熟用）。生首乌（即生干首乌）。
2025-07-09 11:54:53,189 - INFO -   - 用法用量: 三钱至一两，煎服。
2025-07-09 11:54:53,189 - INFO -   - 按语: 2 条
2025-07-09 11:54:53,189 - INFO -   - 方剂举例: 1 条
2025-07-09 11:54:53,189 - INFO -   - 文献摘录: 2 条
2025-07-09 11:54:53,189 - INFO -   - 附药: 1 条
2025-07-09 11:54:53,189 - INFO -   - 图片: 0 张
2025-07-09 11:54:53,189 - INFO - 成功添加药材: 何首乌（附：鲜首乌）
2025-07-09 11:54:55,202 - INFO - 正在处理 [399/464] 当归 (养血药)
2025-07-09 11:54:55,203 - INFO - 正在解析药材详情: 当归, URL: https://www.zysj.com.cn/lilunshuji/zhongyaoxue/1854.html
2025-07-09 11:54:57,601 - INFO - 成功解析药材: 当归 (养血药)
2025-07-09 11:54:57,601 - INFO -   - 拼音: 
2025-07-09 11:54:57,601 - INFO -   - 药用部位: 
2025-07-09 11:54:57,601 - INFO -   - 性味归经: 甘、辛，温。入肝、心、脾经。
2025-07-09 11:54:57,601 - INFO -   - 药性: 温
2025-07-09 11:54:57,601 - INFO -   - 药味: 甘、辛
2025-07-09 11:54:57,601 - INFO -   - 归经: 肝经, 心经, 脾经
2025-07-09 11:54:57,601 - INFO -   - 功效: 补血调经，活血止痛。
2025-07-09 11:54:57,601 - INFO -   - 功效列表: 2 条
2025-07-09 11:54:57,601 - INFO -   - 临床应用: 2 条
2025-07-09 11:54:57,601 - INFO -   - 处方用名: 当归、全当归、西当归（洗净，晒干，切片用）。酒当归（酒炒用，加强活血之功）。
2025-07-09 11:54:57,601 - INFO -   - 用法用量: 一钱至三钱，煎服。现在有用本品研粉做成片剂或丸剂，每片（丸）含原药一分，服用时，每次5片（丸），日服二至三次。
2025-07-09 11:54:57,601 - INFO -   - 按语: 3 条
2025-07-09 11:54:57,602 - INFO -   - 方剂举例: 1 条
2025-07-09 11:54:57,602 - INFO -   - 文献摘录: 5 条
2025-07-09 11:54:57,602 - INFO -   - 附药: 0 条
2025-07-09 11:54:57,602 - INFO -   - 图片: 0 张
2025-07-09 11:54:57,602 - INFO - 成功添加药材: 当归
2025-07-09 11:54:59,609 - INFO - 正在处理 [400/464] 白芍 (养血药)
2025-07-09 11:54:59,609 - INFO - 正在解析药材详情: 白芍, URL: https://www.zysj.com.cn/lilunshuji/zhongyaoxue/1855.html
2025-07-09 11:55:01,983 - INFO - 成功解析药材: 白芍 (养血药)
2025-07-09 11:55:01,984 - INFO -   - 拼音: 
2025-07-09 11:55:01,984 - INFO -   - 药用部位: 
2025-07-09 11:55:01,984 - INFO -   - 性味归经: 苦、酸，微寒。入肝经。
2025-07-09 11:55:01,984 - INFO -   - 药性: 微寒
2025-07-09 11:55:01,984 - INFO -   - 药味: 苦、酸
2025-07-09 11:55:01,984 - INFO -   - 归经: 肝经
2025-07-09 11:55:01,984 - INFO -   - 功效: 养血敛阴，柔肝止痛，平肝阳。
2025-07-09 11:55:01,984 - INFO -   - 功效列表: 3 条
2025-07-09 11:55:01,984 - INFO -   - 临床应用: 3 条
2025-07-09 11:55:01,984 - INFO -   - 处方用名: 炒白芍（用麸皮拌抄至微黄用，多用于养血、敛阴）。生白芍（生用，多用于平肝）。
2025-07-09 11:55:01,984 - INFO -   - 用法用量: 一钱至三钱，煎服。
2025-07-09 11:55:01,984 - INFO -   - 按语: 1 条
2025-07-09 11:55:01,984 - INFO -   - 方剂举例: 1 条
2025-07-09 11:55:01,984 - INFO -   - 文献摘录: 4 条
2025-07-09 11:55:01,984 - INFO -   - 附药: 0 条
2025-07-09 11:55:01,984 - INFO -   - 图片: 0 张
2025-07-09 11:55:01,984 - INFO - 成功添加药材: 白芍
2025-07-09 11:55:03,995 - INFO - 正在处理 [401/464] 阿胶 (养血药)
2025-07-09 11:55:03,995 - INFO - 正在解析药材详情: 阿胶, URL: https://www.zysj.com.cn/lilunshuji/zhongyaoxue/1856.html
2025-07-09 11:55:06,389 - INFO - 成功解析药材: 阿胶 (养血药)
2025-07-09 11:55:06,389 - INFO -   - 拼音: 
2025-07-09 11:55:06,389 - INFO -   - 药用部位: 本品为驴皮熬制成的胶块。
2025-07-09 11:55:06,390 - INFO -   - 性味归经: 甘，平。入肺、肝、肾经。
2025-07-09 11:55:06,390 - INFO -   - 药性: 平
2025-07-09 11:55:06,390 - INFO -   - 药味: 甘
2025-07-09 11:55:06,390 - INFO -   - 归经: 肺经, 肝经, 肾经
2025-07-09 11:55:06,390 - INFO -   - 功效: 补血止血，滋阴润肺。
2025-07-09 11:55:06,390 - INFO -   - 功效列表: 2 条
2025-07-09 11:55:06,390 - INFO -   - 临床应用: 3 条
2025-07-09 11:55:06,390 - INFO -   - 处方用名: 阿胶、陈阿胶、驴皮胶（补血止血）。阿胶珠、蛤粉炒阿胶（用海蛤壳研粉同炒，用以润肺化痰，止咳止血）。蒲黄炒阿胶（用以止血）。
2025-07-09 11:55:06,390 - INFO -   - 用法用量: 三钱至五钱，煎服。单用阿胶，应另炖佯化后冲入药汁内服。【按语】阿胶与熟地都能补血滋阴，但阿胶的补血功效较佳，且能润肺、止血，它的粘腻之性超过熟地；熟地则以补肾滋阴见长。凡内有瘀滞，脾胃虚弱、消化不良以及有表症者，均不宜应用阿胶。
2025-07-09 11:55:06,390 - INFO -   - 按语: 0 条
2025-07-09 11:55:06,390 - INFO -   - 方剂举例: 1 条
2025-07-09 11:55:06,390 - INFO -   - 文献摘录: 3 条
2025-07-09 11:55:06,390 - INFO -   - 附药: 0 条
2025-07-09 11:55:06,390 - INFO -   - 图片: 0 张
2025-07-09 11:55:06,390 - INFO - 成功添加药材: 阿胶
2025-07-09 11:55:06,405 - INFO - 数据已保存到 zysj_herbal_data.json，当前共 400 条记录
2025-07-09 11:55:08,410 - INFO - 正在处理 [402/464] 桑椹子 (养血药)
2025-07-09 11:55:08,412 - INFO - 正在解析药材详情: 桑椹子, URL: https://www.zysj.com.cn/lilunshuji/zhongyaoxue/1857.html
2025-07-09 11:55:10,778 - INFO - 成功解析药材: 桑椹子 (养血药)
2025-07-09 11:55:10,778 - INFO -   - 拼音: 
2025-07-09 11:55:10,778 - INFO -   - 药用部位: 
2025-07-09 11:55:10,778 - INFO -   - 性味归经: 甘，寒。人心、肝、肾经。
2025-07-09 11:55:10,778 - INFO -   - 药性: 寒
2025-07-09 11:55:10,779 - INFO -   - 药味: 甘
2025-07-09 11:55:10,779 - INFO -   - 归经: 肾经
2025-07-09 11:55:10,779 - INFO -   - 功效: 滋阴补血。
2025-07-09 11:55:10,779 - INFO -   - 功效列表: 1 条
2025-07-09 11:55:10,779 - INFO -   - 临床应用: 2 条
2025-07-09 11:55:10,779 - INFO -   - 处方用名: 桑椹子、黑桑椹（洗净，晒干用）。
2025-07-09 11:55:10,779 - INFO -   - 用法用量: 三钱至五钱，煎服。
2025-07-09 11:55:10,779 - INFO -   - 按语: 0 条
2025-07-09 11:55:10,779 - INFO -   - 方剂举例: 0 条
2025-07-09 11:55:10,779 - INFO -   - 文献摘录: 2 条
2025-07-09 11:55:10,779 - INFO -   - 附药: 0 条
2025-07-09 11:55:10,779 - INFO -   - 图片: 0 张
2025-07-09 11:55:10,779 - INFO - 成功添加药材: 桑椹子
2025-07-09 11:55:12,792 - INFO - 正在处理 [403/464] 桂圆肉 (养血药)
2025-07-09 11:55:12,793 - INFO - 正在解析药材详情: 桂圆肉, URL: https://www.zysj.com.cn/lilunshuji/zhongyaoxue/1858.html
2025-07-09 11:55:15,252 - INFO - 成功解析药材: 桂圆肉 (养血药)
2025-07-09 11:55:15,252 - INFO -   - 拼音: 
2025-07-09 11:55:15,252 - INFO -   - 药用部位: 
2025-07-09 11:55:15,252 - INFO -   - 性味归经: 甘，温。入心、脾经。
2025-07-09 11:55:15,252 - INFO -   - 药性: 温
2025-07-09 11:55:15,252 - INFO -   - 药味: 甘
2025-07-09 11:55:15,252 - INFO -   - 归经: 心经, 脾经
2025-07-09 11:55:15,252 - INFO -   - 功效: 补心安神，养血益脾。
2025-07-09 11:55:15,252 - INFO -   - 功效列表: 2 条
2025-07-09 11:55:15,252 - INFO -   - 临床应用: 2 条
2025-07-09 11:55:15,252 - INFO -   - 处方用名: 龙眼肉、桂圆肉（去壳与核用）。
2025-07-09 11:55:15,252 - INFO -   - 用法用量: 一钱至三钱，煎服。
2025-07-09 11:55:15,252 - INFO -   - 按语: 0 条
2025-07-09 11:55:15,252 - INFO -   - 方剂举例: 1 条
2025-07-09 11:55:15,252 - INFO -   - 文献摘录: 3 条
2025-07-09 11:55:15,253 - INFO -   - 附药: 0 条
2025-07-09 11:55:15,253 - INFO -   - 图片: 0 张
2025-07-09 11:55:15,253 - INFO - 成功添加药材: 桂圆肉
2025-07-09 11:55:17,265 - INFO - 正在处理 [404/464] 天门冬 (滋阴药)
2025-07-09 11:55:17,267 - INFO - 正在解析药材详情: 天门冬, URL: https://www.zysj.com.cn/lilunshuji/zhongyaoxue/1861.html
2025-07-09 11:55:19,679 - INFO - 成功解析药材: 天门冬 (滋阴药)
2025-07-09 11:55:19,680 - INFO -   - 拼音: 
2025-07-09 11:55:19,680 - INFO -   - 药用部位: 
2025-07-09 11:55:19,680 - INFO -   - 性味归经: 甘、苦，大寒。入肺、肾经。
2025-07-09 11:55:19,680 - INFO -   - 药性: 大寒
2025-07-09 11:55:19,680 - INFO -   - 药味: 甘、苦
2025-07-09 11:55:19,680 - INFO -   - 归经: 肺经, 肾经
2025-07-09 11:55:19,680 - INFO -   - 功效: 润肺止咳，养阴生津。
2025-07-09 11:55:19,680 - INFO -   - 功效列表: 2 条
2025-07-09 11:55:19,680 - INFO -   - 临床应用: 2 条
2025-07-09 11:55:19,680 - INFO -   - 处方用名: 天门冬、明天冬、天冬（洗净，晒干，切断用）。
2025-07-09 11:55:19,680 - INFO -   - 用法用量: 一钱至三钱，煎服。
2025-07-09 11:55:19,680 - INFO -   - 按语: 1 条
2025-07-09 11:55:19,680 - INFO -   - 方剂举例: 1 条
2025-07-09 11:55:19,680 - INFO -   - 文献摘录: 3 条
2025-07-09 11:55:19,680 - INFO -   - 附药: 0 条
2025-07-09 11:55:19,680 - INFO -   - 图片: 0 张
2025-07-09 11:55:19,680 - INFO - 成功添加药材: 天门冬
2025-07-09 11:55:21,681 - INFO - 正在处理 [405/464] 麦门冬 (滋阴药)
2025-07-09 11:55:21,682 - INFO - 正在解析药材详情: 麦门冬, URL: https://www.zysj.com.cn/lilunshuji/zhongyaoxue/1862.html
2025-07-09 11:55:24,114 - INFO - 成功解析药材: 麦门冬 (滋阴药)
2025-07-09 11:55:24,114 - INFO -   - 拼音: 
2025-07-09 11:55:24,114 - INFO -   - 药用部位: 
2025-07-09 11:55:24,114 - INFO -   - 性味归经: 甘、微苦，微寒。入心、肺、胃经。
2025-07-09 11:55:24,114 - INFO -   - 药性: 微寒
2025-07-09 11:55:24,115 - INFO -   - 药味: 甘、微苦
2025-07-09 11:55:24,115 - INFO -   - 归经: 心经, 肺经, 胃经
2025-07-09 11:55:24,115 - INFO -   - 功效: 清心润肺，养胃生津。
2025-07-09 11:55:24,115 - INFO -   - 功效列表: 2 条
2025-07-09 11:55:24,115 - INFO -   - 临床应用: 2 条
2025-07-09 11:55:24,115 - INFO -   - 处方用名: 麦冬、麦门冬、笕麦冬（指产浙江笕桥者）、寸麦冬（指粗大盈寸者）（洗净，晒干用）。
2025-07-09 11:55:24,115 - INFO -   - 用法用量: 一钱至三钱，煎服。
2025-07-09 11:55:24,115 - INFO -   - 按语: 3 条
2025-07-09 11:55:24,115 - INFO -   - 方剂举例: 1 条
2025-07-09 11:55:24,115 - INFO -   - 文献摘录: 3 条
2025-07-09 11:55:24,115 - INFO -   - 附药: 0 条
2025-07-09 11:55:24,115 - INFO -   - 图片: 0 张
2025-07-09 11:55:24,115 - INFO - 成功添加药材: 麦门冬
2025-07-09 11:55:26,118 - INFO - 正在处理 [406/464] 石斛 (滋阴药)
2025-07-09 11:55:26,120 - INFO - 正在解析药材详情: 石斛, URL: https://www.zysj.com.cn/lilunshuji/zhongyaoxue/1863.html
2025-07-09 11:55:28,553 - INFO - 成功解析药材: 石斛 (滋阴药)
2025-07-09 11:55:28,554 - INFO -   - 拼音: 
2025-07-09 11:55:28,554 - INFO -   - 药用部位: 
2025-07-09 11:55:28,554 - INFO -   - 性味归经: 甘，微寒。入肺、胃、肾经。
2025-07-09 11:55:28,554 - INFO -   - 药性: 微寒
2025-07-09 11:55:28,554 - INFO -   - 药味: 甘
2025-07-09 11:55:28,554 - INFO -   - 归经: 肺经, 胃经, 肾经
2025-07-09 11:55:28,554 - INFO -   - 功效: 滋阴，养胃，生津。
2025-07-09 11:55:28,554 - INFO -   - 功效列表: 3 条
2025-07-09 11:55:28,554 - INFO -   - 临床应用: 2 条
2025-07-09 11:55:28,554 - INFO -   - 处方用名: 金石斛、金钗石斛（养胃生津）。川石斛、干石斛、细石斛、黄草（主要清胃火、养阴生津，但生津之力稍差，而价较金石斛稍贵）。鲜金石斛、鲜金钗（清热生津之功较佳，价较低廉）。鲜铁皮石斛、鲜石斛（功与鲜金石斛相似，但价较贵）。枫斗、霍斗、霍山石斛（养胃生津之功较佳，但价甚贵，临床应用较少）。
2025-07-09 11:55:28,554 - INFO -   - 用法用量: 一钱至三钱，煎服。鲜者用量加倍。
2025-07-09 11:55:28,554 - INFO -   - 按语: 1 条
2025-07-09 11:55:28,554 - INFO -   - 方剂举例: 1 条
2025-07-09 11:55:28,554 - INFO -   - 文献摘录: 3 条
2025-07-09 11:55:28,554 - INFO -   - 附药: 0 条
2025-07-09 11:55:28,554 - INFO -   - 图片: 0 张
2025-07-09 11:55:28,554 - INFO - 成功添加药材: 石斛
2025-07-09 11:55:28,569 - INFO - 数据已保存到 zysj_herbal_data.json，当前共 405 条记录
2025-07-09 11:55:30,577 - INFO - 正在处理 [407/464] 玉竹 (滋阴药)
2025-07-09 11:55:30,578 - INFO - 正在解析药材详情: 玉竹, URL: https://www.zysj.com.cn/lilunshuji/zhongyaoxue/1864.html
2025-07-09 11:55:32,983 - INFO - 成功解析药材: 玉竹 (滋阴药)
2025-07-09 11:55:32,983 - INFO -   - 拼音: 
2025-07-09 11:55:32,983 - INFO -   - 药用部位: 
2025-07-09 11:55:32,983 - INFO -   - 性味归经: 甘，平。入肺、胃经。
2025-07-09 11:55:32,983 - INFO -   - 药性: 平
2025-07-09 11:55:32,983 - INFO -   - 药味: 甘
2025-07-09 11:55:32,983 - INFO -   - 归经: 肺经, 胃经
2025-07-09 11:55:32,983 - INFO -   - 功效: 滋阴润肺，养胃生津。
2025-07-09 11:55:32,983 - INFO -   - 功效列表: 2 条
2025-07-09 11:55:32,983 - INFO -   - 临床应用: 2 条
2025-07-09 11:55:32,983 - INFO -   - 处方用名: 肥玉竹、玉竹（生用，清热养阴较好）。制玉竹（蒸熟用，专用于滋补养阴）。炒玉竹（清炒用，滋补养阴）。
2025-07-09 11:55:32,983 - INFO -   - 用法用量: 三钱至五钱，煎服。
2025-07-09 11:55:32,983 - INFO -   - 按语: 3 条
2025-07-09 11:55:32,983 - INFO -   - 方剂举例: 1 条
2025-07-09 11:55:32,983 - INFO -   - 文献摘录: 3 条
2025-07-09 11:55:32,983 - INFO -   - 附药: 0 条
2025-07-09 11:55:32,983 - INFO -   - 图片: 0 张
2025-07-09 11:55:32,983 - INFO - 成功添加药材: 玉竹
2025-07-09 11:55:34,991 - INFO - 正在处理 [408/464] 百合 (滋阴药)
2025-07-09 11:55:34,991 - INFO - 正在解析药材详情: 百合, URL: https://www.zysj.com.cn/lilunshuji/zhongyaoxue/1865.html
2025-07-09 11:55:37,370 - INFO - 成功解析药材: 百合 (滋阴药)
2025-07-09 11:55:37,370 - INFO -   - 拼音: 
2025-07-09 11:55:37,370 - INFO -   - 药用部位: 
2025-07-09 11:55:37,370 - INFO -   - 性味归经: 甘，微寒。入心、肺经。
2025-07-09 11:55:37,370 - INFO -   - 药性: 微寒
2025-07-09 11:55:37,370 - INFO -   - 药味: 甘
2025-07-09 11:55:37,370 - INFO -   - 归经: 心经, 肺经
2025-07-09 11:55:37,370 - INFO -   - 功效: 润肺止咳，宁心安神。
2025-07-09 11:55:37,370 - INFO -   - 功效列表: 2 条
2025-07-09 11:55:37,370 - INFO -   - 临床应用: 2 条
2025-07-09 11:55:37,370 - INFO -   - 处方用名: 百合、野百合（洗净，晒干用）。
2025-07-09 11:55:37,370 - INFO -   - 用法用量: 三钱至五钱，煎服。
2025-07-09 11:55:37,370 - INFO -   - 按语: 0 条
2025-07-09 11:55:37,370 - INFO -   - 方剂举例: 1 条
2025-07-09 11:55:37,370 - INFO -   - 文献摘录: 0 条
2025-07-09 11:55:37,371 - INFO -   - 附药: 0 条
2025-07-09 11:55:37,371 - INFO -   - 图片: 0 张
2025-07-09 11:55:37,371 - INFO - 成功添加药材: 百合
2025-07-09 11:55:39,382 - INFO - 正在处理 [409/464] 羊乳根 (滋阴药)
2025-07-09 11:55:39,382 - INFO - 正在解析药材详情: 羊乳根, URL: https://www.zysj.com.cn/lilunshuji/zhongyaoxue/1866.html
2025-07-09 11:55:41,935 - INFO - 成功解析药材: 羊乳根 (滋阴药)
2025-07-09 11:55:41,935 - INFO -   - 拼音: 
2025-07-09 11:55:41,935 - INFO -   - 药用部位: 
2025-07-09 11:55:41,935 - INFO -   - 性味归经: 
2025-07-09 11:55:41,935 - INFO -   - 药性: 
2025-07-09 11:55:41,935 - INFO -   - 药味: 
2025-07-09 11:55:41,935 - INFO -   - 归经: 无
2025-07-09 11:55:41,935 - INFO -   - 功效: 养阴润肺，袪痰排脓，清热解毒。
2025-07-09 11:55:41,935 - INFO -   - 功效列表: 3 条
2025-07-09 11:55:41,935 - INFO -   - 临床应用: 2 条
2025-07-09 11:55:41,935 - INFO -   - 处方用名: 羊乳根、山海螺、四叶参（洗净，晒干，切片用）。
2025-07-09 11:55:41,935 - INFO -   - 用法用量: 五钱至二两，煎服。外用适量。
2025-07-09 11:55:41,935 - INFO -   - 按语: 0 条
2025-07-09 11:55:41,935 - INFO -   - 方剂举例: 0 条
2025-07-09 11:55:41,935 - INFO -   - 文献摘录: 0 条
2025-07-09 11:55:41,935 - INFO -   - 附药: 0 条
2025-07-09 11:55:41,935 - INFO -   - 图片: 0 张
2025-07-09 11:55:41,935 - INFO - 成功添加药材: 羊乳根
2025-07-09 11:55:43,940 - INFO - 正在处理 [410/464] 枸骨叶 (滋阴药)
2025-07-09 11:55:43,941 - INFO - 正在解析药材详情: 枸骨叶, URL: https://www.zysj.com.cn/lilunshuji/zhongyaoxue/1867.html
2025-07-09 11:55:46,318 - INFO - 成功解析药材: 枸骨叶 (滋阴药)
2025-07-09 11:55:46,318 - INFO -   - 拼音: 
2025-07-09 11:55:46,319 - INFO -   - 药用部位: 
2025-07-09 11:55:46,319 - INFO -   - 性味归经: 微苦，凉。入肺、肾经。
2025-07-09 11:55:46,319 - INFO -   - 药性: 凉
2025-07-09 11:55:46,319 - INFO -   - 药味: 微苦
2025-07-09 11:55:46,319 - INFO -   - 归经: 肺经, 肾经
2025-07-09 11:55:46,319 - INFO -   - 功效: 养阴清热，补益肝肾。
2025-07-09 11:55:46,319 - INFO -   - 功效列表: 2 条
2025-07-09 11:55:46,319 - INFO -   - 临床应用: 2 条
2025-07-09 11:55:46,319 - INFO -   - 处方用名: 枸骨叶、功劳叶（洗净，晒干，去刺用）。
2025-07-09 11:55:46,319 - INFO -   - 用法用量: 三钱至一两，煎服。
2025-07-09 11:55:46,319 - INFO -   - 按语: 0 条
2025-07-09 11:55:46,319 - INFO -   - 方剂举例: 0 条
2025-07-09 11:55:46,319 - INFO -   - 文献摘录: 1 条
2025-07-09 11:55:46,319 - INFO -   - 附药: 0 条
2025-07-09 11:55:46,319 - INFO -   - 图片: 0 张
2025-07-09 11:55:46,319 - INFO - 成功添加药材: 枸骨叶
2025-07-09 11:55:48,320 - INFO - 正在处理 [411/464] 枸杞子 (滋阴药)
2025-07-09 11:55:48,321 - INFO - 正在解析药材详情: 枸杞子, URL: https://www.zysj.com.cn/lilunshuji/zhongyaoxue/1869.html
2025-07-09 11:55:50,733 - INFO - 成功解析药材: 枸杞子 (滋阴药)
2025-07-09 11:55:50,733 - INFO -   - 拼音: 
2025-07-09 11:55:50,733 - INFO -   - 药用部位: 
2025-07-09 11:55:50,733 - INFO -   - 性味归经: 甘，平。入肝、肾经。
2025-07-09 11:55:50,733 - INFO -   - 药性: 平
2025-07-09 11:55:50,733 - INFO -   - 药味: 甘
2025-07-09 11:55:50,734 - INFO -   - 归经: 肝经, 肾经
2025-07-09 11:55:50,734 - INFO -   - 功效: 补肾益精，养肝明目。
2025-07-09 11:55:50,734 - INFO -   - 功效列表: 2 条
2025-07-09 11:55:50,734 - INFO -   - 临床应用: 2 条
2025-07-09 11:55:50,734 - INFO -   - 处方用名: 甘杞子、枸杞子（洗净，晒干用）。
2025-07-09 11:55:50,734 - INFO -   - 用法用量: 一钱至三钱，煎服。
2025-07-09 11:55:50,734 - INFO -   - 按语: 3 条
2025-07-09 11:55:50,734 - INFO -   - 方剂举例: 1 条
2025-07-09 11:55:50,734 - INFO -   - 文献摘录: 4 条
2025-07-09 11:55:50,734 - INFO -   - 附药: 0 条
2025-07-09 11:55:50,734 - INFO -   - 图片: 0 张
2025-07-09 11:55:50,734 - INFO - 成功添加药材: 枸杞子
2025-07-09 11:55:50,749 - INFO - 数据已保存到 zysj_herbal_data.json，当前共 410 条记录
2025-07-09 11:55:52,751 - INFO - 正在处理 [412/464] 女贞子（附：女贞叶） (滋阴药)
2025-07-09 11:55:52,751 - INFO - 正在解析药材详情: 女贞子（附：女贞叶）, URL: https://www.zysj.com.cn/lilunshuji/zhongyaoxue/1870.html
2025-07-09 11:55:55,194 - INFO - 成功解析药材: 女贞子（附：女贞叶） (滋阴药)
2025-07-09 11:55:55,194 - INFO -   - 拼音: 
2025-07-09 11:55:55,194 - INFO -   - 药用部位: 
2025-07-09 11:55:55,194 - INFO -   - 性味归经: 甘、苦，平。入肝、肾经。
2025-07-09 11:55:55,194 - INFO -   - 药性: 平
2025-07-09 11:55:55,194 - INFO -   - 药味: 甘、苦
2025-07-09 11:55:55,194 - INFO -   - 归经: 肝经, 肾经
2025-07-09 11:55:55,194 - INFO -   - 功效: 补肾滋阴，养肝明目。
2025-07-09 11:55:55,194 - INFO -   - 功效列表: 2 条
2025-07-09 11:55:55,194 - INFO -   - 临床应用: 2 条
2025-07-09 11:55:55,194 - INFO -   - 处方用名: 熟女贞、女贞子（蒸熟用）。
2025-07-09 11:55:55,194 - INFO -   - 用法用量: 三钱至五钱，煎服。
2025-07-09 11:55:55,194 - INFO -   - 按语: 2 条
2025-07-09 11:55:55,194 - INFO -   - 方剂举例: 1 条
2025-07-09 11:55:55,194 - INFO -   - 文献摘录: 3 条
2025-07-09 11:55:55,194 - INFO -   - 附药: 1 条
2025-07-09 11:55:55,194 - INFO -   - 图片: 0 张
2025-07-09 11:55:55,194 - INFO - 成功添加药材: 女贞子（附：女贞叶）
2025-07-09 11:55:57,196 - INFO - 正在处理 [413/464] 旱莲草 (滋阴药)
2025-07-09 11:55:57,197 - INFO - 正在解析药材详情: 旱莲草, URL: https://www.zysj.com.cn/lilunshuji/zhongyaoxue/1871.html
2025-07-09 11:55:59,599 - INFO - 成功解析药材: 旱莲草 (滋阴药)
2025-07-09 11:55:59,599 - INFO -   - 拼音: 
2025-07-09 11:55:59,599 - INFO -   - 药用部位: 
2025-07-09 11:55:59,599 - INFO -   - 性味归经: 甘、酸，寒。入肝、肾经。
2025-07-09 11:55:59,599 - INFO -   - 药性: 寒
2025-07-09 11:55:59,599 - INFO -   - 药味: 甘、酸
2025-07-09 11:55:59,599 - INFO -   - 归经: 肝经, 肾经
2025-07-09 11:55:59,599 - INFO -   - 功效: 养阴益肾，凉血止血。
2025-07-09 11:55:59,599 - INFO -   - 功效列表: 2 条
2025-07-09 11:55:59,599 - INFO -   - 临床应用: 2 条
2025-07-09 11:55:59,599 - INFO -   - 处方用名: 墨旱莲、旱莲草（洗净，晒干，切碎用）。
2025-07-09 11:55:59,599 - INFO -   - 用法用量: 三钱至五钱，煎服。
2025-07-09 11:55:59,599 - INFO -   - 按语: 2 条
2025-07-09 11:55:59,599 - INFO -   - 方剂举例: 1 条
2025-07-09 11:55:59,599 - INFO -   - 文献摘录: 3 条
2025-07-09 11:55:59,599 - INFO -   - 附药: 0 条
2025-07-09 11:55:59,599 - INFO -   - 图片: 0 张
2025-07-09 11:55:59,599 - INFO - 成功添加药材: 旱莲草
2025-07-09 11:56:01,611 - INFO - 正在处理 [414/464] 龟板（附：龟板胶） (滋阴药)
2025-07-09 11:56:01,612 - INFO - 正在解析药材详情: 龟板（附：龟板胶）, URL: https://www.zysj.com.cn/lilunshuji/zhongyaoxue/1872.html
2025-07-09 11:56:04,011 - INFO - 成功解析药材: 龟板（附：龟板胶） (滋阴药)
2025-07-09 11:56:04,011 - INFO -   - 拼音: 
2025-07-09 11:56:04,011 - INFO -   - 药用部位: 
2025-07-09 11:56:04,011 - INFO -   - 性味归经: 咸、甘，平。入肾、心、肝经。
2025-07-09 11:56:04,011 - INFO -   - 药性: 平
2025-07-09 11:56:04,011 - INFO -   - 药味: 咸、甘
2025-07-09 11:56:04,011 - INFO -   - 归经: 肾经, 心经, 肝经
2025-07-09 11:56:04,011 - INFO -   - 功效: 滋阴潜阳，益肾健骨。
2025-07-09 11:56:04,011 - INFO -   - 功效列表: 2 条
2025-07-09 11:56:04,011 - INFO -   - 临床应用: 3 条
2025-07-09 11:56:04,011 - INFO -   - 处方用名: 生龟板（生用）。龟板、败龟板、炙龟板（砂炙用）。
2025-07-09 11:56:04,011 - INFO -   - 用法用量: 三钱至一两，先煎。
2025-07-09 11:56:04,011 - INFO -   - 按语: 1 条
2025-07-09 11:56:04,011 - INFO -   - 方剂举例: 1 条
2025-07-09 11:56:04,011 - INFO -   - 文献摘录: 3 条
2025-07-09 11:56:04,011 - INFO -   - 附药: 1 条
2025-07-09 11:56:04,011 - INFO -   - 图片: 0 张
2025-07-09 11:56:04,011 - INFO - 成功添加药材: 龟板（附：龟板胶）
2025-07-09 11:56:06,027 - INFO - 正在处理 [415/464] 鳖甲（附：鳖甲胶） (滋阴药)
2025-07-09 11:56:06,028 - INFO - 正在解析药材详情: 鳖甲（附：鳖甲胶）, URL: https://www.zysj.com.cn/lilunshuji/zhongyaoxue/1873.html
2025-07-09 11:56:08,429 - INFO - 成功解析药材: 鳖甲（附：鳖甲胶） (滋阴药)
2025-07-09 11:56:08,429 - INFO -   - 拼音: 
2025-07-09 11:56:08,429 - INFO -   - 药用部位: 
2025-07-09 11:56:08,429 - INFO -   - 性味归经: 咸，平。入肝、脾、肾经。
2025-07-09 11:56:08,429 - INFO -   - 药性: 平
2025-07-09 11:56:08,429 - INFO -   - 药味: 咸
2025-07-09 11:56:08,429 - INFO -   - 归经: 肝经, 脾经, 肾经
2025-07-09 11:56:08,429 - INFO -   - 功效: 滋阴潜阳，散结消痞。
2025-07-09 11:56:08,429 - INFO -   - 功效列表: 2 条
2025-07-09 11:56:08,429 - INFO -   - 临床应用: 2 条
2025-07-09 11:56:08,429 - INFO -   - 处方用名: 生鳖甲（生用。主要用于滋阴潜阳）。炙鳖甲、鳖甲（砂炙用，主要用于软坚散结）。
2025-07-09 11:56:08,429 - INFO -   - 用法用量: 三钱至一两，先煎。
2025-07-09 11:56:08,429 - INFO -   - 按语: 1 条
2025-07-09 11:56:08,429 - INFO -   - 方剂举例: 1 条
2025-07-09 11:56:08,430 - INFO -   - 文献摘录: 4 条
2025-07-09 11:56:08,430 - INFO -   - 附药: 1 条
2025-07-09 11:56:08,430 - INFO -   - 图片: 0 张
2025-07-09 11:56:08,430 - INFO - 成功添加药材: 鳖甲（附：鳖甲胶）
2025-07-09 11:56:10,434 - INFO - 正在处理 [416/464] 山茱萸 (收敛药)
2025-07-09 11:56:10,434 - INFO - 正在解析药材详情: 山茱萸, URL: https://www.zysj.com.cn/lilunshuji/zhongyaoxue/1878.html
2025-07-09 11:56:12,848 - INFO - 成功解析药材: 山茱萸 (收敛药)
2025-07-09 11:56:12,848 - INFO -   - 拼音: 
2025-07-09 11:56:12,848 - INFO -   - 药用部位: 
2025-07-09 11:56:12,848 - INFO -   - 性味归经: 酸、涩，微温。入肝、肾经。
2025-07-09 11:56:12,848 - INFO -   - 药性: 微温
2025-07-09 11:56:12,848 - INFO -   - 药味: 酸、涩
2025-07-09 11:56:12,848 - INFO -   - 归经: 肝经, 肾经
2025-07-09 11:56:12,848 - INFO -   - 功效: 补益肝肾，涩精，敛汗。
2025-07-09 11:56:12,848 - INFO -   - 功效列表: 3 条
2025-07-09 11:56:12,848 - INFO -   - 临床应用: 2 条
2025-07-09 11:56:12,848 - INFO -   - 处方用名: 山萸肉、净萸肉、山茱萸（蒸熟用）。
2025-07-09 11:56:12,849 - INFO -   - 用法用量: 一钱至三钱，煎服。
2025-07-09 11:56:12,849 - INFO -   - 按语: 2 条
2025-07-09 11:56:12,849 - INFO -   - 方剂举例: 1 条
2025-07-09 11:56:12,849 - INFO -   - 文献摘录: 3 条
2025-07-09 11:56:12,849 - INFO -   - 附药: 0 条
2025-07-09 11:56:12,849 - INFO -   - 图片: 0 张
2025-07-09 11:56:12,849 - INFO - 成功添加药材: 山茱萸
2025-07-09 11:56:12,867 - INFO - 数据已保存到 zysj_herbal_data.json，当前共 415 条记录
2025-07-09 11:56:14,882 - INFO - 正在处理 [417/464] 五味子 (收敛药)
2025-07-09 11:56:14,883 - INFO - 正在解析药材详情: 五味子, URL: https://www.zysj.com.cn/lilunshuji/zhongyaoxue/1879.html
2025-07-09 11:56:17,296 - INFO - 成功解析药材: 五味子 (收敛药)
2025-07-09 11:56:17,296 - INFO -   - 拼音: 
2025-07-09 11:56:17,296 - INFO -   - 药用部位: 
2025-07-09 11:56:17,296 - INFO -   - 性味归经: 酸，温。入肺、肾经。
2025-07-09 11:56:17,296 - INFO -   - 药性: 温
2025-07-09 11:56:17,296 - INFO -   - 药味: 酸
2025-07-09 11:56:17,296 - INFO -   - 归经: 肺经, 肾经
2025-07-09 11:56:17,296 - INFO -   - 功效: 敛肺滋肾，生津敛汗，涩精止泻。
2025-07-09 11:56:17,296 - INFO -   - 功效列表: 3 条
2025-07-09 11:56:17,296 - INFO -   - 临床应用: 3 条
2025-07-09 11:56:17,296 - INFO -   - 处方用名: 北五味、五味子（蒸熟用）。
2025-07-09 11:56:17,296 - INFO -   - 用法用量: 五分至一钱五分，煎服。
2025-07-09 11:56:17,296 - INFO -   - 按语: 2 条
2025-07-09 11:56:17,296 - INFO -   - 方剂举例: 1 条
2025-07-09 11:56:17,297 - INFO -   - 文献摘录: 3 条
2025-07-09 11:56:17,297 - INFO -   - 附药: 0 条
2025-07-09 11:56:17,297 - INFO -   - 图片: 0 张
2025-07-09 11:56:17,297 - INFO - 成功添加药材: 五味子
2025-07-09 11:56:19,312 - INFO - 正在处理 [418/464] 乌梅 (收敛药)
2025-07-09 11:56:19,312 - INFO - 正在解析药材详情: 乌梅, URL: https://www.zysj.com.cn/lilunshuji/zhongyaoxue/1880.html
2025-07-09 11:56:21,697 - INFO - 成功解析药材: 乌梅 (收敛药)
2025-07-09 11:56:21,697 - INFO -   - 拼音: 
2025-07-09 11:56:21,697 - INFO -   - 药用部位: 
2025-07-09 11:56:21,697 - INFO -   - 性味归经: 酸，平。入肝、脾、肺、大肠经。
2025-07-09 11:56:21,697 - INFO -   - 药性: 平
2025-07-09 11:56:21,697 - INFO -   - 药味: 酸
2025-07-09 11:56:21,698 - INFO -   - 归经: 肝经, 脾经, 肺经, 大肠经
2025-07-09 11:56:21,698 - INFO -   - 功效: 敛肺，涩肠，生津，安蛔。
2025-07-09 11:56:21,698 - INFO -   - 功效列表: 4 条
2025-07-09 11:56:21,698 - INFO -   - 临床应用: 4 条
2025-07-09 11:56:21,698 - INFO -   - 处方用名: 乌梅、大乌梅（带核用）。乌梅肉（去核用，用量宜小）。
2025-07-09 11:56:21,698 - INFO -   - 用法用量: 一钱至三钱，煎服。
2025-07-09 11:56:21,698 - INFO -   - 按语: 0 条
2025-07-09 11:56:21,698 - INFO -   - 方剂举例: 1 条
2025-07-09 11:56:21,698 - INFO -   - 文献摘录: 4 条
2025-07-09 11:56:21,698 - INFO -   - 附药: 0 条
2025-07-09 11:56:21,698 - INFO -   - 图片: 0 张
2025-07-09 11:56:21,698 - INFO - 成功添加药材: 乌梅
2025-07-09 11:56:23,702 - INFO - 正在处理 [419/464] 肉豆蔻 (收敛药)
2025-07-09 11:56:23,703 - INFO - 正在解析药材详情: 肉豆蔻, URL: https://www.zysj.com.cn/lilunshuji/zhongyaoxue/1882.html
2025-07-09 11:56:26,084 - INFO - 成功解析药材: 肉豆蔻 (收敛药)
2025-07-09 11:56:26,084 - INFO -   - 拼音: 
2025-07-09 11:56:26,084 - INFO -   - 药用部位: 
2025-07-09 11:56:26,084 - INFO -   - 性味归经: 辛，温。入脾、胃、大肠经。
2025-07-09 11:56:26,084 - INFO -   - 药性: 温
2025-07-09 11:56:26,084 - INFO -   - 药味: 辛
2025-07-09 11:56:26,084 - INFO -   - 归经: 脾经, 胃经, 大肠经
2025-07-09 11:56:26,084 - INFO -   - 功效: 涩肠止泻，温中行气。
2025-07-09 11:56:26,084 - INFO -   - 功效列表: 2 条
2025-07-09 11:56:26,084 - INFO -   - 临床应用: 2 条
2025-07-09 11:56:26,084 - INFO -   - 处方用名: 肉豆蔻、肉果、煨肉果（用麸皮炒至老黄色，肉捣碎用）。
2025-07-09 11:56:26,084 - INFO -   - 用法用量: 一钱至三钱，煎服。
2025-07-09 11:56:26,084 - INFO -   - 按语: 0 条
2025-07-09 11:56:26,084 - INFO -   - 方剂举例: 1 条
2025-07-09 11:56:26,085 - INFO -   - 文献摘录: 3 条
2025-07-09 11:56:26,085 - INFO -   - 附药: 0 条
2025-07-09 11:56:26,085 - INFO -   - 图片: 0 张
2025-07-09 11:56:26,085 - INFO - 成功添加药材: 肉豆蔻
2025-07-09 11:56:28,094 - INFO - 正在处理 [420/464] 诃子（附：藏青果） (收敛药)
2025-07-09 11:56:28,095 - INFO - 正在解析药材详情: 诃子（附：藏青果）, URL: https://www.zysj.com.cn/lilunshuji/zhongyaoxue/1883.html
2025-07-09 11:56:30,492 - INFO - 成功解析药材: 诃子（附：藏青果） (收敛药)
2025-07-09 11:56:30,492 - INFO -   - 拼音: 
2025-07-09 11:56:30,492 - INFO -   - 药用部位: 
2025-07-09 11:56:30,492 - INFO -   - 性味归经: 苦、酸、涩，平。入肺、大肠经。
2025-07-09 11:56:30,492 - INFO -   - 药性: 平
2025-07-09 11:56:30,492 - INFO -   - 药味: 苦、酸、涩
2025-07-09 11:56:30,492 - INFO -   - 归经: 肺经, 大肠经
2025-07-09 11:56:30,493 - INFO -   - 功效: 涩肠止泻，敛肺利咽。
2025-07-09 11:56:30,493 - INFO -   - 功效列表: 2 条
2025-07-09 11:56:30,493 - INFO -   - 临床应用: 2 条
2025-07-09 11:56:30,493 - INFO -   - 处方用名: 诃子、诃黎勒、诃子肉（生用，捣碎，一般用于敛肺降火）。煨诃子（用麸皮拌炒至微焦用，用于涩肠止泻）。
2025-07-09 11:56:30,493 - INFO -   - 用法用量: 一钱至三钱，煎服。
2025-07-09 11:56:30,493 - INFO -   - 按语: 1 条
2025-07-09 11:56:30,493 - INFO -   - 方剂举例: 1 条
2025-07-09 11:56:30,493 - INFO -   - 文献摘录: 2 条
2025-07-09 11:56:30,493 - INFO -   - 附药: 1 条
2025-07-09 11:56:30,493 - INFO -   - 图片: 0 张
2025-07-09 11:56:30,493 - INFO - 成功添加药材: 诃子（附：藏青果）
2025-07-09 11:56:32,503 - INFO - 正在处理 [421/464] 赤石脂 (收敛药)
2025-07-09 11:56:32,505 - INFO - 正在解析药材详情: 赤石脂, URL: https://www.zysj.com.cn/lilunshuji/zhongyaoxue/1884.html
2025-07-09 11:56:34,991 - INFO - 成功解析药材: 赤石脂 (收敛药)
2025-07-09 11:56:34,991 - INFO -   - 拼音: 
2025-07-09 11:56:34,991 - INFO -   - 药用部位: 本品为单斜品系的多水高岭士。
2025-07-09 11:56:34,991 - INFO -   - 性味归经: 甘、酸、涩，温。入胃、大肠经。
2025-07-09 11:56:34,991 - INFO -   - 药性: 温
2025-07-09 11:56:34,991 - INFO -   - 药味: 甘、酸、涩
2025-07-09 11:56:34,991 - INFO -   - 归经: 胃经, 大肠经
2025-07-09 11:56:34,991 - INFO -   - 功效: 涩肠止泻，止血生肌。
2025-07-09 11:56:34,991 - INFO -   - 功效列表: 2 条
2025-07-09 11:56:34,991 - INFO -   - 临床应用: 2 条
2025-07-09 11:56:34,992 - INFO -   - 处方用名: 赤石脂。
2025-07-09 11:56:34,992 - INFO -   - 用法用量: 三钱至八钱，煎服。外用适量。
2025-07-09 11:56:34,992 - INFO -   - 按语: 0 条
2025-07-09 11:56:34,992 - INFO -   - 方剂举例: 1 条
2025-07-09 11:56:34,992 - INFO -   - 文献摘录: 2 条
2025-07-09 11:56:34,992 - INFO -   - 附药: 0 条
2025-07-09 11:56:34,992 - INFO -   - 图片: 0 张
2025-07-09 11:56:34,992 - INFO - 成功添加药材: 赤石脂
2025-07-09 11:56:35,007 - INFO - 数据已保存到 zysj_herbal_data.json，当前共 420 条记录
2025-07-09 11:56:37,011 - INFO - 正在处理 [422/464] 禹余粮 (收敛药)
2025-07-09 11:56:37,011 - INFO - 正在解析药材详情: 禹余粮, URL: https://www.zysj.com.cn/lilunshuji/zhongyaoxue/1885.html
2025-07-09 11:56:39,357 - INFO - 成功解析药材: 禹余粮 (收敛药)
2025-07-09 11:56:39,357 - INFO -   - 拼音: 
2025-07-09 11:56:39,357 - INFO -   - 药用部位: 本品为斜方品系褐铁矿的矿石。
2025-07-09 11:56:39,357 - INFO -   - 性味归经: 甘、涩，平。入胃、大肠经。
2025-07-09 11:56:39,357 - INFO -   - 药性: 平
2025-07-09 11:56:39,357 - INFO -   - 药味: 甘、涩
2025-07-09 11:56:39,357 - INFO -   - 归经: 胃经, 大肠经
2025-07-09 11:56:39,357 - INFO -   - 功效: 涩肠止泻，收敛止血。
2025-07-09 11:56:39,357 - INFO -   - 功效列表: 2 条
2025-07-09 11:56:39,357 - INFO -   - 临床应用: 2 条
2025-07-09 11:56:39,357 - INFO -   - 处方用名: 禹余粮、禹粮石、余粮石（打碎用）。
2025-07-09 11:56:39,357 - INFO -   - 用法用量: 三钱至八钱，煎服。
2025-07-09 11:56:39,357 - INFO -   - 按语: 0 条
2025-07-09 11:56:39,357 - INFO -   - 方剂举例: 1 条
2025-07-09 11:56:39,357 - INFO -   - 文献摘录: 3 条
2025-07-09 11:56:39,357 - INFO -   - 附药: 0 条
2025-07-09 11:56:39,358 - INFO -   - 图片: 0 张
2025-07-09 11:56:39,358 - INFO - 成功添加药材: 禹余粮
2025-07-09 11:56:41,362 - INFO - 正在处理 [423/464] 五倍子 (收敛药)
2025-07-09 11:56:41,362 - INFO - 正在解析药材详情: 五倍子, URL: https://www.zysj.com.cn/lilunshuji/zhongyaoxue/1886.html
2025-07-09 11:56:43,776 - INFO - 成功解析药材: 五倍子 (收敛药)
2025-07-09 11:56:43,777 - INFO -   - 拼音: 
2025-07-09 11:56:43,777 - INFO -   - 药用部位: 本品为漆树科植物盐肤木叶上的绵蚜科动物五梖子蚜寄生所形成的虫...
2025-07-09 11:56:43,777 - INFO -   - 性味归经: 酸，寒。入肺、肾、大肠经。
2025-07-09 11:56:43,777 - INFO -   - 药性: 寒
2025-07-09 11:56:43,777 - INFO -   - 药味: 酸
2025-07-09 11:56:43,777 - INFO -   - 归经: 肺经, 肾经, 大肠经
2025-07-09 11:56:43,777 - INFO -   - 功效: 敛肺降火，涩肠止泻，敛汗，止血。
2025-07-09 11:56:43,777 - INFO -   - 功效列表: 4 条
2025-07-09 11:56:43,777 - INFO -   - 临床应用: 3 条
2025-07-09 11:56:43,777 - INFO -   - 处方用名: 五倍子（煮死内部寄生虫后晒干应用）。
2025-07-09 11:56:43,777 - INFO -   - 用法用量: 五分至一钱五分，煎服。外用适量。
2025-07-09 11:56:43,777 - INFO -   - 按语: 0 条
2025-07-09 11:56:43,777 - INFO -   - 方剂举例: 1 条
2025-07-09 11:56:43,777 - INFO -   - 文献摘录: 2 条
2025-07-09 11:56:43,777 - INFO -   - 附药: 0 条
2025-07-09 11:56:43,777 - INFO -   - 图片: 0 张
2025-07-09 11:56:43,777 - INFO - 成功添加药材: 五倍子
2025-07-09 11:56:45,787 - INFO - 正在处理 [424/464] 罂粟壳 (收敛药)
2025-07-09 11:56:45,787 - INFO - 正在解析药材详情: 罂粟壳, URL: https://www.zysj.com.cn/lilunshuji/zhongyaoxue/1887.html
2025-07-09 11:56:48,175 - INFO - 成功解析药材: 罂粟壳 (收敛药)
2025-07-09 11:56:48,175 - INFO -   - 拼音: 
2025-07-09 11:56:48,175 - INFO -   - 药用部位: 
2025-07-09 11:56:48,175 - INFO -   - 性味归经: 涩，平。入肺、大肠、肾经。
2025-07-09 11:56:48,175 - INFO -   - 药性: 平
2025-07-09 11:56:48,175 - INFO -   - 药味: 涩
2025-07-09 11:56:48,175 - INFO -   - 归经: 肺经, 大肠经, 肾经
2025-07-09 11:56:48,175 - INFO -   - 功效: 敛肺，涩肠，止痛。
2025-07-09 11:56:48,175 - INFO -   - 功效列表: 3 条
2025-07-09 11:56:48,175 - INFO -   - 临床应用: 2 条
2025-07-09 11:56:48,175 - INFO -   - 处方用名: 罂粟壳、御米壳（生用，用于涩肠、止痛）。炙粟壳、炙御米壳（蜜炙用，用于敛肺止咳）。
2025-07-09 11:56:48,175 - INFO -   - 用法用量: 一钱至三钱，煎服。
2025-07-09 11:56:48,175 - INFO -   - 按语: 1 条
2025-07-09 11:56:48,175 - INFO -   - 方剂举例: 1 条
2025-07-09 11:56:48,175 - INFO -   - 文献摘录: 2 条
2025-07-09 11:56:48,175 - INFO -   - 附药: 0 条
2025-07-09 11:56:48,175 - INFO -   - 图片: 0 张
2025-07-09 11:56:48,175 - INFO - 成功添加药材: 罂粟壳
2025-07-09 11:56:50,181 - INFO - 正在处理 [425/464] 明矾 (收敛药)
2025-07-09 11:56:50,182 - INFO - 正在解析药材详情: 明矾, URL: https://www.zysj.com.cn/lilunshuji/zhongyaoxue/1889.html
2025-07-09 11:56:52,607 - INFO - 成功解析药材: 明矾 (收敛药)
2025-07-09 11:56:52,607 - INFO -   - 拼音: 
2025-07-09 11:56:52,607 - INFO -   - 药用部位: 本品为二方晶系明矾石精制而成的结晶品。
2025-07-09 11:56:52,607 - INFO -   - 性味归经: 酸，寒。入脾经。
2025-07-09 11:56:52,607 - INFO -   - 药性: 寒
2025-07-09 11:56:52,607 - INFO -   - 药味: 酸
2025-07-09 11:56:52,607 - INFO -   - 归经: 脾经
2025-07-09 11:56:52,607 - INFO -   - 功效: 止血，止泻，袪痰，外用燥湿止痒。
2025-07-09 11:56:52,607 - INFO -   - 功效列表: 4 条
2025-07-09 11:56:52,607 - INFO -   - 临床应用: 3 条
2025-07-09 11:56:52,607 - INFO -   - 处方用名: 明矾、白矾（打碎用）。枯矾（用。主要外用于湿疹等）。
2025-07-09 11:56:52,607 - INFO -   - 用法用量: 二分至一钱，煎服。外用适量。
2025-07-09 11:56:52,607 - INFO -   - 按语: 0 条
2025-07-09 11:56:52,607 - INFO -   - 方剂举例: 1 条
2025-07-09 11:56:52,607 - INFO -   - 文献摘录: 2 条
2025-07-09 11:56:52,607 - INFO -   - 附药: 0 条
2025-07-09 11:56:52,607 - INFO -   - 图片: 0 张
2025-07-09 11:56:52,607 - INFO - 成功添加药材: 明矾
2025-07-09 11:56:54,613 - INFO - 正在处理 [426/464] 椿根皮（附：凤眼草） (收敛药)
2025-07-09 11:56:54,614 - INFO - 正在解析药材详情: 椿根皮（附：凤眼草）, URL: https://www.zysj.com.cn/lilunshuji/zhongyaoxue/1890.html
2025-07-09 11:56:56,983 - INFO - 成功解析药材: 椿根皮（附：凤眼草） (收敛药)
2025-07-09 11:56:56,983 - INFO -   - 拼音: 
2025-07-09 11:56:56,983 - INFO -   - 药用部位: 
2025-07-09 11:56:56,983 - INFO -   - 性味归经: 苦、涩，寒。入胃、大肠经。
2025-07-09 11:56:56,983 - INFO -   - 药性: 寒
2025-07-09 11:56:56,983 - INFO -   - 药味: 苦、涩
2025-07-09 11:56:56,983 - INFO -   - 归经: 胃经, 大肠经
2025-07-09 11:56:56,983 - INFO -   - 功效: 清热燥湿，涩肠止泻，止带，止血。
2025-07-09 11:56:56,983 - INFO -   - 功效列表: 4 条
2025-07-09 11:56:56,983 - INFO -   - 临床应用: 3 条
2025-07-09 11:56:56,983 - INFO -   - 处方用名: 椿根皮、椿根白皮、樗白皮（洗净，晒干，切碎用）。炒椿根皮（麸皮炒用，稍减苦燥之性）。
2025-07-09 11:56:56,983 - INFO -   - 用法用量: 一钱至三钱，煎服。
2025-07-09 11:56:56,983 - INFO -   - 按语: 0 条
2025-07-09 11:56:56,983 - INFO -   - 方剂举例: 1 条
2025-07-09 11:56:56,983 - INFO -   - 文献摘录: 2 条
2025-07-09 11:56:56,983 - INFO -   - 附药: 1 条
2025-07-09 11:56:56,983 - INFO -   - 图片: 0 张
2025-07-09 11:56:56,983 - INFO - 成功添加药材: 椿根皮（附：凤眼草）
2025-07-09 11:56:56,998 - INFO - 数据已保存到 zysj_herbal_data.json，当前共 425 条记录
2025-07-09 11:56:59,005 - INFO - 正在处理 [427/464] 芡实 (收敛药)
2025-07-09 11:56:59,006 - INFO - 正在解析药材详情: 芡实, URL: https://www.zysj.com.cn/lilunshuji/zhongyaoxue/1891.html
2025-07-09 11:57:01,402 - INFO - 成功解析药材: 芡实 (收敛药)
2025-07-09 11:57:01,402 - INFO -   - 拼音: 
2025-07-09 11:57:01,402 - INFO -   - 药用部位: 
2025-07-09 11:57:01,403 - INFO -   - 性味归经: 甘、涩，平。入脾、肾经。
2025-07-09 11:57:01,403 - INFO -   - 药性: 平
2025-07-09 11:57:01,403 - INFO -   - 药味: 甘、涩
2025-07-09 11:57:01,403 - INFO -   - 归经: 脾经, 肾经
2025-07-09 11:57:01,403 - INFO -   - 功效: 益肾固精，健脾止泻，袪湿止带。
2025-07-09 11:57:01,403 - INFO -   - 功效列表: 3 条
2025-07-09 11:57:01,403 - INFO -   - 临床应用: 3 条
2025-07-09 11:57:01,403 - INFO -   - 处方用名: 芡实、南芡实、苏芡实、北芡实（打碎）用。
2025-07-09 11:57:01,403 - INFO -   - 用法用量: 三钱至一两，煎服。
2025-07-09 11:57:01,403 - INFO -   - 按语: 0 条
2025-07-09 11:57:01,403 - INFO -   - 方剂举例: 1 条
2025-07-09 11:57:01,403 - INFO -   - 文献摘录: 3 条
2025-07-09 11:57:01,403 - INFO -   - 附药: 0 条
2025-07-09 11:57:01,403 - INFO -   - 图片: 0 张
2025-07-09 11:57:01,403 - INFO - 成功添加药材: 芡实
2025-07-09 11:57:03,411 - INFO - 正在处理 [428/464] 桑螵蛸 (收敛药)
2025-07-09 11:57:03,412 - INFO - 正在解析药材详情: 桑螵蛸, URL: https://www.zysj.com.cn/lilunshuji/zhongyaoxue/1892.html
2025-07-09 11:57:05,799 - INFO - 成功解析药材: 桑螵蛸 (收敛药)
2025-07-09 11:57:05,799 - INFO -   - 拼音: 
2025-07-09 11:57:05,799 - INFO -   - 药用部位: 
2025-07-09 11:57:05,799 - INFO -   - 性味归经: 甘、咸，平。入肝、肾经。
2025-07-09 11:57:05,799 - INFO -   - 药性: 平
2025-07-09 11:57:05,799 - INFO -   - 药味: 甘、咸
2025-07-09 11:57:05,799 - INFO -   - 归经: 肝经, 肾经
2025-07-09 11:57:05,800 - INFO -   - 功效: 补肾，固精，收缩小便。
2025-07-09 11:57:05,800 - INFO -   - 功效列表: 3 条
2025-07-09 11:57:05,800 - INFO -   - 临床应用: 2 条
2025-07-09 11:57:05,800 - INFO -   - 处方用名: 桑螵蛸（用麸皮炒微焦用）。
2025-07-09 11:57:05,800 - INFO -   - 用法用量: 一钱至三钱，煎服。
2025-07-09 11:57:05,800 - INFO -   - 按语: 1 条
2025-07-09 11:57:05,800 - INFO -   - 方剂举例: 1 条
2025-07-09 11:57:05,800 - INFO -   - 文献摘录: 2 条
2025-07-09 11:57:05,800 - INFO -   - 附药: 0 条
2025-07-09 11:57:05,800 - INFO -   - 图片: 0 张
2025-07-09 11:57:05,800 - INFO - 成功添加药材: 桑螵蛸
2025-07-09 11:57:07,801 - INFO - 正在处理 [429/464] 覆盆子 (收敛药)
2025-07-09 11:57:07,802 - INFO - 正在解析药材详情: 覆盆子, URL: https://www.zysj.com.cn/lilunshuji/zhongyaoxue/1893.html
2025-07-09 11:57:10,213 - INFO - 成功解析药材: 覆盆子 (收敛药)
2025-07-09 11:57:10,213 - INFO -   - 拼音: 
2025-07-09 11:57:10,213 - INFO -   - 药用部位: 
2025-07-09 11:57:10,213 - INFO -   - 性味归经: 甘、酸，微温。入肝、肾经。
2025-07-09 11:57:10,213 - INFO -   - 药性: 微温
2025-07-09 11:57:10,213 - INFO -   - 药味: 甘、酸
2025-07-09 11:57:10,213 - INFO -   - 归经: 肝经, 肾经
2025-07-09 11:57:10,213 - INFO -   - 功效: 益肾固精，缩尿。
2025-07-09 11:57:10,213 - INFO -   - 功效列表: 2 条
2025-07-09 11:57:10,213 - INFO -   - 临床应用: 2 条
2025-07-09 11:57:10,213 - INFO -   - 处方用名: 覆盆子（洗净，晒干用）。
2025-07-09 11:57:10,213 - INFO -   - 用法用量: 一钱至三钱，煎服。
2025-07-09 11:57:10,213 - INFO -   - 按语: 2 条
2025-07-09 11:57:10,213 - INFO -   - 方剂举例: 0 条
2025-07-09 11:57:10,213 - INFO -   - 文献摘录: 3 条
2025-07-09 11:57:10,213 - INFO -   - 附药: 0 条
2025-07-09 11:57:10,213 - INFO -   - 图片: 0 张
2025-07-09 11:57:10,213 - INFO - 成功添加药材: 覆盆子
2025-07-09 11:57:12,226 - INFO - 正在处理 [430/464] 金樱子 (收敛药)
2025-07-09 11:57:12,227 - INFO - 正在解析药材详情: 金樱子, URL: https://www.zysj.com.cn/lilunshuji/zhongyaoxue/1894.html
2025-07-09 11:57:14,652 - INFO - 成功解析药材: 金樱子 (收敛药)
2025-07-09 11:57:14,652 - INFO -   - 拼音: 
2025-07-09 11:57:14,652 - INFO -   - 药用部位: 
2025-07-09 11:57:14,652 - INFO -   - 性味归经: 酸，平。入肾、大肠经。
2025-07-09 11:57:14,652 - INFO -   - 药性: 平
2025-07-09 11:57:14,652 - INFO -   - 药味: 酸
2025-07-09 11:57:14,652 - INFO -   - 归经: 肾经, 大肠经
2025-07-09 11:57:14,652 - INFO -   - 功效: 涩精，缩尿，涩肠止泻。
2025-07-09 11:57:14,652 - INFO -   - 功效列表: 3 条
2025-07-09 11:57:14,652 - INFO -   - 临床应用: 2 条
2025-07-09 11:57:14,652 - INFO -   - 处方用名: 金樱子（洗净，晒干用）。
2025-07-09 11:57:14,652 - INFO -   - 用法用量: 三钱至一两，煎服。
2025-07-09 11:57:14,652 - INFO -   - 按语: 0 条
2025-07-09 11:57:14,652 - INFO -   - 方剂举例: 0 条
2025-07-09 11:57:14,652 - INFO -   - 文献摘录: 2 条
2025-07-09 11:57:14,652 - INFO -   - 附药: 0 条
2025-07-09 11:57:14,652 - INFO -   - 图片: 0 张
2025-07-09 11:57:14,652 - INFO - 成功添加药材: 金樱子
2025-07-09 11:57:16,659 - INFO - 正在处理 [431/464] 乌贼骨 (收敛药)
2025-07-09 11:57:16,660 - INFO - 正在解析药材详情: 乌贼骨, URL: https://www.zysj.com.cn/lilunshuji/zhongyaoxue/1895.html
2025-07-09 11:57:19,044 - INFO - 成功解析药材: 乌贼骨 (收敛药)
2025-07-09 11:57:19,044 - INFO -   - 拼音: 
2025-07-09 11:57:19,044 - INFO -   - 药用部位: 
2025-07-09 11:57:19,044 - INFO -   - 性味归经: 咸，微温。入肝、肾经。
2025-07-09 11:57:19,044 - INFO -   - 药性: 微温
2025-07-09 11:57:19,044 - INFO -   - 药味: 咸
2025-07-09 11:57:19,044 - INFO -   - 归经: 肝经, 肾经
2025-07-09 11:57:19,044 - INFO -   - 功效: 收敛止血，固精止带，制酸，敛疮。
2025-07-09 11:57:19,044 - INFO -   - 功效列表: 4 条
2025-07-09 11:57:19,044 - INFO -   - 临床应用: 4 条
2025-07-09 11:57:19,044 - INFO -   - 处方用名: 炙乌贼骨、海螵蛸（用麸皮炒至微黄色用）。
2025-07-09 11:57:19,044 - INFO -   - 用法用量: 一钱至三钱，煎服。如研粉吞服，每次五分至一钱。外用适量。
2025-07-09 11:57:19,044 - INFO -   - 按语: 1 条
2025-07-09 11:57:19,045 - INFO -   - 方剂举例: 1 条
2025-07-09 11:57:19,045 - INFO -   - 文献摘录: 3 条
2025-07-09 11:57:19,045 - INFO -   - 附药: 0 条
2025-07-09 11:57:19,045 - INFO -   - 图片: 0 张
2025-07-09 11:57:19,045 - INFO - 成功添加药材: 乌贼骨
2025-07-09 11:57:19,061 - INFO - 数据已保存到 zysj_herbal_data.json，当前共 430 条记录
2025-07-09 11:57:21,071 - INFO - 正在处理 [432/464] 碎米荞 (收敛药)
2025-07-09 11:57:21,072 - INFO - 正在解析药材详情: 碎米荞, URL: https://www.zysj.com.cn/lilunshuji/zhongyaoxue/1896.html
2025-07-09 11:57:23,523 - INFO - 成功解析药材: 碎米荞 (收敛药)
2025-07-09 11:57:23,523 - INFO -   - 拼音: 
2025-07-09 11:57:23,523 - INFO -   - 药用部位: 
2025-07-09 11:57:23,523 - INFO -   - 性味归经: 
2025-07-09 11:57:23,523 - INFO -   - 药性: 
2025-07-09 11:57:23,523 - INFO -   - 药味: 
2025-07-09 11:57:23,525 - INFO -   - 归经: 无
2025-07-09 11:57:23,525 - INFO -   - 功效: 收涩止带，止痢。
2025-07-09 11:57:23,525 - INFO -   - 功效列表: 2 条
2025-07-09 11:57:23,525 - INFO -   - 临床应用: 2 条
2025-07-09 11:57:23,526 - INFO -   - 处方用名: 碎米荞、白带草（洗净，晒干，切碎用）。
2025-07-09 11:57:23,526 - INFO -   - 用法用量: 五钱至一两，煎服。
2025-07-09 11:57:23,526 - INFO -   - 按语: 0 条
2025-07-09 11:57:23,526 - INFO -   - 方剂举例: 0 条
2025-07-09 11:57:23,526 - INFO -   - 文献摘录: 0 条
2025-07-09 11:57:23,526 - INFO -   - 附药: 0 条
2025-07-09 11:57:23,526 - INFO -   - 图片: 0 张
2025-07-09 11:57:23,526 - INFO - 成功添加药材: 碎米荞
2025-07-09 11:57:25,538 - INFO - 正在处理 [433/464] 鸡冠花 (收敛药)
2025-07-09 11:57:25,539 - INFO - 正在解析药材详情: 鸡冠花, URL: https://www.zysj.com.cn/lilunshuji/zhongyaoxue/1897.html
2025-07-09 11:57:27,890 - INFO - 成功解析药材: 鸡冠花 (收敛药)
2025-07-09 11:57:27,890 - INFO -   - 拼音: 
2025-07-09 11:57:27,890 - INFO -   - 药用部位: 
2025-07-09 11:57:27,890 - INFO -   - 性味归经: 甘，凉。入肝、大肠经。
2025-07-09 11:57:27,890 - INFO -   - 药性: 凉
2025-07-09 11:57:27,890 - INFO -   - 药味: 甘
2025-07-09 11:57:27,890 - INFO -   - 归经: 肝经, 大肠经
2025-07-09 11:57:27,890 - INFO -   - 功效: 止血，止泻，止带。
2025-07-09 11:57:27,890 - INFO -   - 功效列表: 3 条
2025-07-09 11:57:27,890 - INFO -   - 临床应用: 2 条
2025-07-09 11:57:27,890 - INFO -   - 处方用名: 鸡冠花（洗净，晒干，切碎用）。
2025-07-09 11:57:27,890 - INFO -   - 用法用量: 三钱至五钱，煎服。
2025-07-09 11:57:27,890 - INFO -   - 按语: 0 条
2025-07-09 11:57:27,890 - INFO -   - 方剂举例: 1 条
2025-07-09 11:57:27,890 - INFO -   - 文献摘录: 1 条
2025-07-09 11:57:27,890 - INFO -   - 附药: 0 条
2025-07-09 11:57:27,890 - INFO -   - 图片: 0 张
2025-07-09 11:57:27,890 - INFO - 成功添加药材: 鸡冠花
2025-07-09 11:57:29,898 - INFO - 正在处理 [434/464] 浮小麦 (收敛药)
2025-07-09 11:57:29,898 - INFO - 正在解析药材详情: 浮小麦, URL: https://www.zysj.com.cn/lilunshuji/zhongyaoxue/1898.html
2025-07-09 11:57:32,310 - INFO - 成功解析药材: 浮小麦 (收敛药)
2025-07-09 11:57:32,310 - INFO -   - 拼音: 
2025-07-09 11:57:32,310 - INFO -   - 药用部位: 
2025-07-09 11:57:32,310 - INFO -   - 性味归经: 甘，凉。入心经。
2025-07-09 11:57:32,310 - INFO -   - 药性: 凉
2025-07-09 11:57:32,310 - INFO -   - 药味: 甘
2025-07-09 11:57:32,311 - INFO -   - 归经: 心经
2025-07-09 11:57:32,311 - INFO -   - 功效: 止汗。
2025-07-09 11:57:32,311 - INFO -   - 功效列表: 1 条
2025-07-09 11:57:32,311 - INFO -   - 临床应用: 2 条
2025-07-09 11:57:32,311 - INFO -   - 处方用名: 浮小麦（晒干用）。
2025-07-09 11:57:32,311 - INFO -   - 用法用量: 三钱至五钱，煎服。
2025-07-09 11:57:32,311 - INFO -   - 按语: 0 条
2025-07-09 11:57:32,311 - INFO -   - 方剂举例: 1 条
2025-07-09 11:57:32,311 - INFO -   - 文献摘录: 2 条
2025-07-09 11:57:32,311 - INFO -   - 附药: 0 条
2025-07-09 11:57:32,311 - INFO -   - 图片: 0 张
2025-07-09 11:57:32,311 - INFO - 成功添加药材: 浮小麦
2025-07-09 11:57:34,318 - INFO - 正在处理 [435/464] 糯稻根（附：糯稻草） (收敛药)
2025-07-09 11:57:34,318 - INFO - 正在解析药材详情: 糯稻根（附：糯稻草）, URL: https://www.zysj.com.cn/lilunshuji/zhongyaoxue/1899.html
2025-07-09 11:57:36,655 - INFO - 成功解析药材: 糯稻根（附：糯稻草） (收敛药)
2025-07-09 11:57:36,655 - INFO -   - 拼音: 
2025-07-09 11:57:36,655 - INFO -   - 药用部位: 
2025-07-09 11:57:36,655 - INFO -   - 性味归经: 
2025-07-09 11:57:36,655 - INFO -   - 药性: 
2025-07-09 11:57:36,655 - INFO -   - 药味: 
2025-07-09 11:57:36,655 - INFO -   - 归经: 无
2025-07-09 11:57:36,655 - INFO -   - 功效: 止汗。
2025-07-09 11:57:36,655 - INFO -   - 功效列表: 1 条
2025-07-09 11:57:36,655 - INFO -   - 临床应用: 3 条
2025-07-09 11:57:36,655 - INFO -   - 处方用名: 糯稻根、糯稻根须（洗净，晒干用）。
2025-07-09 11:57:36,655 - INFO -   - 用法用量: 五钱至一两，煎服。
2025-07-09 11:57:36,655 - INFO -   - 按语: 0 条
2025-07-09 11:57:36,655 - INFO -   - 方剂举例: 0 条
2025-07-09 11:57:36,655 - INFO -   - 文献摘录: 0 条
2025-07-09 11:57:36,655 - INFO -   - 附药: 1 条
2025-07-09 11:57:36,656 - INFO -   - 图片: 0 张
2025-07-09 11:57:36,656 - INFO - 成功添加药材: 糯稻根（附：糯稻草）
2025-07-09 11:57:38,666 - INFO - 正在处理 [436/464] 麻黄根 (收敛药)
2025-07-09 11:57:38,666 - INFO - 正在解析药材详情: 麻黄根, URL: https://www.zysj.com.cn/lilunshuji/zhongyaoxue/1900.html
2025-07-09 11:57:41,012 - INFO - 成功解析药材: 麻黄根 (收敛药)
2025-07-09 11:57:41,013 - INFO -   - 拼音: 
2025-07-09 11:57:41,013 - INFO -   - 药用部位: 
2025-07-09 11:57:41,013 - INFO -   - 性味归经: 甘，平。入肺经。
2025-07-09 11:57:41,013 - INFO -   - 药性: 平
2025-07-09 11:57:41,013 - INFO -   - 药味: 甘
2025-07-09 11:57:41,013 - INFO -   - 归经: 肺经
2025-07-09 11:57:41,013 - INFO -   - 功效: 止汗。
2025-07-09 11:57:41,013 - INFO -   - 功效列表: 1 条
2025-07-09 11:57:41,013 - INFO -   - 临床应用: 2 条
2025-07-09 11:57:41,013 - INFO -   - 处方用名: 麻黄根（洗净，晒干，切片用）。
2025-07-09 11:57:41,013 - INFO -   - 用法用量: 一钱至三钱，煎服。
2025-07-09 11:57:41,013 - INFO -   - 按语: 0 条
2025-07-09 11:57:41,013 - INFO -   - 方剂举例: 1 条
2025-07-09 11:57:41,013 - INFO -   - 文献摘录: 2 条
2025-07-09 11:57:41,013 - INFO -   - 附药: 0 条
2025-07-09 11:57:41,013 - INFO -   - 图片: 0 张
2025-07-09 11:57:41,013 - INFO - 成功添加药材: 麻黄根
2025-07-09 11:57:41,029 - INFO - 数据已保存到 zysj_herbal_data.json，当前共 435 条记录
2025-07-09 11:57:43,038 - INFO - 正在处理 [437/464] 白果（附：白果叶） (收敛药)
2025-07-09 11:57:43,038 - INFO - 正在解析药材详情: 白果（附：白果叶）, URL: https://www.zysj.com.cn/lilunshuji/zhongyaoxue/1901.html
2025-07-09 11:57:45,400 - INFO - 成功解析药材: 白果（附：白果叶） (收敛药)
2025-07-09 11:57:45,400 - INFO -   - 拼音: 
2025-07-09 11:57:45,400 - INFO -   - 药用部位: 
2025-07-09 11:57:45,401 - INFO -   - 性味归经: 甘、苦，平。有小毒。入肺经。
2025-07-09 11:57:45,401 - INFO -   - 药性: 平
2025-07-09 11:57:45,401 - INFO -   - 药味: 甘、苦
2025-07-09 11:57:45,401 - INFO -   - 归经: 肺经
2025-07-09 11:57:45,401 - INFO -   - 功效: 定痰喘，止带浊。
2025-07-09 11:57:45,401 - INFO -   - 功效列表: 2 条
2025-07-09 11:57:45,401 - INFO -   - 临床应用: 2 条
2025-07-09 11:57:45,401 - INFO -   - 处方用名: 白果（带壳，打碎，生用）。白果肉（打碎，去壳，生用）。
2025-07-09 11:57:45,401 - INFO -   - 用法用量: 一钱至三钱，或五只至十只，煎服。本品有毒，如炒熟服食，不宜过多。
2025-07-09 11:57:45,401 - INFO -   - 按语: 0 条
2025-07-09 11:57:45,401 - INFO -   - 方剂举例: 1 条
2025-07-09 11:57:45,401 - INFO -   - 文献摘录: 0 条
2025-07-09 11:57:45,401 - INFO -   - 附药: 1 条
2025-07-09 11:57:45,401 - INFO -   - 图片: 0 张
2025-07-09 11:57:45,401 - INFO - 成功添加药材: 白果（附：白果叶）
2025-07-09 11:57:47,415 - INFO - 正在处理 [438/464] 刺猬皮 (收敛药)
2025-07-09 11:57:47,415 - INFO - 正在解析药材详情: 刺猬皮, URL: https://www.zysj.com.cn/lilunshuji/zhongyaoxue/1902.html
2025-07-09 11:57:49,774 - INFO - 成功解析药材: 刺猬皮 (收敛药)
2025-07-09 11:57:49,774 - INFO -   - 拼音: 
2025-07-09 11:57:49,774 - INFO -   - 药用部位: 
2025-07-09 11:57:49,774 - INFO -   - 性味归经: 苦，平。入胃、大肠经。
2025-07-09 11:57:49,775 - INFO -   - 药性: 平
2025-07-09 11:57:49,775 - INFO -   - 药味: 苦
2025-07-09 11:57:49,775 - INFO -   - 归经: 胃经, 大肠经
2025-07-09 11:57:49,775 - INFO -   - 功效: 行气止痛，化痰止血，固精缩尿。
2025-07-09 11:57:49,775 - INFO -   - 功效列表: 3 条
2025-07-09 11:57:49,775 - INFO -   - 临床应用: 3 条
2025-07-09 11:57:49,775 - INFO -   - 处方用名: 刺猬皮、炙猬皮（炒至微焦用）。
2025-07-09 11:57:49,775 - INFO -   - 用法用量: 一钱至三钱，煎服。或焙干研末，每次吞服一钱。
2025-07-09 11:57:49,775 - INFO -   - 按语: 0 条
2025-07-09 11:57:49,775 - INFO -   - 方剂举例: 1 条
2025-07-09 11:57:49,775 - INFO -   - 文献摘录: 2 条
2025-07-09 11:57:49,775 - INFO -   - 附药: 0 条
2025-07-09 11:57:49,775 - INFO -   - 图片: 0 张
2025-07-09 11:57:49,775 - INFO - 成功添加药材: 刺猬皮
2025-07-09 11:57:51,785 - INFO - 正在处理 [439/464] 蟾酥（附：蟾皮） (其它药)
2025-07-09 11:57:51,785 - INFO - 正在解析药材详情: 蟾酥（附：蟾皮）, URL: https://www.zysj.com.cn/lilunshuji/zhongyaoxue/1905.html
2025-07-09 11:57:54,197 - INFO - 成功解析药材: 蟾酥（附：蟾皮） (其它药)
2025-07-09 11:57:54,197 - INFO -   - 拼音: 
2025-07-09 11:57:54,197 - INFO -   - 药用部位: 
2025-07-09 11:57:54,197 - INFO -   - 性味归经: 甘、辛，温。有毒。入心、胃经。
2025-07-09 11:57:54,197 - INFO -   - 药性: 温
2025-07-09 11:57:54,197 - INFO -   - 药味: 甘、辛
2025-07-09 11:57:54,197 - INFO -   - 归经: 心经, 胃经
2025-07-09 11:57:54,197 - INFO -   - 功效: 解毒消肿，止痛，辟秽浊。
2025-07-09 11:57:54,197 - INFO -   - 功效列表: 3 条
2025-07-09 11:57:54,197 - INFO -   - 临床应用: 2 条
2025-07-09 11:57:54,197 - INFO -   - 处方用名: 蟾酥。
2025-07-09 11:57:54,197 - INFO -   - 用法用量: 外用适量。内服每次一毫至二毫，为粉末入丸剂用，不入煎剂。本品有毒，不宜久服。
2025-07-09 11:57:54,197 - INFO -   - 按语: 0 条
2025-07-09 11:57:54,198 - INFO -   - 方剂举例: 1 条
2025-07-09 11:57:54,198 - INFO -   - 文献摘录: 3 条
2025-07-09 11:57:54,198 - INFO -   - 附药: 1 条
2025-07-09 11:57:54,198 - INFO -   - 图片: 0 张
2025-07-09 11:57:54,198 - INFO - 成功添加药材: 蟾酥（附：蟾皮）
2025-07-09 11:57:56,206 - INFO - 正在处理 [440/464] 雄黄 (其它药)
2025-07-09 11:57:56,206 - INFO - 正在解析药材详情: 雄黄, URL: https://www.zysj.com.cn/lilunshuji/zhongyaoxue/1906.html
2025-07-09 11:57:58,581 - INFO - 成功解析药材: 雄黄 (其它药)
2025-07-09 11:57:58,581 - INFO -   - 拼音: 
2025-07-09 11:57:58,581 - INFO -   - 药用部位: 本品为含硫化砷的矿物。
2025-07-09 11:57:58,581 - INFO -   - 性味归经: 辛，温。有毒。入肝、胃经。
2025-07-09 11:57:58,581 - INFO -   - 药性: 温
2025-07-09 11:57:58,582 - INFO -   - 药味: 辛
2025-07-09 11:57:58,582 - INFO -   - 归经: 肝经, 胃经
2025-07-09 11:57:58,582 - INFO -   - 功效: 解毒，杀虫。
2025-07-09 11:57:58,582 - INFO -   - 功效列表: 2 条
2025-07-09 11:57:58,582 - INFO -   - 临床应用: 2 条
2025-07-09 11:57:58,582 - INFO -   - 处方用名: 雄黄、雄精、腰黄（生用，内服，须飞边用。本品不宜用火炮制）。
2025-07-09 11:57:58,582 - INFO -   - 用法用量: 外用适量。内服每次五厘至一分。一般入丸散，不入汤剂；且不能持续服用，以免蓄积中毒。
2025-07-09 11:57:58,582 - INFO -   - 按语: 0 条
2025-07-09 11:57:58,582 - INFO -   - 方剂举例: 1 条
2025-07-09 11:57:58,582 - INFO -   - 文献摘录: 4 条
2025-07-09 11:57:58,582 - INFO -   - 附药: 0 条
2025-07-09 11:57:58,582 - INFO -   - 图片: 0 张
2025-07-09 11:57:58,582 - INFO - 成功添加药材: 雄黄
2025-07-09 11:58:00,589 - INFO - 正在处理 [441/464] 硼砂 (其它药)
2025-07-09 11:58:00,589 - INFO - 正在解析药材详情: 硼砂, URL: https://www.zysj.com.cn/lilunshuji/zhongyaoxue/1907.html
2025-07-09 11:58:02,962 - INFO - 成功解析药材: 硼砂 (其它药)
2025-07-09 11:58:02,962 - INFO -   - 拼音: 
2025-07-09 11:58:02,962 - INFO -   - 药用部位: 本品为硼砂矿石加工品。
2025-07-09 11:58:02,962 - INFO -   - 性味归经: 甘、咸，凉。入肺、胃经。
2025-07-09 11:58:02,962 - INFO -   - 药性: 凉
2025-07-09 11:58:02,962 - INFO -   - 药味: 甘、咸
2025-07-09 11:58:02,962 - INFO -   - 归经: 肺经, 胃经
2025-07-09 11:58:02,962 - INFO -   - 功效: 解毒、清热化痰。
2025-07-09 11:58:02,962 - INFO -   - 功效列表: 2 条
2025-07-09 11:58:02,962 - INFO -   - 临床应用: 2 条
2025-07-09 11:58:02,962 - INFO -   - 处方用名: 硼砂、月石、西月石（打碎或研粉用）。煅月石（煅用）。
2025-07-09 11:58:02,962 - INFO -   - 用法用量: 内服二分至三分。外用适量。
2025-07-09 11:58:02,962 - INFO -   - 按语: 0 条
2025-07-09 11:58:02,962 - INFO -   - 方剂举例: 1 条
2025-07-09 11:58:02,962 - INFO -   - 文献摘录: 2 条
2025-07-09 11:58:02,962 - INFO -   - 附药: 0 条
2025-07-09 11:58:02,962 - INFO -   - 图片: 0 张
2025-07-09 11:58:02,962 - INFO - 成功添加药材: 硼砂
2025-07-09 11:58:02,979 - INFO - 数据已保存到 zysj_herbal_data.json，当前共 440 条记录
2025-07-09 11:58:04,990 - INFO - 正在处理 [442/464] 磠砂 (其它药)
2025-07-09 11:58:04,990 - INFO - 正在解析药材详情: 磠砂, URL: https://www.zysj.com.cn/lilunshuji/zhongyaoxue/1908.html
2025-07-09 11:58:07,346 - INFO - 成功解析药材: 磠砂 (其它药)
2025-07-09 11:58:07,346 - INFO -   - 拼音: 
2025-07-09 11:58:07,346 - INFO -   - 药用部位: 本品为矿石，有紫、白两种，紫磠砂为紫色石盐，白磠砂为氯化铰矿...
2025-07-09 11:58:07,346 - INFO -   - 性味归经: 咸、苦、辛，温。有毒。入肝、脾、胃经。
2025-07-09 11:58:07,346 - INFO -   - 药性: 温
2025-07-09 11:58:07,346 - INFO -   - 药味: 咸、苦、辛
2025-07-09 11:58:07,346 - INFO -   - 归经: 肝经, 脾经, 胃经
2025-07-09 11:58:07,346 - INFO -   - 功效: 消积怯瘀，软坚散结。
2025-07-09 11:58:07,346 - INFO -   - 功效列表: 2 条
2025-07-09 11:58:07,346 - INFO -   - 临床应用: 2 条
2025-07-09 11:58:07,346 - INFO -   - 处方用名: 红磠砂、白磠砂（研粉用）。
2025-07-09 11:58:07,346 - INFO -   - 用法用量: 一分至二分，吞服，或入丸散。外用适量。
2025-07-09 11:58:07,346 - INFO -   - 按语: 0 条
2025-07-09 11:58:07,346 - INFO -   - 方剂举例: 1 条
2025-07-09 11:58:07,346 - INFO -   - 文献摘录: 3 条
2025-07-09 11:58:07,346 - INFO -   - 附药: 0 条
2025-07-09 11:58:07,346 - INFO -   - 图片: 0 张
2025-07-09 11:58:07,346 - INFO - 成功添加药材: 磠砂
2025-07-09 11:58:09,353 - INFO - 正在处理 [443/464] 砒石 (其它药)
2025-07-09 11:58:09,353 - INFO - 正在解析药材详情: 砒石, URL: https://www.zysj.com.cn/lilunshuji/zhongyaoxue/1909.html
2025-07-09 11:58:11,751 - INFO - 成功解析药材: 砒石 (其它药)
2025-07-09 11:58:11,751 - INFO -   - 拼音: 
2025-07-09 11:58:11,751 - INFO -   - 药用部位: 本品为砷华矿石。
2025-07-09 11:58:11,751 - INFO -   - 性味归经: 辛、酸，大热。有大毒。入肺经。
2025-07-09 11:58:11,751 - INFO -   - 药性: 大热
2025-07-09 11:58:11,751 - INFO -   - 药味: 辛、酸
2025-07-09 11:58:11,751 - INFO -   - 归经: 肺经
2025-07-09 11:58:11,752 - INFO -   - 功效: 外用蚀疮去腐。内服截疟，劫痰平喘。
2025-07-09 11:58:11,752 - INFO -   - 功效列表: 3 条
2025-07-09 11:58:11,752 - INFO -   - 临床应用: 2 条
2025-07-09 11:58:11,752 - INFO -   - 处方用名: 白砒、白信、砒石、信石、砒霜（均为白信石，质较纯而为较强）。红砒、红信（均为红信石，含有杂质）。
2025-07-09 11:58:11,752 - INFO -   - 用法用量: 内服每次一毫至二毫，每日一次，入丸剂。外用适量。
2025-07-09 11:58:11,752 - INFO -   - 按语: 1 条
2025-07-09 11:58:11,752 - INFO -   - 方剂举例: 1 条
2025-07-09 11:58:11,752 - INFO -   - 文献摘录: 2 条
2025-07-09 11:58:11,752 - INFO -   - 附药: 0 条
2025-07-09 11:58:11,752 - INFO -   - 图片: 0 张
2025-07-09 11:58:11,752 - INFO - 成功添加药材: 砒石
2025-07-09 11:58:13,764 - INFO - 正在处理 [444/464] 斑蝥 (其它药)
2025-07-09 11:58:13,764 - INFO - 正在解析药材详情: 斑蝥, URL: https://www.zysj.com.cn/lilunshuji/zhongyaoxue/1910.html
2025-07-09 11:58:16,136 - INFO - 成功解析药材: 斑蝥 (其它药)
2025-07-09 11:58:16,136 - INFO -   - 拼音: 
2025-07-09 11:58:16,136 - INFO -   - 药用部位: 
2025-07-09 11:58:16,136 - INFO -   - 性味归经: 
2025-07-09 11:58:16,136 - INFO -   - 药性: 
2025-07-09 11:58:16,136 - INFO -   - 药味: 
2025-07-09 11:58:16,136 - INFO -   - 归经: 无
2025-07-09 11:58:16,136 - INFO -   - 功效: 外用攻毒蚀疮，内服破症散结。
2025-07-09 11:58:16,136 - INFO -   - 功效列表: 2 条
2025-07-09 11:58:16,136 - INFO -   - 临床应用: 2 条
2025-07-09 11:58:16,136 - INFO -   - 处方用名: 斑蝥（糯米同炒，去头翅用）。
2025-07-09 11:58:16,136 - INFO -   - 用法用量: 二厘，研末，入丸散用。外用适量。
2025-07-09 11:58:16,136 - INFO -   - 按语: 0 条
2025-07-09 11:58:16,136 - INFO -   - 方剂举例: 1 条
2025-07-09 11:58:16,136 - INFO -   - 文献摘录: 2 条
2025-07-09 11:58:16,136 - INFO -   - 附药: 0 条
2025-07-09 11:58:16,136 - INFO -   - 图片: 0 张
2025-07-09 11:58:16,136 - INFO - 成功添加药材: 斑蝥
2025-07-09 11:58:18,146 - INFO - 正在处理 [445/464] 石灰 (其它药)
2025-07-09 11:58:18,147 - INFO - 正在解析药材详情: 石灰, URL: https://www.zysj.com.cn/lilunshuji/zhongyaoxue/1911.html
2025-07-09 11:58:20,536 - INFO - 成功解析药材: 石灰 (其它药)
2025-07-09 11:58:20,536 - INFO -   - 拼音: 
2025-07-09 11:58:20,536 - INFO -   - 药用部位: 本品为石灰石类矿物烧而成的块状物，或再经吸取水分而得的粉状...
2025-07-09 11:58:20,536 - INFO -   - 性味归经: 
2025-07-09 11:58:20,536 - INFO -   - 药性: 
2025-07-09 11:58:20,536 - INFO -   - 药味: 
2025-07-09 11:58:20,536 - INFO -   - 归经: 无
2025-07-09 11:58:20,536 - INFO -   - 功效: 解毒，止血。
2025-07-09 11:58:20,537 - INFO -   - 功效列表: 2 条
2025-07-09 11:58:20,537 - INFO -   - 临床应用: 2 条
2025-07-09 11:58:20,537 - INFO -   - 处方用名: 生石灰（用以腐蚀赘疣、黑痔）。熟石灰、陈石灰（用于烫伤）。
2025-07-09 11:58:20,537 - INFO -   - 用法用量: 外用适量，不作内服。
2025-07-09 11:58:20,537 - INFO -   - 按语: 0 条
2025-07-09 11:58:20,537 - INFO -   - 方剂举例: 1 条
2025-07-09 11:58:20,537 - INFO -   - 文献摘录: 2 条
2025-07-09 11:58:20,537 - INFO -   - 附药: 0 条
2025-07-09 11:58:20,537 - INFO -   - 图片: 0 张
2025-07-09 11:58:20,537 - INFO - 成功添加药材: 石灰
2025-07-09 11:58:22,539 - INFO - 正在处理 [446/464] 轻粉 (其它药)
2025-07-09 11:58:22,540 - INFO - 正在解析药材详情: 轻粉, URL: https://www.zysj.com.cn/lilunshuji/zhongyaoxue/1912.html
2025-07-09 11:58:24,935 - INFO - 成功解析药材: 轻粉 (其它药)
2025-07-09 11:58:24,936 - INFO -   - 拼音: 
2025-07-09 11:58:24,936 - INFO -   - 药用部位: 本品为由水银与其它物质加工制成的粉末。
【性味】辛，寒。有毒...
2025-07-09 11:58:24,936 - INFO -   - 性味归经: 
2025-07-09 11:58:24,936 - INFO -   - 药性: 
2025-07-09 11:58:24,936 - INFO -   - 药味: 
2025-07-09 11:58:24,936 - INFO -   - 归经: 无
2025-07-09 11:58:24,936 - INFO -   - 功效: 杀虫，逐水。
2025-07-09 11:58:24,936 - INFO -   - 功效列表: 2 条
2025-07-09 11:58:24,936 - INFO -   - 临床应用: 4 条
2025-07-09 11:58:24,936 - INFO -   - 处方用名: 轻粉、汞粉、腻粉（研细应用）。
2025-07-09 11:58:24,936 - INFO -   - 用法用量: 外用适量。内服每次一厘至二厘。宜入丸剂，不入汤剂，且不能过量，也不能持续服用，以防汞中毒。孕妇忌用。
2025-07-09 11:58:24,936 - INFO -   - 按语: 0 条
2025-07-09 11:58:24,936 - INFO -   - 方剂举例: 1 条
2025-07-09 11:58:24,936 - INFO -   - 文献摘录: 2 条
2025-07-09 11:58:24,936 - INFO -   - 附药: 0 条
2025-07-09 11:58:24,936 - INFO -   - 图片: 0 张
2025-07-09 11:58:24,936 - INFO - 成功添加药材: 轻粉
2025-07-09 11:58:24,953 - INFO - 数据已保存到 zysj_herbal_data.json，当前共 445 条记录
2025-07-09 11:58:26,963 - INFO - 正在处理 [447/464] 大风子 (其它药)
2025-07-09 11:58:26,963 - INFO - 正在解析药材详情: 大风子, URL: https://www.zysj.com.cn/lilunshuji/zhongyaoxue/1913.html
2025-07-09 11:58:29,330 - INFO - 成功解析药材: 大风子 (其它药)
2025-07-09 11:58:29,330 - INFO -   - 拼音: 
2025-07-09 11:58:29,330 - INFO -   - 药用部位: 
2025-07-09 11:58:29,330 - INFO -   - 性味归经: 
2025-07-09 11:58:29,330 - INFO -   - 药性: 
2025-07-09 11:58:29,330 - INFO -   - 药味: 
2025-07-09 11:58:29,330 - INFO -   - 归经: 无
2025-07-09 11:58:29,330 - INFO -   - 功效: 珐风，杀虫。
2025-07-09 11:58:29,330 - INFO -   - 功效列表: 2 条
2025-07-09 11:58:29,330 - INFO -   - 临床应用: 2 条
2025-07-09 11:58:29,330 - INFO -   - 处方用名: 大风子、大枫子（打碎用）。
2025-07-09 11:58:29,330 - INFO -   - 用法用量: 内服一次量一分至三分。外用适量。
2025-07-09 11:58:29,330 - INFO -   - 按语: 0 条
2025-07-09 11:58:29,330 - INFO -   - 方剂举例: 1 条
2025-07-09 11:58:29,330 - INFO -   - 文献摘录: 1 条
2025-07-09 11:58:29,330 - INFO -   - 附药: 0 条
2025-07-09 11:58:29,330 - INFO -   - 图片: 0 张
2025-07-09 11:58:29,330 - INFO - 成功添加药材: 大风子
2025-07-09 11:58:31,341 - INFO - 正在处理 [448/464] 蜂房 (其它药)
2025-07-09 11:58:31,342 - INFO - 正在解析药材详情: 蜂房, URL: https://www.zysj.com.cn/lilunshuji/zhongyaoxue/1914.html
2025-07-09 11:58:33,729 - INFO - 成功解析药材: 蜂房 (其它药)
2025-07-09 11:58:33,729 - INFO -   - 拼音: 
2025-07-09 11:58:33,729 - INFO -   - 药用部位: 本品为胡蜂科昆虫大黄蜂等所造的巢。
2025-07-09 11:58:33,729 - INFO -   - 性味归经: 甘，平。有毒。入胃经。
2025-07-09 11:58:33,729 - INFO -   - 药性: 平
2025-07-09 11:58:33,729 - INFO -   - 药味: 甘
2025-07-09 11:58:33,729 - INFO -   - 归经: 胃经
2025-07-09 11:58:33,729 - INFO -   - 功效: 袪风攻毒，散肿止痛。
2025-07-09 11:58:33,729 - INFO -   - 功效列表: 2 条
2025-07-09 11:58:33,729 - INFO -   - 临床应用: 2 条
2025-07-09 11:58:33,729 - INFO -   - 处方用名: 露蜂房、蜂房（炙用）。
2025-07-09 11:58:33,729 - INFO -   - 用法用量: 一钱至三钱，煎服。
2025-07-09 11:58:33,729 - INFO -   - 按语: 0 条
2025-07-09 11:58:33,729 - INFO -   - 方剂举例: 1 条
2025-07-09 11:58:33,729 - INFO -   - 文献摘录: 2 条
2025-07-09 11:58:33,729 - INFO -   - 附药: 0 条
2025-07-09 11:58:33,729 - INFO -   - 图片: 0 张
2025-07-09 11:58:33,729 - INFO - 成功添加药材: 蜂房
2025-07-09 11:58:35,737 - INFO - 正在处理 [449/464] 绿矾 (其它药)
2025-07-09 11:58:35,738 - INFO - 正在解析药材详情: 绿矾, URL: https://www.zysj.com.cn/lilunshuji/zhongyaoxue/1916.html
2025-07-09 11:58:38,149 - INFO - 成功解析药材: 绿矾 (其它药)
2025-07-09 11:58:38,150 - INFO -   - 拼音: 
2025-07-09 11:58:38,150 - INFO -   - 药用部位: 本品为含硫酸亚铁的矿石，或化学制品。
2025-07-09 11:58:38,150 - INFO -   - 性味归经: 酸，寒。入肝、脾经。
2025-07-09 11:58:38,150 - INFO -   - 药性: 寒
2025-07-09 11:58:38,150 - INFO -   - 药味: 酸
2025-07-09 11:58:38,150 - INFO -   - 归经: 肝经, 脾经
2025-07-09 11:58:38,150 - INFO -   - 功效: 燥湿，杀虫，补血。
2025-07-09 11:58:38,150 - INFO -   - 功效列表: 3 条
2025-07-09 11:58:38,150 - INFO -   - 临床应用: 4 条
2025-07-09 11:58:38,150 - INFO -   - 处方用名: 绿矾、青矾、皂矾、绛矾（成绛色）。
2025-07-09 11:58:38,150 - INFO -   - 用法用量: 三厘至一分，和丸内服。外用适量。
2025-07-09 11:58:38,150 - INFO -   - 按语: 0 条
2025-07-09 11:58:38,150 - INFO -   - 方剂举例: 1 条
2025-07-09 11:58:38,150 - INFO -   - 文献摘录: 3 条
2025-07-09 11:58:38,150 - INFO -   - 附药: 0 条
2025-07-09 11:58:38,150 - INFO -   - 图片: 0 张
2025-07-09 11:58:38,150 - INFO - 成功添加药材: 绿矾
2025-07-09 11:58:40,154 - INFO - 正在处理 [450/464] 樟脑 (其它药)
2025-07-09 11:58:40,155 - INFO - 正在解析药材详情: 樟脑, URL: https://www.zysj.com.cn/lilunshuji/zhongyaoxue/1917.html
2025-07-09 11:58:42,539 - INFO - 成功解析药材: 樟脑 (其它药)
2025-07-09 11:58:42,539 - INFO -   - 拼音: 
2025-07-09 11:58:42,539 - INFO -   - 药用部位: 
2025-07-09 11:58:42,539 - INFO -   - 性味归经: 辛，热。有毒。入心经。
2025-07-09 11:58:42,539 - INFO -   - 药性: 热
2025-07-09 11:58:42,539 - INFO -   - 药味: 辛
2025-07-09 11:58:42,539 - INFO -   - 归经: 心经
2025-07-09 11:58:42,539 - INFO -   - 功效: 外用除湿杀虫，散肿止痛。内服开窍辟秽。
2025-07-09 11:58:42,539 - INFO -   - 功效列表: 3 条
2025-07-09 11:58:42,539 - INFO -   - 临床应用: 4 条
2025-07-09 11:58:42,539 - INFO -   - 处方用名: 樟脑
2025-07-09 11:58:42,539 - INFO -   - 用法用量: 内服一分至二分，须与其它药配合制成丸剂用（不入煎剂）。外用适量。
2025-07-09 11:58:42,539 - INFO -   - 按语: 0 条
2025-07-09 11:58:42,539 - INFO -   - 方剂举例: 1 条
2025-07-09 11:58:42,539 - INFO -   - 文献摘录: 1 条
2025-07-09 11:58:42,539 - INFO -   - 附药: 0 条
2025-07-09 11:58:42,539 - INFO -   - 图片: 0 张
2025-07-09 11:58:42,539 - INFO - 成功添加药材: 樟脑
2025-07-09 11:58:44,545 - INFO - 正在处理 [451/464] 硫黄 (其它药)
2025-07-09 11:58:44,546 - INFO - 正在解析药材详情: 硫黄, URL: https://www.zysj.com.cn/lilunshuji/zhongyaoxue/1918.html
2025-07-09 11:58:46,920 - INFO - 成功解析药材: 硫黄 (其它药)
2025-07-09 11:58:46,920 - INFO -   - 拼音: 
2025-07-09 11:58:46,920 - INFO -   - 药用部位: 本品为天然硫黄矿或含硫矿物的提炼品。
2025-07-09 11:58:46,920 - INFO -   - 性味归经: 酸，温。有毒。入肾、大肠经。
2025-07-09 11:58:46,920 - INFO -   - 药性: 温
2025-07-09 11:58:46,920 - INFO -   - 药味: 酸
2025-07-09 11:58:46,920 - INFO -   - 归经: 肾经, 大肠经
2025-07-09 11:58:46,920 - INFO -   - 功效: 杀虫，补火助阳。
2025-07-09 11:58:46,920 - INFO -   - 功效列表: 2 条
2025-07-09 11:58:46,920 - INFO -   - 临床应用: 5 条
2025-07-09 11:58:46,920 - INFO -   - 处方用名: 硫黄（与豆腐同煮后用）。
2025-07-09 11:58:46,920 - INFO -   - 用法用量: 一日量三分至八分，入丸、散。外用适量。
2025-07-09 11:58:46,920 - INFO -   - 按语: 0 条
2025-07-09 11:58:46,920 - INFO -   - 方剂举例: 1 条
2025-07-09 11:58:46,920 - INFO -   - 文献摘录: 3 条
2025-07-09 11:58:46,920 - INFO -   - 附药: 0 条
2025-07-09 11:58:46,921 - INFO -   - 图片: 0 张
2025-07-09 11:58:46,921 - INFO - 成功添加药材: 硫黄
2025-07-09 11:58:46,937 - INFO - 数据已保存到 zysj_herbal_data.json，当前共 450 条记录
2025-07-09 11:58:48,938 - INFO - 正在处理 [452/464] 炉甘石 (其它药)
2025-07-09 11:58:48,939 - INFO - 正在解析药材详情: 炉甘石, URL: https://www.zysj.com.cn/lilunshuji/zhongyaoxue/1919.html
2025-07-09 11:58:51,338 - INFO - 成功解析药材: 炉甘石 (其它药)
2025-07-09 11:58:51,338 - INFO -   - 拼音: 
2025-07-09 11:58:51,339 - INFO -   - 药用部位: 本品为天然产的菱锌矿。
【性味】甘，平。
2025-07-09 11:58:51,339 - INFO -   - 性味归经: 
2025-07-09 11:58:51,339 - INFO -   - 药性: 
2025-07-09 11:58:51,339 - INFO -   - 药味: 
2025-07-09 11:58:51,339 - INFO -   - 归经: 无
2025-07-09 11:58:51,339 - INFO -   - 功效: 明目去翳，收湿敛疮。
2025-07-09 11:58:51,339 - INFO -   - 功效列表: 2 条
2025-07-09 11:58:51,339 - INFO -   - 临床应用: 4 条
2025-07-09 11:58:51,339 - INFO -   - 处方用名: 炉甘石、飞甘石（，淬黄连等汁后，水飞用）。
2025-07-09 11:58:51,339 - INFO -   - 用法用量: 外用适量，不作内服。
2025-07-09 11:58:51,339 - INFO -   - 按语: 0 条
2025-07-09 11:58:51,339 - INFO -   - 方剂举例: 1 条
2025-07-09 11:58:51,339 - INFO -   - 文献摘录: 1 条
2025-07-09 11:58:51,339 - INFO -   - 附药: 0 条
2025-07-09 11:58:51,339 - INFO -   - 图片: 0 张
2025-07-09 11:58:51,339 - INFO - 成功添加药材: 炉甘石
2025-07-09 11:58:53,346 - INFO - 正在处理 [453/464] 孩儿茶 (其它药)
2025-07-09 11:58:53,346 - INFO - 正在解析药材详情: 孩儿茶, URL: https://www.zysj.com.cn/lilunshuji/zhongyaoxue/1920.html
2025-07-09 11:58:55,783 - INFO - 成功解析药材: 孩儿茶 (其它药)
2025-07-09 11:58:55,783 - INFO -   - 拼音: 
2025-07-09 11:58:55,783 - INFO -   - 药用部位: 本品为豆科植物儿茶树的枝干加水煎汁浓缩而成的干浸膏。
2025-07-09 11:58:55,783 - INFO -   - 性味归经: 苦、涩，平。入肺经。
2025-07-09 11:58:55,783 - INFO -   - 药性: 平
2025-07-09 11:58:55,783 - INFO -   - 药味: 苦、涩
2025-07-09 11:58:55,783 - INFO -   - 归经: 肺经
2025-07-09 11:58:55,783 - INFO -   - 功效: 收湿、敛疮、止血。
2025-07-09 11:58:55,783 - INFO -   - 功效列表: 3 条
2025-07-09 11:58:55,783 - INFO -   - 临床应用: 3 条
2025-07-09 11:58:55,783 - INFO -   - 处方用名: 孩儿茶、铁儿茶、珠儿茶、儿茶
2025-07-09 11:58:55,783 - INFO -   - 用法用量: 五分至一钱，包煎。或微炒研粉入丸散吞服，每服一分至三分。外用适量。
2025-07-09 11:58:55,783 - INFO -   - 按语: 0 条
2025-07-09 11:58:55,783 - INFO -   - 方剂举例: 1 条
2025-07-09 11:58:55,783 - INFO -   - 文献摘录: 2 条
2025-07-09 11:58:55,783 - INFO -   - 附药: 0 条
2025-07-09 11:58:55,783 - INFO -   - 图片: 0 张
2025-07-09 11:58:55,783 - INFO - 成功添加药材: 孩儿茶
2025-07-09 11:58:57,787 - INFO - 正在处理 [454/464] 血竭 (其它药)
2025-07-09 11:58:57,788 - INFO - 正在解析药材详情: 血竭, URL: https://www.zysj.com.cn/lilunshuji/zhongyaoxue/1921.html
2025-07-09 11:59:00,160 - INFO - 成功解析药材: 血竭 (其它药)
2025-07-09 11:59:00,160 - INFO -   - 拼音: 
2025-07-09 11:59:00,160 - INFO -   - 药用部位: 本品为棕搁科植物麒麟竭及其同属植物的果实和树干渗出的树脂。
2025-07-09 11:59:00,160 - INFO -   - 性味归经: 甘、咸，平。入心胞、肝经。
2025-07-09 11:59:00,160 - INFO -   - 药性: 平
2025-07-09 11:59:00,161 - INFO -   - 药味: 甘、咸
2025-07-09 11:59:00,161 - INFO -   - 归经: 心胞经, 肝经
2025-07-09 11:59:00,161 - INFO -   - 功效: 行瘀，止血，止痛，敛疮生肌。
2025-07-09 11:59:00,161 - INFO -   - 功效列表: 4 条
2025-07-09 11:59:00,161 - INFO -   - 临床应用: 4 条
2025-07-09 11:59:00,161 - INFO -   - 处方用名: 血竭、麒麟竭
2025-07-09 11:59:00,161 - INFO -   - 用法用量: 内服三分至五分，入丸散。外用适量。
2025-07-09 11:59:00,161 - INFO -   - 按语: 0 条
2025-07-09 11:59:00,161 - INFO -   - 方剂举例: 1 条
2025-07-09 11:59:00,161 - INFO -   - 文献摘录: 3 条
2025-07-09 11:59:00,161 - INFO -   - 附药: 0 条
2025-07-09 11:59:00,161 - INFO -   - 图片: 0 张
2025-07-09 11:59:00,161 - INFO - 成功添加药材: 血竭
2025-07-09 11:59:02,167 - INFO - 正在处理 [455/464] 象皮（附：象牙屑） (其它药)
2025-07-09 11:59:02,168 - INFO - 正在解析药材详情: 象皮（附：象牙屑）, URL: https://www.zysj.com.cn/lilunshuji/zhongyaoxue/1922.html
2025-07-09 11:59:04,529 - INFO - 成功解析药材: 象皮（附：象牙屑） (其它药)
2025-07-09 11:59:04,529 - INFO -   - 拼音: 
2025-07-09 11:59:04,529 - INFO -   - 药用部位: 本品为脊椎动物象科象的外皮。
【性味】甘、咸，寒。
2025-07-09 11:59:04,529 - INFO -   - 性味归经: 
2025-07-09 11:59:04,529 - INFO -   - 药性: 
2025-07-09 11:59:04,529 - INFO -   - 药味: 
2025-07-09 11:59:04,529 - INFO -   - 归经: 无
2025-07-09 11:59:04,529 - INFO -   - 功效: 敛疮生肌。
2025-07-09 11:59:04,529 - INFO -   - 功效列表: 1 条
2025-07-09 11:59:04,529 - INFO -   - 临床应用: 2 条
2025-07-09 11:59:04,529 - INFO -   - 处方用名: 象皮（炙用）。
2025-07-09 11:59:04,529 - INFO -   - 用法用量: 外用适量。
2025-07-09 11:59:04,529 - INFO -   - 按语: 0 条
2025-07-09 11:59:04,529 - INFO -   - 方剂举例: 1 条
2025-07-09 11:59:04,529 - INFO -   - 文献摘录: 1 条
2025-07-09 11:59:04,529 - INFO -   - 附药: 1 条
2025-07-09 11:59:04,529 - INFO -   - 图片: 0 张
2025-07-09 11:59:04,529 - INFO - 成功添加药材: 象皮（附：象牙屑）
2025-07-09 11:59:06,541 - INFO - 正在处理 [456/464] 松香 (其它药)
2025-07-09 11:59:06,542 - INFO - 正在解析药材详情: 松香, URL: https://www.zysj.com.cn/lilunshuji/zhongyaoxue/1923.html
2025-07-09 11:59:08,915 - INFO - 成功解析药材: 松香 (其它药)
2025-07-09 11:59:08,915 - INFO -   - 拼音: 
2025-07-09 11:59:08,915 - INFO -   - 药用部位: 本品为松科植物马尾松及其同属多种植物的树脂。
【性味】苦、甘...
2025-07-09 11:59:08,915 - INFO -   - 性味归经: 
2025-07-09 11:59:08,915 - INFO -   - 药性: 
2025-07-09 11:59:08,915 - INFO -   - 药味: 
2025-07-09 11:59:08,915 - INFO -   - 归经: 无
2025-07-09 11:59:08,915 - INFO -   - 功效: 生肌止痛，燥湿杀虫。
2025-07-09 11:59:08,915 - INFO -   - 功效列表: 2 条
2025-07-09 11:59:08,915 - INFO -   - 临床应用: 2 条
2025-07-09 11:59:08,915 - INFO -   - 处方用名: 松香
2025-07-09 11:59:08,915 - INFO -   - 用法用量: 外用适量。
2025-07-09 11:59:08,915 - INFO -   - 按语: 0 条
2025-07-09 11:59:08,915 - INFO -   - 方剂举例: 1 条
2025-07-09 11:59:08,915 - INFO -   - 文献摘录: 2 条
2025-07-09 11:59:08,915 - INFO -   - 附药: 0 条
2025-07-09 11:59:08,915 - INFO -   - 图片: 0 张
2025-07-09 11:59:08,915 - INFO - 成功添加药材: 松香
2025-07-09 11:59:08,932 - INFO - 数据已保存到 zysj_herbal_data.json，当前共 455 条记录
2025-07-09 11:59:10,940 - INFO - 正在处理 [457/464] 铅丹 (其它药)
2025-07-09 11:59:10,941 - INFO - 正在解析药材详情: 铅丹, URL: https://www.zysj.com.cn/lilunshuji/zhongyaoxue/1924.html
2025-07-09 11:59:13,306 - INFO - 成功解析药材: 铅丹 (其它药)
2025-07-09 11:59:13,306 - INFO -   - 拼音: 
2025-07-09 11:59:13,307 - INFO -   - 药用部位: 本品为纯铅加工而成的四氧化三铅。
2025-07-09 11:59:13,307 - INFO -   - 性味归经: 辛，微寒。有毒。入脾、肝经。
2025-07-09 11:59:13,307 - INFO -   - 药性: 微寒
2025-07-09 11:59:13,307 - INFO -   - 药味: 辛
2025-07-09 11:59:13,307 - INFO -   - 归经: 脾经, 肝经
2025-07-09 11:59:13,307 - INFO -   - 功效: 外用拔毒生肌；内服杀虫，截疟。
2025-07-09 11:59:13,307 - INFO -   - 功效列表: 3 条
2025-07-09 11:59:13,307 - INFO -   - 临床应用: 3 条
2025-07-09 11:59:13,307 - INFO -   - 处方用名: 铅丹、黄丹、广丹、东丹
2025-07-09 11:59:13,307 - INFO -   - 用法用量: 内服一分至二分，入丸散。不可过量，以防中毒。外用适量。
2025-07-09 11:59:13,307 - INFO -   - 按语: 0 条
2025-07-09 11:59:13,307 - INFO -   - 方剂举例: 0 条
2025-07-09 11:59:13,307 - INFO -   - 文献摘录: 4 条
2025-07-09 11:59:13,307 - INFO -   - 附药: 0 条
2025-07-09 11:59:13,307 - INFO -   - 图片: 0 张
2025-07-09 11:59:13,307 - INFO - 成功添加药材: 铅丹
2025-07-09 11:59:15,313 - INFO - 正在处理 [458/464] 毛茛 (其它药)
2025-07-09 11:59:15,314 - INFO - 正在解析药材详情: 毛茛, URL: https://www.zysj.com.cn/lilunshuji/zhongyaoxue/1925.html
2025-07-09 11:59:17,687 - INFO - 成功解析药材: 毛茛 (其它药)
2025-07-09 11:59:17,687 - INFO -   - 拼音: 
2025-07-09 11:59:17,687 - INFO -   - 药用部位: 
2025-07-09 11:59:17,687 - INFO -   - 性味归经: 
2025-07-09 11:59:17,688 - INFO -   - 药性: 
2025-07-09 11:59:17,688 - INFO -   - 药味: 
2025-07-09 11:59:17,688 - INFO -   - 归经: 无
2025-07-09 11:59:17,688 - INFO -   - 功效: 截疟，退黄。
2025-07-09 11:59:17,688 - INFO -   - 功效列表: 2 条
2025-07-09 11:59:17,688 - INFO -   - 临床应用: 7 条
2025-07-09 11:59:17,688 - INFO -   - 处方用名: 毛茛、老虎脚爪草（鲜草，洗净，打烂用）。
2025-07-09 11:59:17,688 - INFO -   - 用法用量: 外用适量。
2025-07-09 11:59:17,688 - INFO -   - 按语: 0 条
2025-07-09 11:59:17,688 - INFO -   - 方剂举例: 0 条
2025-07-09 11:59:17,688 - INFO -   - 文献摘录: 1 条
2025-07-09 11:59:17,688 - INFO -   - 附药: 0 条
2025-07-09 11:59:17,688 - INFO -   - 图片: 0 张
2025-07-09 11:59:17,688 - INFO - 成功添加药材: 毛茛
2025-07-09 11:59:19,696 - INFO - 正在处理 [459/464] 马钱子（附：土木鳖） (其它药)
2025-07-09 11:59:19,697 - INFO - 正在解析药材详情: 马钱子（附：土木鳖）, URL: https://www.zysj.com.cn/lilunshuji/zhongyaoxue/1926.html
2025-07-09 11:59:22,080 - INFO - 成功解析药材: 马钱子（附：土木鳖） (其它药)
2025-07-09 11:59:22,081 - INFO -   - 拼音: 
2025-07-09 11:59:22,081 - INFO -   - 药用部位: 
2025-07-09 11:59:22,081 - INFO -   - 性味归经: 苦，寒。大毒。入肝、脾经。
2025-07-09 11:59:22,081 - INFO -   - 药性: 寒
2025-07-09 11:59:22,081 - INFO -   - 药味: 苦
2025-07-09 11:59:22,081 - INFO -   - 归经: 肝经, 脾经
2025-07-09 11:59:22,081 - INFO -   - 功效: 通经络，消结肿，止疼痛。
2025-07-09 11:59:22,081 - INFO -   - 功效列表: 3 条
2025-07-09 11:59:22,081 - INFO -   - 临床应用: 5 条
2025-07-09 11:59:22,081 - INFO -   - 处方用名: 番木鳖、马钱子（水浸10天，每天换水一次，刮去毛，切片，阴干，用麻油炸成外焦黄内里深黄色后应用）。
2025-07-09 11:59:22,081 - INFO -   - 用法用量: 内服一日量为二厘至三厘。外用适量。
2025-07-09 11:59:22,081 - INFO -   - 按语: 0 条
2025-07-09 11:59:22,081 - INFO -   - 方剂举例: 1 条
2025-07-09 11:59:22,081 - INFO -   - 文献摘录: 2 条
2025-07-09 11:59:22,081 - INFO -   - 附药: 1 条
2025-07-09 11:59:22,081 - INFO -   - 图片: 0 张
2025-07-09 11:59:22,081 - INFO - 成功添加药材: 马钱子（附：土木鳖）
2025-07-09 11:59:24,095 - INFO - 正在处理 [460/464] 蒟蒻 (其它药)
2025-07-09 11:59:24,095 - INFO - 正在解析药材详情: 蒟蒻, URL: https://www.zysj.com.cn/lilunshuji/zhongyaoxue/1927.html
2025-07-09 11:59:26,493 - INFO - 成功解析药材: 蒟蒻 (其它药)
2025-07-09 11:59:26,494 - INFO -   - 拼音: 
2025-07-09 11:59:26,494 - INFO -   - 药用部位: 
2025-07-09 11:59:26,494 - INFO -   - 性味归经: 
2025-07-09 11:59:26,494 - INFO -   - 药性: 
2025-07-09 11:59:26,494 - INFO -   - 药味: 
2025-07-09 11:59:26,494 - INFO -   - 归经: 无
2025-07-09 11:59:26,494 - INFO -   - 功效: 消肿，解毒。
2025-07-09 11:59:26,494 - INFO -   - 功效列表: 2 条
2025-07-09 11:59:26,494 - INFO -   - 临床应用: 3 条
2025-07-09 11:59:26,494 - INFO -   - 处方用名: 蒟箬、魔芋、鬼蜡烛、蛇六谷（洗净，晒干，切片用）。
2025-07-09 11:59:26,494 - INFO -   - 用法用量: 三钱至八钱，煎服（本品有毒，须煎二小时以上，滤去渣，取汁服，切勿吃渣，以免中毒）。
2025-07-09 11:59:26,494 - INFO -   - 按语: 0 条
2025-07-09 11:59:26,494 - INFO -   - 方剂举例: 0 条
2025-07-09 11:59:26,494 - INFO -   - 文献摘录: 0 条
2025-07-09 11:59:26,494 - INFO -   - 附药: 0 条
2025-07-09 11:59:26,494 - INFO -   - 图片: 0 张
2025-07-09 11:59:26,494 - INFO - 成功添加药材: 蒟蒻
2025-07-09 11:59:28,494 - INFO - 正在处理 [461/464] 常山（附：甜茶） (其它药)
2025-07-09 11:59:28,495 - INFO - 正在解析药材详情: 常山（附：甜茶）, URL: https://www.zysj.com.cn/lilunshuji/zhongyaoxue/1928.html
2025-07-09 11:59:30,901 - INFO - 成功解析药材: 常山（附：甜茶） (其它药)
2025-07-09 11:59:30,901 - INFO -   - 拼音: 
2025-07-09 11:59:30,901 - INFO -   - 药用部位: 
2025-07-09 11:59:30,901 - INFO -   - 性味归经: 苦、辛，微寒。有小毒。入肺、心、肝经。
2025-07-09 11:59:30,901 - INFO -   - 药性: 微寒
2025-07-09 11:59:30,901 - INFO -   - 药味: 苦、辛
2025-07-09 11:59:30,901 - INFO -   - 归经: 肺经, 心经, 肝经
2025-07-09 11:59:30,901 - INFO -   - 功效: 截疟。
2025-07-09 11:59:30,901 - INFO -   - 功效列表: 1 条
2025-07-09 11:59:30,901 - INFO -   - 临床应用: 2 条
2025-07-09 11:59:30,901 - INFO -   - 处方用名: 常山、炒常山、鸡骨常山（用麸皮同拌炒至黄色）。
2025-07-09 11:59:30,901 - INFO -   - 用法用量: 一钱至三钱，煎服。
2025-07-09 11:59:30,901 - INFO -   - 按语: 0 条
2025-07-09 11:59:30,901 - INFO -   - 方剂举例: 1 条
2025-07-09 11:59:30,901 - INFO -   - 文献摘录: 2 条
2025-07-09 11:59:30,901 - INFO -   - 附药: 1 条
2025-07-09 11:59:30,901 - INFO -   - 图片: 0 张
2025-07-09 11:59:30,901 - INFO - 成功添加药材: 常山（附：甜茶）
2025-07-09 11:59:30,918 - INFO - 数据已保存到 zysj_herbal_data.json，当前共 460 条记录
2025-07-09 11:59:32,920 - INFO - 正在处理 [462/464] 瓜蒂 (其它药)
2025-07-09 11:59:32,921 - INFO - 正在解析药材详情: 瓜蒂, URL: https://www.zysj.com.cn/lilunshuji/zhongyaoxue/1929.html
2025-07-09 11:59:35,269 - INFO - 成功解析药材: 瓜蒂 (其它药)
2025-07-09 11:59:35,269 - INFO -   - 拼音: 
2025-07-09 11:59:35,269 - INFO -   - 药用部位: 
2025-07-09 11:59:35,269 - INFO -   - 性味归经: 苦，寒。有小毒。入胃经。
2025-07-09 11:59:35,269 - INFO -   - 药性: 寒
2025-07-09 11:59:35,269 - INFO -   - 药味: 苦
2025-07-09 11:59:35,269 - INFO -   - 归经: 胃经
2025-07-09 11:59:35,269 - INFO -   - 功效: 涌吐痰食。
2025-07-09 11:59:35,269 - INFO -   - 功效列表: 1 条
2025-07-09 11:59:35,269 - INFO -   - 临床应用: 3 条
2025-07-09 11:59:35,269 - INFO -   - 处方用名: 瓜蒂、苦丁香（洗净，晒干用）。
2025-07-09 11:59:35,269 - INFO -   - 用法用量: 一分至三分，宜作散剂。本品有毒，用量不可过大。
2025-07-09 11:59:35,269 - INFO -   - 按语: 0 条
2025-07-09 11:59:35,269 - INFO -   - 方剂举例: 1 条
2025-07-09 11:59:35,269 - INFO -   - 文献摘录: 4 条
2025-07-09 11:59:35,269 - INFO -   - 附药: 0 条
2025-07-09 11:59:35,269 - INFO -   - 图片: 0 张
2025-07-09 11:59:35,269 - INFO - 成功添加药材: 瓜蒂
2025-07-09 11:59:37,273 - INFO - 正在处理 [463/464] 藜芦 (其它药)
2025-07-09 11:59:37,274 - INFO - 正在解析药材详情: 藜芦, URL: https://www.zysj.com.cn/lilunshuji/zhongyaoxue/1930.html
2025-07-09 11:59:39,649 - INFO - 成功解析药材: 藜芦 (其它药)
2025-07-09 11:59:39,649 - INFO -   - 拼音: 
2025-07-09 11:59:39,649 - INFO -   - 药用部位: 
2025-07-09 11:59:39,649 - INFO -   - 性味归经: 苦、辛，寒。有毒。入肝、肺、胃经。
2025-07-09 11:59:39,649 - INFO -   - 药性: 寒
2025-07-09 11:59:39,649 - INFO -   - 药味: 苦、辛
2025-07-09 11:59:39,649 - INFO -   - 归经: 肝经, 肺经, 胃经
2025-07-09 11:59:39,649 - INFO -   - 功效: 吐风痰，杀虫。
2025-07-09 11:59:39,649 - INFO -   - 功效列表: 2 条
2025-07-09 11:59:39,649 - INFO -   - 临床应用: 4 条
2025-07-09 11:59:39,649 - INFO -   - 处方用名: 藜芦（洗净，晒干，切片用）。
2025-07-09 11:59:39,649 - INFO -   - 用法用量: 一分至三分，宜作散剂。外用适量。有毒，用量不可过大。
2025-07-09 11:59:39,649 - INFO -   - 按语: 0 条
2025-07-09 11:59:39,649 - INFO -   - 方剂举例: 1 条
2025-07-09 11:59:39,649 - INFO -   - 文献摘录: 3 条
2025-07-09 11:59:39,650 - INFO -   - 附药: 0 条
2025-07-09 11:59:39,650 - INFO -   - 图片: 0 张
2025-07-09 11:59:39,650 - INFO - 成功添加药材: 藜芦
2025-07-09 11:59:41,654 - INFO - 正在处理 [464/464] 辣蓼 (其它药)
2025-07-09 11:59:41,655 - INFO - 正在解析药材详情: 辣蓼, URL: https://www.zysj.com.cn/lilunshuji/zhongyaoxue/1931.html
2025-07-09 11:59:44,031 - INFO - 成功解析药材: 辣蓼 (其它药)
2025-07-09 11:59:44,031 - INFO -   - 拼音: 
2025-07-09 11:59:44,031 - INFO -   - 药用部位: 
2025-07-09 11:59:44,031 - INFO -   - 性味归经: 
2025-07-09 11:59:44,031 - INFO -   - 药性: 
2025-07-09 11:59:44,031 - INFO -   - 药味: 
2025-07-09 11:59:44,031 - INFO -   - 归经: 无
2025-07-09 11:59:44,031 - INFO -   - 功效: 温中化湿。
2025-07-09 11:59:44,031 - INFO -   - 功效列表: 1 条
2025-07-09 11:59:44,031 - INFO -   - 临床应用: 3 条
2025-07-09 11:59:44,031 - INFO -   - 处方用名: 辣蓼、辣蓼草（洗净，晒干，切碎用）。
2025-07-09 11:59:44,031 - INFO -   - 用法用量: 五钱至一两，煎服。外用适量。
2025-07-09 11:59:44,031 - INFO -   - 按语: 0 条
2025-07-09 11:59:44,031 - INFO -   - 方剂举例: 0 条
2025-07-09 11:59:44,031 - INFO -   - 文献摘录: 0 条
2025-07-09 11:59:44,031 - INFO -   - 附药: 0 条
2025-07-09 11:59:44,031 - INFO -   - 图片: 0 张
2025-07-09 11:59:44,031 - INFO - 成功添加药材: 辣蓼
2025-07-09 11:59:46,061 - INFO - 数据已保存到 zysj_herbal_data.json，当前共 463 条记录
2025-07-09 11:59:46,062 - INFO - 失败药材信息已保存到 failed_herbs.json，共 1 条记录
2025-07-09 11:59:46,062 - INFO - 爬取完成，共成功爬取 463 个药材，失败 1 个，总共 464 个
